Month,hurs,pr,rx5day,r20mm,rx1day,hd35,tasmin,cdd
1950-01,82.82,211.84,81.05,2.0,28.71,0.05,21.53,4.43
1950-02,86.96,274.25,94.92,3.13,37.75,0.0,21.53,1.75
1950-03,87.11,255.96,83.27,2.11,29.81,0.0,21.75,1.42
1950-04,88.42,295.23,94.1,2.86,34.36,0.0,21.82,0.96
1950-05,87.75,198.94,69.23,1.01,25.23,0.0,21.82,2.36
1950-06,87.6,208.07,67.07,1.31,26.77,0.0,21.57,2.3
1950-07,86.65,210.3,62.36,1.29,23.14,0.0,20.86,2.82
1950-08,86.91,273.14,88.27,2.51,30.85,0.01,20.95,3.42
1950-09,86.08,246.26,81.06,2.14,29.13,0.1,21.28,3.23
1950-10,86.65,244.11,79.47,1.93,28.87,0.04,21.37,2.71
1950-11,88.27,279.92,83.89,2.37,30.24,0.0,21.44,1.0
1950-12,87.44,249.22,78.72,2.12,29.51,0.0,21.37,1.55
1951-01,87.41,252.69,78.28,2.12,28.29,0.0,21.16,1.73
1951-02,87.78,275.31,88.13,2.81,30.04,0.0,21.32,1.03
1951-03,86.33,231.31,75.81,2.19,29.45,0.0,21.45,2.23
1951-04,87.18,220.91,72.47,1.6,26.88,0.0,21.72,2.0
1951-05,85.67,144.72,48.95,0.58,17.38,0.0,21.81,3.23
1951-06,86.21,153.71,54.51,0.76,20.68,0.0,21.52,3.25
1951-07,85.64,174.5,59.48,1.12,21.78,0.0,21.0,4.69
1951-08,82.37,127.2,46.83,0.72,17.81,0.01,21.22,6.79
1951-09,82.22,168.61,63.51,1.38,26.39,0.13,21.48,6.53
1951-10,81.12,161.12,58.68,1.21,24.2,0.57,21.64,7.37
1951-11,84.99,230.02,80.09,1.78,31.05,0.33,22.04,3.05
1951-12,87.98,272.74,82.41,2.2,29.6,0.0,21.81,1.33
1952-01,87.64,309.6,113.66,3.8,40.54,0.0,21.85,2.48
1952-02,88.21,310.64,106.41,4.04,40.34,0.0,21.92,1.66
1952-03,88.85,330.39,97.63,3.44,36.41,0.0,21.85,0.88
1952-04,87.57,229.16,80.1,1.8,27.89,0.0,21.88,2.17
1952-05,87.92,209.71,63.81,1.1,24.45,0.0,22.17,1.84
1952-06,85.55,152.68,51.43,0.79,20.47,0.0,21.58,4.85
1952-07,84.67,172.8,58.66,1.15,22.22,0.0,21.18,5.11
1952-08,83.79,173.49,60.56,1.17,23.41,0.01,21.22,5.55
1952-09,83.78,201.36,68.8,1.71,28.47,0.06,21.28,4.73
1952-10,85.15,242.41,84.17,2.17,29.75,0.1,21.79,3.73
1952-11,87.66,283.38,86.46,2.4,34.42,0.01,21.7,1.16
1952-12,86.95,210.81,74.42,1.31,27.31,0.0,21.59,1.58
1953-01,86.93,240.56,80.1,1.92,32.43,0.0,21.55,1.3
1953-02,86.78,209.26,74.83,1.56,28.31,0.0,21.45,1.43
1953-03,87.54,264.04,82.01,2.12,32.63,0.0,21.74,1.28
1953-04,87.66,218.37,71.22,1.4,24.95,0.0,22.03,1.64
1953-05,87.76,225.45,69.37,1.19,26.32,0.0,21.9,2.63
1953-06,86.59,162.71,53.92,0.82,20.33,0.0,21.86,4.19
1953-07,86.16,197.52,59.96,1.2,22.14,0.0,21.12,4.06
1953-08,82.57,128.44,48.57,0.85,20.36,0.01,21.24,7.38
1953-09,81.59,182.21,65.19,1.51,24.75,0.16,21.31,6.34
1953-10,83.7,229.76,72.9,1.96,29.6,0.36,21.77,4.17
1953-11,86.59,253.85,79.53,2.04,31.5,0.06,21.97,1.88
1953-12,87.17,266.17,86.96,2.13,34.66,0.0,21.74,1.45
1954-01,88.41,329.36,94.62,3.21,34.23,0.0,21.67,0.77
1954-02,88.14,294.75,95.91,3.11,34.46,0.0,21.51,0.93
1954-03,87.78,278.46,86.47,2.39,31.26,0.0,21.69,1.48
1954-04,89.7,338.87,96.93,3.49,35.09,0.0,22.0,0.49
1954-05,88.68,262.61,77.49,1.77,29.47,0.0,21.92,1.08
1954-06,88.05,252.92,76.99,2.06,28.6,0.0,21.56,2.09
1954-07,87.78,257.44,78.61,2.24,29.42,0.0,21.05,2.6
1954-08,86.76,250.13,77.24,2.02,29.53,0.0,21.15,2.51
1954-09,85.65,245.47,81.24,2.36,33.41,0.01,21.14,3.62
1954-10,87.31,305.25,87.95,2.94,30.99,0.02,21.22,2.37
1954-11,87.83,301.07,93.55,3.08,33.64,0.01,21.33,1.34
1954-12,88.37,325.29,110.91,3.65,41.03,0.0,21.45,1.4
1955-01,88.61,338.49,99.03,3.55,36.23,0.0,21.18,0.76
1955-02,88.16,302.8,100.99,3.76,35.93,0.0,21.65,1.46
1955-03,87.31,271.35,82.74,2.2,29.34,0.0,21.49,1.61
1955-04,88.95,313.01,92.98,3.08,33.81,0.0,21.59,1.0
1955-05,88.62,279.57,85.1,2.31,31.3,0.0,21.96,2.16
1955-06,87.93,240.42,77.04,1.81,28.99,0.0,21.41,3.0
1955-07,88.01,255.63,73.45,1.87,25.74,0.0,21.01,2.05
1955-08,87.27,254.29,74.42,2.15,28.76,0.0,21.01,2.16
1955-09,86.5,261.34,84.5,2.42,32.33,0.02,21.31,2.4
1955-10,86.14,288.54,96.37,2.99,33.38,0.09,21.61,3.99
1955-11,88.24,326.22,111.89,3.58,39.5,0.0,21.66,1.26
1955-12,88.77,315.16,97.55,3.14,33.73,0.0,21.21,1.29
1956-01,88.33,311.88,97.36,3.17,35.09,0.0,21.19,1.41
1956-02,86.97,248.32,80.35,2.02,29.21,0.0,21.36,1.52
1956-03,87.01,256.85,81.62,1.93,27.68,0.0,21.51,1.88
1956-04,88.09,265.78,85.78,2.18,31.48,0.0,21.78,1.23
1956-05,88.77,263.37,78.07,1.92,27.86,0.0,21.69,1.3
1956-06,87.61,216.07,80.82,1.73,30.0,0.0,21.15,2.95
1956-07,86.37,189.6,66.06,1.21,23.87,0.0,20.84,4.53
1956-08,87.39,263.66,82.97,2.33,30.25,0.0,20.97,2.68
1956-09,86.12,271.89,86.46,2.98,33.8,0.01,20.9,3.62
1956-10,87.43,315.03,88.41,3.3,34.62,0.05,21.42,2.08
1956-11,87.34,284.67,101.83,2.82,37.8,0.02,21.56,2.58
1956-12,88.6,323.87,105.05,3.35,36.72,0.0,21.45,1.19
1957-01,87.29,273.61,94.24,2.63,35.05,0.0,21.35,2.58
1957-02,86.62,234.23,81.1,2.13,29.11,0.0,21.38,1.97
1957-03,88.75,340.59,98.84,3.6,35.81,0.0,21.67,0.87
1957-04,88.75,275.44,88.5,2.45,31.03,0.0,21.79,1.47
1957-05,88.36,245.38,78.46,1.75,27.59,0.0,21.95,1.7
1957-06,86.07,176.27,67.73,1.26,24.47,0.0,21.66,5.41
1957-07,87.23,250.4,87.48,2.29,32.53,0.0,21.39,3.51
1957-08,84.01,174.3,78.34,1.55,27.96,0.0,21.04,6.6
1957-09,81.25,193.76,69.29,1.95,28.04,0.16,21.29,6.96
1957-10,81.34,192.61,71.98,1.71,27.53,0.42,21.42,7.61
1957-11,84.99,244.42,79.82,2.03,28.97,0.21,21.8,2.89
1957-12,88.78,384.35,105.6,4.52,37.17,0.0,21.9,0.47
1958-01,86.4,250.26,89.17,2.01,30.43,0.01,21.82,1.87
1958-02,86.85,263.14,95.45,2.71,37.57,0.0,21.87,2.33
1958-03,88.6,342.81,98.59,3.82,35.44,0.0,21.94,1.46
1958-04,87.75,249.6,77.35,1.65,28.05,0.0,22.19,1.97
1958-05,88.15,244.53,77.68,1.64,28.28,0.0,22.34,3.16
1958-06,85.96,180.05,70.74,1.19,24.21,0.0,21.91,4.62
1958-07,83.82,143.3,61.38,0.96,24.39,0.07,21.42,5.69
1958-08,87.15,279.09,83.99,2.66,30.78,0.0,21.44,1.99
1958-09,84.97,225.17,81.48,2.16,30.24,0.1,21.48,3.6
1958-10,86.79,293.36,98.08,3.38,36.37,0.04,21.75,3.01
1958-11,87.51,298.51,100.33,3.28,36.01,0.03,21.81,2.64
1958-12,89.08,347.94,99.22,3.68,35.19,0.0,21.7,1.0
1959-01,86.4,245.39,84.93,1.98,28.74,0.0,21.65,1.98
1959-02,86.08,250.53,92.58,2.46,33.58,0.0,21.56,2.24
1959-03,87.32,317.92,106.75,3.65,38.12,0.0,21.78,1.9
1959-04,88.15,305.54,94.7,2.92,34.0,0.0,21.83,1.23
1959-05,88.66,298.98,87.15,2.46,32.73,0.0,22.04,1.1
1959-06,87.77,249.21,80.38,1.88,29.35,0.0,21.64,2.37
1959-07,84.84,161.08,62.25,1.14,22.75,0.0,21.08,4.92
1959-08,82.49,166.08,59.72,1.37,21.75,0.02,20.93,7.02
1959-09,83.39,217.75,72.44,2.03,29.63,0.2,21.29,4.32
1959-10,83.45,243.66,82.01,2.18,34.09,0.38,21.59,3.74
1959-11,86.09,261.1,83.38,2.14,29.76,0.18,21.77,1.58
1959-12,87.22,294.86,97.85,2.85,33.47,0.0,21.78,1.81
1960-01,87.77,318.52,97.67,3.46,35.74,0.0,21.59,1.41
1960-02,86.85,265.6,86.19,2.57,30.79,0.0,21.61,1.89
1960-03,86.92,272.74,87.44,2.26,31.0,0.0,21.55,1.4
1960-04,88.17,288.98,86.07,2.31,33.11,0.0,21.88,1.26
1960-05,87.88,279.34,84.56,2.53,30.16,0.02,22.0,2.27
1960-06,85.37,172.39,59.53,1.26,23.75,0.04,21.42,4.14
1960-07,86.48,233.98,74.8,1.82,26.21,0.02,21.33,3.29
1960-08,84.37,182.65,65.65,1.28,24.47,0.16,21.5,4.35
1960-09,85.7,276.93,84.81,2.74,32.66,0.1,21.45,2.51
1960-10,82.99,206.89,74.34,1.77,28.18,0.38,21.63,5.64
1960-11,87.59,326.25,92.3,3.21,33.66,0.02,21.71,0.9
1960-12,87.59,318.83,97.79,3.14,36.42,0.0,21.73,1.05
1961-01,86.62,284.61,97.02,2.88,35.69,0.0,21.53,2.61
1961-02,86.89,283.03,102.01,3.29,37.0,0.0,21.69,2.4
1961-03,86.82,263.15,82.88,2.13,29.05,0.0,21.71,2.02
1961-04,87.97,295.44,86.84,2.51,32.17,0.0,22.02,0.62
1961-05,86.84,226.2,82.34,1.7,30.28,0.01,22.03,3.04
1961-06,85.13,183.67,70.26,1.38,25.55,0.02,21.27,5.0
1961-07,82.38,153.79,64.23,1.27,23.16,0.05,20.83,6.73
1961-08,80.3,125.96,55.85,0.96,19.25,0.1,20.91,9.4
1961-09,80.21,173.05,57.32,1.44,25.66,0.32,20.94,7.43
1961-10,79.92,168.04,61.85,1.37,23.69,0.84,21.33,6.34
1961-11,85.54,231.72,70.45,1.5,25.42,0.06,21.53,1.77
1961-12,87.32,292.68,86.4,2.36,31.35,0.01,21.7,0.92
1962-01,87.74,325.77,99.67,3.45,36.17,0.0,21.73,1.32
1962-02,86.65,232.97,80.41,1.97,29.73,0.0,21.56,1.93
1962-03,88.2,358.93,103.92,3.86,39.97,0.0,21.55,0.97
1962-04,87.78,278.19,102.42,2.58,35.16,0.0,21.76,1.29
1962-05,86.8,209.68,71.38,1.37,27.42,0.01,22.02,3.0
1962-06,86.17,200.81,66.21,1.22,24.55,0.0,21.34,2.56
1962-07,83.66,143.89,66.87,1.09,23.4,0.07,21.27,6.33
1962-08,84.86,220.25,69.19,1.73,26.56,0.02,21.04,5.55
1962-09,83.3,208.14,72.19,1.96,27.88,0.14,21.24,5.14
1962-10,85.48,285.31,89.71,2.92,33.86,0.15,21.78,3.62
1962-11,86.28,250.57,89.66,2.06,29.67,0.03,21.69,1.68
1962-12,87.6,299.7,94.56,2.86,33.65,0.0,21.62,1.03
1963-01,87.1,284.8,87.82,2.72,33.77,0.0,21.35,1.63
1963-02,87.46,291.76,89.47,3.24,33.68,0.0,21.17,1.2
1963-03,87.85,333.16,97.1,3.78,35.23,0.0,21.59,1.28
1963-04,86.96,240.74,77.31,1.84,29.5,0.0,21.75,1.67
1963-05,86.83,229.34,76.91,1.78,34.23,0.01,22.09,2.76
1963-06,82.86,110.76,42.23,0.53,17.17,0.05,21.46,5.75
1963-07,80.84,122.81,51.87,0.69,19.29,0.02,21.05,7.9
1963-08,81.68,164.67,57.33,1.43,24.0,0.03,21.07,7.13
1963-09,79.33,139.44,51.94,1.15,21.11,0.34,21.43,10.02
1963-10,80.41,187.43,65.1,1.84,27.78,0.67,21.63,7.42
1963-11,82.79,191.15,64.5,1.29,24.14,0.67,21.72,4.64
1963-12,86.4,273.37,88.52,2.34,32.99,0.06,21.66,1.69
1964-01,87.09,292.78,98.48,2.8,36.55,0.0,21.88,1.43
1964-02,87.28,288.51,103.18,2.85,38.86,0.0,21.87,1.57
1964-03,87.62,321.64,102.98,3.5,37.97,0.0,21.92,1.25
1964-04,87.97,266.49,78.69,1.88,27.9,0.0,22.03,0.84
1964-05,86.97,224.87,82.01,1.69,29.48,0.03,22.1,3.23
1964-06,85.94,189.26,66.66,1.27,23.47,0.03,21.25,4.13
1964-07,86.25,222.19,70.74,1.5,26.01,0.01,21.14,3.88
1964-08,83.49,173.42,65.55,1.2,25.42,0.06,21.01,5.55
1964-09,85.68,269.66,88.32,2.86,34.84,0.06,21.43,2.5
1964-10,87.16,311.79,88.7,3.04,35.01,0.0,21.45,1.1
1964-11,86.87,290.55,94.94,3.03,33.83,0.0,21.49,1.98
1964-12,87.22,276.91,88.61,2.33,31.23,0.0,20.98,1.95
1965-01,86.38,268.16,93.24,2.92,35.06,0.0,20.92,3.0
1965-02,86.92,273.99,94.82,2.87,34.49,0.0,21.19,1.91
1965-03,87.64,323.73,96.96,3.53,36.87,0.0,21.45,1.55
1965-04,86.92,229.31,79.05,1.48,27.04,0.0,21.45,1.92
1965-05,87.44,240.14,78.17,1.67,28.63,0.0,21.72,2.32
1965-06,85.13,168.03,56.08,0.92,20.86,0.04,21.31,3.86
1965-07,81.05,84.22,34.05,0.31,13.24,0.1,20.71,8.44
1965-08,81.52,160.83,56.2,1.33,21.85,0.15,20.78,8.36
1965-09,78.71,132.88,47.35,1.08,19.85,0.47,21.08,9.67
1965-10,80.92,200.21,78.34,1.99,29.67,0.72,21.56,8.55
1965-11,85.1,220.23,70.54,1.5,26.1,0.15,21.71,2.25
1965-12,87.78,345.4,106.89,3.58,40.23,0.02,21.73,0.97
1966-01,88.64,333.75,96.4,3.5,33.36,0.0,21.41,0.99
1966-02,88.83,331.54,102.02,4.12,37.03,0.0,21.56,1.05
1966-03,88.65,358.27,106.75,4.47,38.65,0.0,21.64,1.02
1966-04,88.34,299.05,91.09,2.83,33.36,0.0,22.03,1.76
1966-05,87.35,228.53,74.88,1.59,26.48,0.0,21.91,2.62
1966-06,86.55,184.39,62.72,1.19,23.0,0.0,21.33,3.85
1966-07,85.1,187.12,58.4,1.39,22.46,0.0,21.13,5.31
1966-08,85.44,247.61,82.0,2.34,32.24,0.06,21.36,4.37
1966-09,83.31,200.24,81.6,1.84,28.97,0.19,21.24,5.27
1966-10,86.71,316.03,96.17,3.8,38.78,0.01,21.5,2.7
1966-11,87.86,306.42,96.83,3.22,35.21,0.02,21.61,1.63
1966-12,89.48,383.33,107.95,4.44,40.36,0.0,21.47,0.45
1967-01,88.56,354.19,112.09,4.39,42.43,0.0,21.36,1.2
1967-02,87.5,292.42,95.59,3.56,35.82,0.0,21.43,2.28
1967-03,87.74,296.16,93.07,2.99,33.5,0.0,21.41,1.76
1967-04,88.24,280.62,87.12,2.19,30.54,0.0,21.49,1.33
1967-05,87.6,268.62,87.59,2.47,32.13,0.0,21.73,2.88
1967-06,84.97,186.64,71.59,1.42,27.96,0.01,21.26,5.27
1967-07,83.88,166.56,58.27,1.25,23.17,0.01,20.94,5.95
1967-08,81.54,160.97,53.07,1.38,23.06,0.05,21.09,8.7
1967-09,80.41,168.73,65.91,1.59,25.38,0.18,21.07,7.69
1967-10,82.49,220.04,73.18,2.03,29.48,0.64,21.38,4.9
1967-11,86.42,298.68,96.69,3.26,36.96,0.1,21.51,2.86
1967-12,88.88,353.41,107.94,3.82,40.49,0.0,21.35,1.11
1968-01,87.57,290.83,104.16,3.24,38.96,0.0,21.41,2.53
1968-02,84.88,186.63,65.99,1.41,24.64,0.0,21.21,3.19
1968-03,88.51,373.89,113.39,4.5,42.24,0.0,21.51,1.41
1968-04,88.01,282.27,94.99,2.71,32.58,0.0,21.49,1.64
1968-05,88.46,281.11,80.8,2.05,29.78,0.0,21.73,0.86
1968-06,87.46,215.14,66.29,1.2,24.39,0.0,21.51,2.01
1968-07,87.17,233.54,72.78,1.63,29.04,0.0,21.37,2.07
1968-08,86.06,208.73,67.95,1.49,25.94,0.0,21.36,3.27
1968-09,83.15,182.84,69.01,1.73,28.55,0.02,21.28,5.22
1968-10,84.96,260.5,88.25,2.64,33.46,0.1,21.53,3.91
1968-11,86.78,285.24,102.87,2.97,38.08,0.07,21.5,2.15
1968-12,88.14,340.71,107.19,3.89,38.62,0.0,21.69,1.49
1969-01,86.84,253.46,90.41,2.12,30.48,0.0,21.49,1.78
1969-02,86.99,253.8,88.23,2.47,32.78,0.0,21.63,1.51
1969-03,87.9,319.08,96.67,3.37,34.93,0.0,22.02,1.45
1969-04,87.51,266.42,85.76,2.16,30.23,0.0,22.16,1.94
1969-05,87.09,258.95,79.97,2.24,32.79,0.0,22.3,2.82
1969-06,86.58,223.56,77.0,1.93,28.92,0.0,21.83,3.44
1969-07,83.3,158.99,63.85,1.37,24.0,0.02,21.16,7.59
1969-08,83.57,222.44,75.59,2.09,29.57,0.02,21.17,7.88
1969-09,82.16,175.45,66.29,1.64,27.93,0.1,21.45,6.79
1969-10,84.14,238.07,74.92,1.92,28.12,0.15,21.57,4.51
1969-11,86.27,271.54,86.59,2.74,33.66,0.07,21.73,2.97
1969-12,87.81,312.69,94.01,3.04,32.41,0.01,21.8,1.46
1970-01,87.92,323.53,94.28,3.04,33.07,0.0,21.61,1.0
1970-02,86.63,244.7,97.23,2.38,36.55,0.0,21.83,2.35
1970-03,88.07,344.58,100.29,3.85,36.9,0.0,21.99,1.11
1970-04,88.45,329.54,103.54,3.46,38.07,0.0,22.13,1.02
1970-05,88.36,298.34,91.73,2.65,32.36,0.0,22.15,1.08
1970-06,86.56,227.02,80.38,1.96,32.69,0.02,21.8,3.12
1970-07,85.33,205.99,70.16,1.68,27.35,0.02,21.26,4.24
1970-08,84.54,223.21,74.58,2.13,28.04,0.05,21.18,5.16
1970-09,85.58,281.14,86.62,3.0,32.88,0.01,21.4,4.48
1970-10,85.35,290.49,93.97,3.21,37.9,0.04,21.77,3.27
1970-11,87.52,313.65,93.36,3.0,34.26,0.0,21.72,1.14
1970-12,87.7,311.11,92.63,3.18,33.57,0.0,21.58,1.43
1971-01,88.32,340.71,107.61,4.12,40.43,0.0,21.34,1.46
1971-02,87.19,269.42,86.93,2.75,33.29,0.0,21.23,1.84
1971-03,86.7,269.8,85.54,2.38,29.51,0.0,21.43,1.47
1971-04,86.93,226.06,73.49,1.58,27.04,0.0,21.51,2.01
1971-05,87.23,244.99,76.95,1.76,28.55,0.01,21.69,1.81
1971-06,86.57,226.59,70.59,1.76,26.14,0.04,21.3,2.67
1971-07,84.64,187.02,66.7,1.67,25.56,0.03,20.89,4.52
1971-08,85.8,260.47,81.76,2.58,30.65,0.01,20.94,3.31
1971-09,85.51,257.2,84.87,2.42,32.83,0.08,21.35,2.65
1971-10,85.75,299.81,99.8,3.58,37.85,0.09,21.51,4.06
1971-11,87.43,299.38,91.91,2.8,33.18,0.0,21.28,1.1
1971-12,88.25,317.72,94.52,3.19,34.42,0.0,21.26,1.43
1972-01,85.65,234.23,80.98,2.07,28.66,0.0,21.03,3.0
1972-02,86.75,253.22,86.56,2.32,32.0,0.01,21.3,1.84
1972-03,86.73,260.53,80.6,2.13,27.87,0.0,21.42,2.17
1972-04,87.33,238.25,80.63,1.7,28.7,0.0,21.53,1.31
1972-05,87.09,207.97,73.83,1.27,26.13,0.0,21.66,3.12
1972-06,83.81,132.05,63.18,1.14,26.4,0.01,21.31,8.7
1972-07,79.75,67.09,27.13,0.33,11.63,0.07,21.2,12.21
1972-08,79.03,123.23,46.22,0.85,20.14,0.14,21.09,11.4
1972-09,77.17,132.2,54.23,1.23,22.46,0.83,21.43,11.8
1972-10,78.44,155.04,56.54,1.24,23.26,1.04,21.66,10.12
1972-11,84.27,246.65,81.58,2.03,31.79,0.35,22.05,3.62
1972-12,88.2,305.8,89.61,2.56,33.36,0.0,21.91,0.64
1973-01,87.57,325.81,105.86,3.87,41.28,0.0,21.95,1.85
1973-02,86.37,261.73,90.12,2.67,33.09,0.0,22.12,1.99
1973-03,87.94,359.69,110.48,4.59,44.66,0.0,22.27,1.19
1973-04,88.66,341.8,104.56,3.6,38.02,0.0,22.36,0.69
1973-05,88.15,284.16,83.98,2.12,31.14,0.01,22.08,1.18
1973-06,86.89,206.38,72.76,1.34,26.85,0.01,22.02,2.79
1973-07,84.59,178.98,80.93,1.43,29.14,0.01,21.58,5.3
1973-08,86.29,260.73,80.71,2.33,31.51,0.0,21.53,2.74
1973-09,87.1,327.69,95.22,3.82,36.95,0.03,21.61,1.63
1973-10,84.6,239.29,83.64,2.03,30.2,0.07,21.81,3.72
1973-11,86.9,300.14,93.89,3.04,35.17,0.0,21.94,1.54
1973-12,87.82,316.59,92.53,2.97,34.23,0.0,21.54,0.78
1974-01,84.78,198.13,81.21,1.49,25.85,0.0,21.27,4.41
1974-02,88.03,308.36,96.94,3.4,34.75,0.0,21.36,0.89
1974-03,85.48,203.32,76.1,1.36,25.34,0.0,21.46,2.22
1974-04,87.4,275.46,94.65,2.7,33.19,0.01,21.72,2.34
1974-05,87.21,242.7,79.03,1.65,29.51,0.01,21.7,2.19
1974-06,85.29,178.33,67.58,1.34,24.89,0.02,21.28,5.42
1974-07,85.93,214.45,73.33,1.53,27.04,0.02,21.09,3.73
1974-08,83.88,157.06,62.92,1.03,25.62,0.03,21.32,5.48
1974-09,86.67,283.93,83.38,2.59,31.14,0.0,21.37,1.67
1974-10,85.89,276.13,89.09,2.86,36.71,0.03,21.66,2.45
1974-11,86.9,284.26,93.47,2.72,35.86,0.0,21.8,1.46
1974-12,87.83,307.08,89.14,2.73,34.05,0.0,21.46,0.93
1975-01,86.93,294.57,97.98,3.0,36.25,0.0,21.39,2.35
1975-02,86.78,273.9,100.44,3.05,37.2,0.0,21.51,1.9
1975-03,87.33,313.06,93.99,3.55,34.4,0.03,21.67,1.56
1975-04,87.86,300.48,95.25,2.95,34.5,0.02,22.04,1.06
1975-05,87.62,276.6,83.3,2.33,33.23,0.02,21.81,1.5
1975-06,86.2,214.43,72.65,2.01,27.2,0.0,21.44,3.51
1975-07,86.47,222.2,70.12,1.49,25.88,0.0,20.99,2.51
1975-08,84.25,198.32,71.02,1.52,27.42,0.04,21.33,4.7
1975-09,86.78,290.33,90.25,2.93,33.72,0.01,21.4,1.56
1975-10,86.48,306.51,90.1,3.14,36.37,0.02,21.57,1.54
1975-11,87.55,317.86,98.01,3.21,35.32,0.0,21.48,1.31
1975-12,87.81,318.13,97.56,3.19,35.82,0.0,21.51,1.07
1976-01,86.62,253.89,84.98,2.2,31.25,0.0,21.26,2.33
1976-02,85.72,223.84,81.28,1.96,29.75,0.0,21.22,2.74
1976-03,86.76,278.86,85.08,2.59,30.7,0.0,21.52,1.8
1976-04,87.02,257.21,86.45,2.01,30.53,0.0,21.54,1.58
1976-05,85.12,187.25,77.42,1.51,26.92,0.04,21.62,6.07
1976-06,84.83,176.05,66.67,1.19,24.77,0.01,21.12,5.18
1976-07,83.07,146.57,58.9,0.9,24.51,0.06,20.95,7.32
1976-08,81.9,165.38,72.39,1.49,27.68,0.19,20.95,7.18
1976-09,80.26,131.61,61.64,1.04,23.01,0.2,21.15,10.05
1976-10,86.25,303.07,93.89,2.94,38.21,0.03,21.74,2.38
1976-11,87.56,298.25,91.82,2.73,35.16,0.01,21.82,1.04
1976-12,87.4,295.7,87.07,2.38,33.49,0.0,21.75,1.25
1977-01,86.97,268.75,92.27,2.74,33.86,0.0,21.75,2.02
1977-02,87.97,317.49,106.17,4.15,40.58,0.0,21.73,1.45
1977-03,86.99,276.23,87.76,2.47,31.1,0.0,21.86,1.83
1977-04,87.99,287.37,92.9,2.64,34.53,0.01,22.11,1.31
1977-05,87.11,225.19,69.26,1.3,26.53,0.03,22.01,1.88
1977-06,86.88,225.65,72.98,1.79,28.21,0.04,21.58,3.48
1977-07,84.44,185.17,66.11,1.59,27.49,0.06,21.22,5.71
1977-08,83.45,197.61,73.42,1.98,27.8,0.03,21.06,6.13
1977-09,81.33,138.9,57.95,1.06,20.95,0.26,21.48,8.13
1977-10,81.86,214.48,75.55,2.44,30.72,0.77,21.81,7.25
1977-11,84.77,247.91,90.21,2.27,35.03,0.33,21.91,4.67
1977-12,88.12,322.57,102.28,3.21,38.92,0.01,21.9,0.87
1978-01,87.37,316.86,105.9,3.61,43.18,0.0,21.91,2.36
1978-02,87.09,279.43,97.29,3.06,36.84,0.0,21.95,2.4
1978-03,88.14,360.69,106.03,4.24,42.09,0.0,22.27,0.93
1978-04,87.46,276.94,86.37,2.33,33.9,0.01,22.09,1.43
1978-05,87.63,272.89,92.97,2.45,34.96,0.05,22.65,1.51
1978-06,86.69,236.1,74.13,1.78,29.04,0.07,21.9,1.81
1978-07,86.84,238.18,74.89,1.57,27.39,0.01,21.49,2.46
1978-08,85.68,229.95,78.97,1.91,30.37,0.06,21.64,2.89
1978-09,86.55,289.65,93.5,3.02,36.99,0.04,21.53,1.95
1978-10,85.4,266.17,86.52,2.52,33.83,0.08,21.81,3.68
1978-11,87.12,304.43,102.46,3.23,39.01,0.01,21.92,1.72
1978-12,88.46,352.92,107.46,3.62,43.09,0.0,22.08,0.73
1979-01,86.17,221.08,71.15,1.68,26.5,0.0,22.06,2.68
1979-02,87.11,263.95,89.39,2.53,34.55,0.0,22.02,1.48
1979-03,87.1,309.39,97.96,3.35,37.48,0.02,22.05,1.88
1979-04,87.44,294.49,94.09,3.1,35.93,0.0,22.23,2.08
1979-05,86.64,250.4,87.57,2.14,31.14,0.06,22.26,3.68
1979-06,87.32,263.19,90.15,2.28,35.52,0.01,22.01,2.81
1979-07,84.58,171.61,62.04,1.18,25.01,0.02,21.41,5.27
1979-08,82.89,147.37,63.57,1.05,23.11,0.07,21.42,6.93
1979-09,85.24,264.82,88.1,2.74,32.7,0.09,21.64,4.04
1979-10,82.57,197.4,75.01,1.89,29.47,0.35,21.91,7.7
1979-11,87.16,342.5,103.14,4.0,41.4,0.14,22.1,1.32
1979-12,87.82,307.77,90.09,2.61,32.56,0.0,21.72,1.02
1980-01,86.88,278.42,85.75,2.69,34.71,0.0,22.07,2.34
1980-02,86.54,243.26,79.29,1.9,28.28,0.0,21.99,2.3
1980-03,86.57,269.39,85.27,2.54,31.58,0.0,21.94,1.65
1980-04,88.37,332.23,101.11,3.3,37.61,0.0,22.38,0.78
1980-05,86.84,226.33,78.23,1.63,28.12,0.0,22.39,3.23
1980-06,85.89,203.7,72.88,1.53,28.24,0.0,22.03,3.93
1980-07,84.22,165.61,58.22,1.05,23.5,0.02,21.61,4.98
1980-08,84.47,222.29,72.63,1.95,29.59,0.02,21.44,4.54
1980-09,81.45,149.22,57.11,1.11,22.75,0.11,21.64,6.44
1980-10,84.13,258.15,86.44,2.57,34.24,0.26,22.02,5.75
1980-11,86.08,272.37,86.52,2.39,31.08,0.08,22.11,2.05
1980-12,87.84,332.9,97.86,3.48,36.17,0.01,22.04,1.02
1981-01,85.48,240.72,83.28,2.31,28.98,0.0,21.8,3.41
1981-02,86.48,245.68,76.7,1.95,26.8,0.01,21.88,1.23
1981-03,86.58,277.98,84.61,2.49,31.55,0.0,21.94,1.23
1981-04,87.91,309.21,98.95,3.11,37.79,0.0,22.2,1.13
1981-05,87.81,276.32,83.24,1.91,33.24,0.0,22.39,1.51
1981-06,86.31,187.78,64.73,1.13,25.15,0.04,21.93,2.95
1981-07,86.5,234.49,77.07,1.73,33.07,0.06,21.55,2.52
1981-08,80.49,96.99,48.52,0.6,17.95,0.25,21.3,10.57
1981-09,86.01,299.34,102.76,3.33,39.91,0.04,21.8,3.25
1981-10,85.38,285.85,86.53,3.13,35.04,0.11,21.95,2.94
1981-11,87.43,342.93,102.36,3.84,36.48,0.02,21.98,0.93
1981-12,87.63,322.53,101.15,3.22,38.19,0.0,22.02,1.07
1982-01,86.96,284.67,92.56,2.74,31.65,0.0,21.79,2.23
1982-02,86.94,275.49,92.7,2.69,35.98,0.0,21.87,1.26
1982-03,87.56,337.33,98.63,3.77,37.48,0.0,21.89,1.15
1982-04,87.79,309.01,89.87,2.84,32.32,0.0,22.19,0.88
1982-05,86.73,238.52,85.09,1.75,30.53,0.0,22.11,2.95
1982-06,84.61,173.02,72.13,1.36,25.27,0.01,21.77,6.95
1982-07,80.44,82.66,33.72,0.38,14.32,0.01,21.03,10.9
1982-08,79.91,120.43,45.83,0.71,21.28,0.04,20.99,9.46
1982-09,78.46,122.34,50.33,0.94,20.22,0.38,21.2,12.3
1982-10,80.31,174.37,61.61,1.29,23.74,0.37,21.36,7.65
1982-11,82.61,195.1,70.22,1.48,28.18,0.41,21.86,4.66
1982-12,86.57,295.6,90.54,2.5,32.38,0.06,22.16,1.19
1983-01,87.04,302.83,97.09,3.24,34.99,0.0,22.24,1.45
1983-02,85.32,229.14,71.94,2.08,28.23,0.01,22.28,2.12
1983-03,84.6,242.41,77.73,2.25,31.39,0.45,22.67,2.97
1983-04,85.95,280.52,95.15,2.76,37.34,0.3,22.65,1.81
1983-05,88.48,315.0,89.3,2.69,33.77,0.01,22.55,0.83
1983-06,86.84,217.77,75.99,1.66,29.43,0.01,22.19,3.19
1983-07,85.6,202.33,65.28,1.48,25.33,0.01,21.71,4.51
1983-08,84.16,188.88,61.79,1.56,24.79,0.03,21.75,5.5
1983-09,83.38,230.71,78.15,2.43,32.76,0.23,21.81,6.16
1983-10,85.53,291.01,93.15,2.87,37.27,0.21,22.07,2.83
1983-11,86.28,290.51,91.86,2.9,34.59,0.01,22.09,1.5
1983-12,87.61,337.77,99.84,3.29,35.39,0.0,21.89,0.99
1984-01,87.7,331.84,95.07,3.23,33.3,0.0,21.6,0.62
1984-02,88.12,341.32,105.78,4.08,37.94,0.01,21.77,0.74
1984-03,88.14,365.07,103.64,4.09,37.48,0.0,21.95,0.69
1984-04,88.34,350.15,96.85,3.53,35.9,0.01,22.18,0.51
1984-05,88.26,307.97,83.76,2.44,29.94,0.0,22.07,1.39
1984-06,86.29,216.74,73.04,1.6,26.29,0.0,21.71,3.1
1984-07,86.58,250.11,84.58,2.04,32.97,0.0,21.28,3.03
1984-08,84.02,182.07,63.25,1.24,24.33,0.01,21.41,4.74
1984-09,86.58,296.38,89.75,2.93,31.78,0.01,21.37,1.51
1984-10,84.93,248.28,86.15,2.4,32.31,0.04,21.71,2.98
1984-11,86.2,273.7,86.77,2.35,33.76,0.05,21.85,2.32
1984-12,87.45,334.29,96.07,3.53,34.06,0.0,21.82,1.07
1985-01,86.57,290.3,90.59,2.66,33.14,0.01,21.67,1.45
1985-02,86.25,282.67,116.79,3.33,44.8,0.01,22.08,2.93
1985-03,87.15,307.77,95.29,3.07,34.26,0.0,21.94,0.99
1985-04,87.34,272.06,82.32,2.36,31.15,0.0,22.11,1.38
1985-05,87.33,272.71,84.89,2.02,31.28,0.0,22.24,2.04
1985-06,85.21,183.52,69.94,1.24,26.42,0.09,21.57,4.29
1985-07,85.28,221.98,73.96,1.75,28.82,0.09,20.92,4.32
1985-08,84.73,221.25,67.79,1.93,26.77,0.03,21.23,4.12
1985-09,84.85,262.84,78.9,2.52,30.13,0.05,21.35,3.32
1985-10,85.37,279.6,84.98,2.58,31.83,0.1,21.71,3.08
1985-11,86.85,308.34,88.26,2.87,31.44,0.02,21.94,0.87
1985-12,87.84,304.34,87.59,2.44,31.69,0.0,21.73,0.9
1986-01,87.41,356.69,129.01,4.28,49.61,0.01,22.01,1.87
1986-02,86.74,271.42,91.84,2.65,32.56,0.0,21.5,1.24
1986-03,88.46,402.38,116.17,5.16,45.21,0.0,21.83,0.5
1986-04,88.17,334.69,101.48,3.23,37.02,0.0,22.17,0.82
1986-05,85.53,179.58,77.01,1.11,26.89,0.0,22.18,3.61
1986-06,86.54,212.88,70.77,1.36,28.1,0.0,21.9,2.5
1986-07,85.18,193.72,74.75,1.38,29.98,0.05,21.42,3.56
1986-08,81.52,130.81,53.9,0.85,22.59,0.29,21.5,6.53
1986-09,83.39,217.3,76.94,2.19,32.17,0.12,21.56,4.89
1986-10,86.12,300.61,87.07,2.82,33.99,0.08,21.87,2.27
1986-11,86.52,296.97,96.68,3.04,35.19,0.01,21.86,1.51
1986-12,86.69,273.16,84.52,2.24,30.36,0.0,21.94,1.76
1987-01,88.43,347.91,102.97,4.1,37.65,0.0,21.88,0.93
1987-02,86.37,224.7,74.2,1.82,26.4,0.0,21.84,1.86
1987-03,86.7,295.68,89.14,2.77,32.44,0.0,22.06,1.06
1987-04,86.92,273.89,87.59,2.4,34.07,0.0,22.36,1.43
1987-05,87.12,257.48,84.72,2.03,29.41,0.0,22.29,1.97
1987-06,85.23,165.32,69.38,1.09,25.71,0.01,22.31,4.5
1987-07,82.03,108.12,47.04,0.51,17.06,0.05,21.6,7.42
1987-08,82.06,175.49,60.01,1.44,23.9,0.07,21.63,6.16
1987-09,80.91,185.93,69.5,1.81,30.45,0.55,21.88,8.6
1987-10,83.17,228.11,72.41,2.04,27.72,0.6,22.29,4.33
1987-11,86.13,295.08,98.37,2.97,36.85,0.14,22.49,2.34
1987-12,88.48,385.52,110.63,4.6,40.05,0.0,22.45,0.57
1988-01,88.43,374.76,109.58,4.44,41.91,0.0,22.29,0.72
1988-02,87.21,285.03,99.96,2.97,35.47,0.01,22.24,1.19
1988-03,87.44,401.41,130.31,5.43,52.82,0.03,22.72,1.81
1988-04,86.51,267.57,88.67,2.34,32.71,0.01,22.61,1.45
1988-05,87.03,269.51,86.22,2.22,31.9,0.02,22.73,2.18
1988-06,85.1,199.56,70.66,1.4,28.47,0.01,21.91,3.94
1988-07,85.52,229.13,73.83,1.83,28.17,0.01,21.68,3.65
1988-08,86.24,273.55,80.69,2.4,30.82,0.03,21.77,2.42
1988-09,85.49,265.69,79.27,2.55,31.3,0.09,21.95,2.53
1988-10,84.78,257.11,88.12,2.61,33.04,0.11,22.11,2.86
1988-11,87.37,349.39,111.72,4.18,42.31,0.02,22.22,1.42
1988-12,86.99,288.49,94.73,2.67,34.77,0.0,21.72,1.25
1989-01,87.36,337.8,108.87,3.85,39.97,0.01,21.98,1.53
1989-02,87.25,310.82,98.44,3.75,35.02,0.0,21.76,1.43
1989-03,87.1,308.47,95.16,2.99,33.33,0.01,21.75,1.23
1989-04,87.28,270.59,86.46,2.32,30.04,0.0,22.0,1.42
1989-05,87.0,234.84,69.57,1.38,25.16,0.0,22.21,1.7
1989-06,86.03,228.13,73.94,1.74,28.71,0.05,21.74,2.73
1989-07,85.77,233.46,74.39,1.7,28.19,0.04,21.6,3.29
1989-08,84.38,197.97,66.41,1.47,26.73,0.04,21.47,4.12
1989-09,84.52,239.52,77.39,2.11,31.12,0.03,21.52,3.48
1989-10,85.64,307.07,92.05,3.43,34.91,0.08,21.9,2.48
1989-11,86.72,299.23,93.19,2.99,34.35,0.02,22.13,1.39
1989-12,87.74,300.6,97.67,2.73,34.33,0.0,21.9,1.22
1990-01,87.69,343.68,109.47,4.66,41.58,0.0,21.92,1.38
1990-02,86.54,249.83,82.46,2.23,32.03,0.0,22.05,1.19
1990-03,86.49,261.75,89.24,2.37,33.75,0.01,22.17,1.89
1990-04,87.18,271.48,87.79,2.41,35.17,0.0,22.46,1.81
1990-05,87.48,251.64,80.78,1.79,28.81,0.01,22.53,2.18
1990-06,85.32,175.69,67.73,1.35,26.53,0.05,22.05,5.1
1990-07,85.63,212.13,68.41,1.42,26.83,0.01,21.47,3.12
1990-08,82.59,152.74,64.83,1.15,25.27,0.17,21.49,6.92
1990-09,83.14,212.15,77.4,2.26,32.06,0.01,21.63,5.31
1990-10,84.42,254.35,84.23,2.46,30.46,0.25,21.96,4.98
1990-11,84.49,214.72,78.49,1.87,28.48,0.26,22.16,3.29
1990-12,87.55,333.53,101.57,3.46,41.13,0.01,21.99,1.06
1991-01,87.43,318.49,97.16,3.52,34.65,0.02,22.14,1.59
1991-02,86.25,240.92,84.46,2.15,30.92,0.05,22.09,1.77
1991-03,87.18,313.43,98.86,3.15,37.57,0.01,22.1,1.82
1991-04,88.42,346.99,106.13,3.85,42.03,0.0,22.25,1.14
1991-05,87.44,226.46,79.36,1.67,28.4,0.0,22.26,3.13
1991-06,84.0,133.13,66.11,1.21,30.03,0.01,22.01,7.21
1991-07,81.78,139.16,53.79,1.09,22.4,0.03,21.51,7.29
1991-08,80.29,140.88,53.36,1.11,22.91,0.18,21.54,8.53
1991-09,78.96,114.53,47.57,0.8,21.06,0.28,21.49,10.0
1991-10,80.78,198.8,74.42,1.94,31.89,0.82,21.55,7.98
1991-11,87.05,311.15,90.77,3.42,34.98,0.01,21.77,2.64
1991-12,88.61,374.99,111.55,4.37,42.31,0.0,21.89,0.67
1992-01,86.58,260.39,85.7,2.17,33.05,0.0,21.61,1.54
1992-02,85.56,243.76,82.94,2.26,32.86,0.01,21.84,2.0
1992-03,86.59,298.59,94.52,2.99,33.96,0.01,22.12,1.5
1992-04,87.36,279.62,97.09,2.65,35.29,0.0,22.26,1.92
1992-05,88.01,259.7,82.57,2.05,33.27,0.0,22.23,2.43
1992-06,85.33,177.88,67.83,1.3,26.83,0.0,21.96,4.94
1992-07,85.07,204.8,65.25,1.58,27.43,0.0,21.35,3.83
1992-08,83.65,184.56,74.25,1.5,30.24,0.02,21.44,5.84
1992-09,84.74,227.63,80.3,2.02,31.15,0.03,21.54,3.51
1992-10,84.48,262.74,85.23,2.73,34.55,0.02,21.83,2.99
1992-11,86.34,311.98,94.7,3.32,37.14,0.12,21.84,2.21
1992-12,87.88,351.82,101.7,3.98,37.43,0.0,21.8,1.03
1993-01,85.96,313.33,118.22,3.97,45.85,0.0,21.78,3.42
1993-02,85.42,206.77,70.76,1.29,26.11,0.02,21.75,2.94
1993-03,86.78,317.8,94.84,3.38,34.71,0.0,21.72,1.41
1993-04,87.32,302.77,93.02,2.78,36.88,0.0,22.12,1.05
1993-05,86.73,257.32,82.78,2.18,32.36,0.0,22.3,2.33
1993-06,85.89,201.78,74.45,1.59,28.76,0.0,22.07,3.33
1993-07,84.91,194.87,68.04,1.53,26.54,0.0,21.55,4.38
1993-08,81.08,119.25,48.06,0.74,20.18,0.08,21.3,7.96
1993-09,82.21,190.64,60.6,1.65,26.04,0.11,21.45,5.41
1993-10,82.8,230.22,76.39,2.37,32.76,0.32,21.84,5.0
1993-11,86.24,309.58,96.74,3.28,37.66,0.14,22.23,2.45
1993-12,87.36,340.62,105.91,3.61,38.39,0.0,22.35,0.92
1994-01,87.49,326.25,95.5,3.45,36.27,0.0,22.0,1.18
1994-02,86.12,265.06,97.51,2.86,35.91,0.0,22.09,2.32
1994-03,88.35,420.55,115.34,5.96,42.29,0.0,22.04,0.8
1994-04,87.36,324.06,102.86,3.26,37.91,0.0,22.21,1.24
1994-05,86.26,258.91,91.58,2.32,38.13,0.0,22.14,3.19
1994-06,85.54,213.14,70.49,1.7,28.96,0.0,21.77,4.14
1994-07,81.16,101.53,48.56,0.72,17.12,0.01,21.16,8.89
1994-08,80.95,164.54,54.77,1.39,23.79,0.24,21.18,9.22
1994-09,78.09,109.71,45.79,0.82,17.66,0.89,21.36,12.15
1994-10,81.31,200.01,68.96,1.74,27.86,0.88,21.71,8.54
1994-11,85.08,289.89,86.3,2.9,33.7,0.27,22.14,1.82
1994-12,86.73,327.63,101.51,3.64,40.01,0.01,22.2,1.61
1995-01,87.58,371.78,116.79,4.83,45.42,0.0,22.14,1.09
1995-02,87.21,327.24,109.72,3.96,39.91,0.01,22.01,1.0
1995-03,87.38,355.13,102.07,4.34,40.19,0.0,22.21,1.31
1995-04,87.3,313.72,98.13,3.13,35.74,0.0,22.32,1.44
1995-05,86.28,267.66,98.98,2.73,40.35,0.02,22.47,2.78
1995-06,86.53,248.15,81.89,2.01,31.58,0.0,22.32,2.04
1995-07,84.94,227.46,82.4,2.22,33.05,0.0,21.6,4.11
1995-08,84.96,265.52,85.79,2.81,36.01,0.06,21.79,4.53
1995-09,83.96,241.35,89.12,2.59,38.16,0.17,21.94,5.31
1995-10,85.42,294.47,87.16,3.17,36.45,0.08,22.15,2.6
1995-11,87.28,360.24,106.98,4.72,39.48,0.01,22.34,1.28
1995-12,86.82,311.57,99.52,3.04,37.4,0.01,22.12,1.33
1996-01,86.96,302.16,93.77,2.99,32.76,0.01,21.84,1.4
1996-02,87.6,330.2,105.59,3.82,40.9,0.01,21.96,1.41
1996-03,85.8,280.2,102.03,2.68,39.46,0.03,22.37,3.12
1996-04,87.05,308.79,96.84,2.99,37.18,0.0,22.39,1.64
1996-05,85.28,202.5,73.22,1.42,27.8,0.01,22.34,3.94
1996-06,86.4,228.72,78.8,1.82,29.9,0.0,22.16,2.98
1996-07,84.43,184.51,73.81,1.63,27.24,0.02,21.79,6.05
1996-08,85.04,258.3,85.05,2.5,34.89,0.04,21.73,4.04
1996-09,83.71,219.54,80.88,2.06,30.61,0.13,21.98,3.94
1996-10,86.92,370.26,106.65,4.75,42.45,0.04,22.21,1.44
1996-11,85.86,271.13,88.93,2.56,32.66,0.05,22.11,2.14
1996-12,86.18,320.87,105.47,3.73,39.77,0.03,22.12,2.06
1997-01,85.79,265.11,87.19,2.46,31.47,0.01,21.84,2.21
1997-02,86.26,293.13,98.41,3.43,37.39,0.0,22.06,1.26
1997-03,84.77,221.26,76.59,1.37,26.52,0.04,22.19,2.26
1997-04,86.08,253.65,81.68,2.09,32.47,0.0,22.14,1.53
1997-05,84.23,178.18,77.8,1.35,30.1,0.03,22.22,4.97
1997-06,81.13,97.82,45.24,0.4,16.18,0.04,21.72,7.57
1997-07,81.66,153.97,71.23,1.35,27.45,0.16,21.57,8.32
1997-08,76.74,77.86,30.59,0.37,13.07,0.76,21.32,14.25
1997-09,76.74,104.15,44.2,0.72,17.46,0.8,21.48,13.61
1997-10,79.18,161.08,58.56,1.18,22.13,1.17,21.87,9.27
1997-11,82.99,237.56,78.97,2.01,30.79,0.8,22.25,5.6
1997-12,85.94,293.06,87.37,2.71,31.97,0.03,22.52,1.26
1998-01,84.67,248.93,90.14,2.13,39.94,0.14,22.82,2.28
1998-02,84.87,272.06,97.29,3.21,39.72,0.61,22.99,2.3
1998-03,84.55,302.95,100.26,3.32,37.98,0.72,23.01,2.34
1998-04,85.86,336.19,105.67,3.98,40.49,0.74,23.29,1.33
1998-05,86.44,282.08,99.46,2.55,40.01,0.16,23.48,1.67
1998-06,86.6,269.4,82.93,2.37,33.83,0.07,22.79,1.82
1998-07,86.49,281.15,90.24,2.39,34.85,0.04,22.35,1.59
1998-08,86.21,295.6,89.73,3.12,36.82,0.01,22.16,2.34
1998-09,85.04,279.74,95.67,3.11,39.47,0.07,22.33,2.79
1998-10,85.95,314.46,98.83,3.52,38.03,0.07,22.64,1.58
1998-11,85.97,305.07,96.53,3.52,36.62,0.08,22.55,1.33
1998-12,87.26,338.78,100.51,3.78,36.39,0.01,22.31,0.86
1999-01,87.31,334.15,106.22,3.75,37.7,0.03,22.31,1.13
1999-02,86.22,272.96,90.54,2.59,32.47,0.02,22.21,1.18
1999-03,86.92,374.77,109.27,4.49,43.15,0.03,22.35,0.74
1999-04,85.66,288.37,97.14,3.07,34.94,0.05,22.5,1.84
1999-05,86.24,281.0,83.07,2.52,30.08,0.01,22.17,2.95
1999-06,85.12,221.75,72.68,1.69,29.43,0.01,21.78,3.76
1999-07,83.95,187.74,69.83,1.45,25.84,0.02,21.36,6.39
1999-08,82.98,212.89,73.18,2.0,30.23,0.1,21.41,5.94
1999-09,82.18,227.06,80.59,2.36,31.07,0.28,21.57,6.1
1999-10,86.24,341.72,103.16,4.02,41.34,0.07,22.07,2.15
1999-11,86.55,309.86,96.08,3.22,35.62,0.01,22.11,1.35
1999-12,86.9,326.07,104.63,3.78,40.72,0.01,22.28,1.51
2000-01,87.22,365.21,112.18,4.52,45.65,0.03,21.91,0.94
2000-02,85.89,287.26,94.06,3.32,36.78,0.03,22.1,1.74
2000-03,85.35,305.13,95.84,3.3,34.64,0.07,22.12,2.77
2000-04,87.08,337.5,96.81,3.44,37.07,0.01,22.36,0.82
2000-05,86.12,253.84,89.23,1.98,33.41,0.03,22.4,1.76
2000-06,87.09,270.57,85.03,2.67,33.15,0.01,21.86,1.91
2000-07,84.03,178.49,70.74,1.28,25.21,0.08,21.56,5.57
2000-08,83.82,200.4,76.52,1.76,30.04,0.03,21.46,5.93
2000-09,83.28,210.5,68.63,1.83,26.5,0.07,21.8,4.65
2000-10,85.9,322.33,103.6,3.71,39.19,0.06,22.2,2.23
2000-11,87.06,337.47,108.34,3.65,43.93,0.02,22.43,0.95
2000-12,86.16,278.21,90.85,2.74,34.11,0.05,22.45,2.15
2001-01,87.46,370.07,113.46,4.5,42.74,0.02,22.06,0.86
2001-02,86.5,299.82,108.71,3.48,45.28,0.06,22.28,1.29
2001-03,86.29,327.87,99.63,3.71,38.0,0.01,22.26,1.18
2001-04,87.42,340.63,102.1,3.65,38.88,0.01,22.38,0.97
2001-05,85.51,219.37,73.14,1.64,28.03,0.02,22.43,2.9
2001-06,85.55,199.84,71.32,1.3,26.76,0.04,21.89,3.79
2001-07,82.43,156.9,63.04,1.13,24.95,0.14,21.52,8.38
2001-08,81.15,136.83,59.74,1.11,23.91,0.25,21.7,9.08
2001-09,84.08,261.51,83.86,2.63,33.69,0.09,21.9,3.89
2001-10,85.04,283.07,91.64,2.96,35.26,0.15,22.32,2.67
2001-11,86.94,322.76,99.34,3.58,36.85,0.01,22.42,1.11
2001-12,86.4,308.31,107.46,3.28,40.29,0.0,22.15,1.7
2002-01,86.95,329.83,109.85,3.93,42.91,0.01,22.21,1.62
2002-02,84.98,224.91,79.69,2.1,31.11,0.02,22.24,3.02
2002-03,87.08,334.61,97.6,3.75,36.3,0.01,22.32,1.13
2002-04,86.31,278.01,90.09,2.46,34.46,0.0,22.43,1.39
2002-05,84.97,204.96,91.86,1.99,32.92,0.03,22.54,4.49
2002-06,85.11,201.35,79.59,1.94,30.35,0.01,22.11,4.64
2002-07,81.95,110.97,42.83,0.6,17.93,0.04,21.74,9.24
2002-08,78.94,110.04,44.4,0.79,18.86,0.21,21.35,10.43
2002-09,80.13,159.44,57.99,1.37,24.51,0.34,21.71,8.64
2002-10,79.38,164.39,58.79,1.41,23.34,1.15,22.07,7.68
2002-11,84.52,284.82,92.38,2.89,36.55,0.26,22.48,2.34
2002-12,86.32,305.14,98.51,2.94,34.12,0.05,22.46,1.03
2003-01,86.5,307.52,103.26,3.31,37.65,0.0,22.39,1.28
2003-02,86.47,284.7,102.38,3.42,37.05,0.05,22.43,2.11
2003-03,85.92,314.05,94.66,3.42,37.35,0.04,22.34,2.83
2003-04,86.55,286.21,87.87,2.59,32.05,0.01,22.62,1.35
2003-05,84.04,187.73,85.3,1.73,31.01,0.06,22.65,6.54
2003-06,81.75,143.04,60.97,1.05,24.36,0.14,22.07,9.09
2003-07,83.47,193.95,68.41,1.67,29.55,0.04,21.71,5.94
2003-08,82.69,188.5,65.7,1.65,28.26,0.14,21.81,6.03
2003-09,83.36,219.79,74.18,2.21,29.74,0.07,21.91,4.52
2003-10,84.35,290.87,96.76,3.5,41.15,0.15,22.27,3.95
2003-11,85.64,303.9,99.76,3.41,39.18,0.09,22.5,1.65
2003-12,87.35,353.1,110.54,4.27,42.78,0.01,22.43,1.07
2004-01,86.95,315.44,95.4,3.17,35.5,0.03,22.44,0.98
2004-02,86.06,263.87,87.72,2.74,33.21,0.02,22.45,1.65
2004-03,85.92,296.46,99.82,3.42,39.36,0.04,22.62,2.37
2004-04,86.16,259.76,80.31,2.16,33.49,0.01,22.66,1.24
2004-05,85.21,238.9,92.62,2.28,38.33,0.07,22.64,3.61
2004-06,82.29,111.87,52.93,0.79,20.45,0.13,21.9,8.13
2004-07,84.81,198.92,63.94,1.33,24.84,0.02,21.56,5.26
2004-08,78.61,77.64,37.14,0.55,15.76,0.2,21.3,15.19
2004-09,82.44,229.5,74.71,2.36,32.38,0.3,21.77,6.55
2004-10,81.29,184.15,71.67,1.84,27.18,0.57,22.1,7.32
2004-11,85.24,296.25,99.23,3.11,40.87,0.25,22.45,1.94
2004-12,86.96,322.93,97.97,3.24,38.3,0.05,22.44,1.02
2005-01,85.81,263.82,91.0,2.71,34.2,0.01,22.44,2.29
2005-02,85.57,253.51,83.92,2.45,31.93,0.03,22.54,1.67
2005-03,85.57,306.16,103.61,3.39,36.69,0.06,22.63,1.6
2005-04,86.19,289.36,109.72,3.26,40.32,0.02,22.68,2.12
2005-05,85.83,247.22,82.2,2.16,31.18,0.01,22.65,3.13
2005-06,85.27,199.68,69.56,1.57,28.39,0.05,22.38,3.75
2005-07,84.64,196.95,68.01,1.47,26.73,0.06,21.96,4.19
2005-08,82.69,169.67,64.08,1.35,25.59,0.17,21.89,5.59
2005-09,82.28,189.17,70.47,1.78,29.81,0.29,22.17,5.4
2005-10,85.69,340.43,104.82,4.17,42.4,0.09,22.4,2.74
2005-11,86.17,317.2,103.6,3.66,39.95,0.03,22.45,1.76
2005-12,87.23,348.05,102.8,3.78,37.71,0.01,22.37,0.81
2006-01,86.42,329.4,113.0,4.01,44.81,0.03,22.35,2.12
2006-02,86.66,322.58,106.88,3.82,40.3,0.01,22.51,0.95
2006-03,85.62,296.67,100.87,3.35,40.16,0.03,22.48,1.67
2006-04,86.88,306.84,93.67,3.09,34.54,0.04,22.49,1.21
2006-05,86.12,241.23,76.12,1.76,29.29,0.0,22.45,2.14
2006-06,86.12,251.6,84.17,2.33,35.04,0.0,22.08,3.53
2006-07,82.82,148.66,55.75,1.07,23.61,0.03,21.91,6.73
2006-08,79.64,120.2,50.21,0.93,21.2,0.29,21.5,9.42
2006-09,80.65,175.82,67.61,1.76,28.91,0.52,21.71,7.92
2006-10,79.12,151.69,54.82,1.25,21.73,0.94,22.19,10.91
2006-11,82.78,225.74,72.51,1.8,27.22,0.56,22.49,4.45
2006-12,86.11,367.6,130.2,4.42,53.12,0.09,22.78,1.26
2007-01,86.18,327.76,117.05,3.93,47.24,0.05,22.75,1.62
2007-02,85.66,271.88,94.43,2.84,35.57,0.02,22.39,1.65
2007-03,85.29,306.69,97.96,3.55,37.74,0.02,22.44,2.15
2007-04,86.94,356.09,106.82,3.94,44.02,0.01,22.65,0.95
2007-05,85.82,253.41,87.02,2.15,37.19,0.0,22.7,2.35
2007-06,86.25,267.09,93.08,2.52,40.64,0.01,22.52,2.81
2007-07,84.45,203.83,83.48,1.97,34.36,0.02,21.86,5.62
2007-08,83.5,215.86,75.27,1.85,28.49,0.03,21.71,5.58
2007-09,82.49,212.9,83.89,2.42,36.35,0.15,21.9,6.17
2007-10,83.95,279.28,90.51,2.96,35.0,0.26,22.29,6.17
2007-11,85.41,283.44,93.34,2.78,36.55,0.05,22.37,1.99
2007-12,86.34,343.55,112.0,4.07,47.89,0.04,22.47,1.6
2008-01,85.1,273.46,99.37,2.35,36.95,0.03,22.42,1.59
2008-02,84.85,257.3,98.87,2.9,35.26,0.03,22.35,2.38
2008-03,86.85,375.65,109.73,4.75,42.8,0.03,22.09,1.09
2008-04,86.56,330.66,105.9,3.61,44.23,0.0,22.3,1.3
2008-05,83.94,206.14,79.98,1.59,30.39,0.01,22.12,5.6
2008-06,85.21,234.05,83.46,2.13,34.94,0.0,21.94,4.48
2008-07,84.16,219.51,73.24,2.02,30.87,0.06,21.6,5.16
2008-08,84.33,268.26,85.11,2.62,33.42,0.04,21.69,4.85
2008-09,83.78,249.24,87.56,2.79,35.13,0.06,21.98,4.25
2008-10,85.34,317.42,104.35,3.62,42.56,0.07,22.37,2.25
2008-11,86.82,367.72,106.73,4.35,44.26,0.02,22.64,0.73
2008-12,87.16,368.23,110.47,4.51,43.51,0.02,22.51,0.81
2009-01,86.05,294.65,98.63,2.84,35.88,0.06,22.4,1.47
2009-02,85.62,285.29,102.17,3.56,39.22,0.02,22.37,2.04
2009-03,85.93,322.78,95.4,3.54,36.06,0.02,22.27,1.16
2009-04,85.52,277.38,97.3,2.69,40.87,0.03,22.77,1.78
2009-05,84.96,230.12,80.31,1.75,31.41,0.06,22.7,3.01
2009-06,83.92,181.31,66.5,1.37,28.81,0.05,22.3,4.45
2009-07,81.99,153.55,58.03,1.15,24.01,0.11,21.84,6.72
2009-08,81.05,169.28,60.22,1.47,27.26,0.39,22.06,8.97
2009-09,79.46,148.68,62.1,1.46,27.49,1.34,22.39,7.27
2009-10,82.59,243.46,81.82,2.45,34.16,0.2,22.4,3.93
2009-11,84.89,319.08,107.34,3.93,42.75,0.18,22.74,2.6
2009-12,85.98,332.38,102.23,3.64,42.76,0.03,22.72,1.24
2010-01,86.15,326.51,102.99,3.52,39.71,0.02,22.64,1.05
2010-02,85.24,270.38,93.35,2.85,38.08,0.09,23.0,1.37
2010-03,86.1,369.33,113.04,4.6,48.28,0.05,22.98,1.18
2010-04,86.39,330.68,102.82,3.73,45.27,0.03,23.23,1.01
2010-05,86.82,320.4,98.91,3.02,43.64,0.06,23.48,1.0
2010-06,86.21,270.54,92.9,2.5,39.51,0.01,22.78,1.85
2010-07,86.27,285.3,90.3,2.86,38.44,0.04,22.37,2.13
2010-08,85.48,286.92,99.73,2.83,42.13,0.06,22.38,1.95
2010-09,85.95,324.49,99.28,3.64,41.16,0.07,22.46,1.34
2010-10,84.9,327.45,110.49,4.04,45.3,0.08,22.59,1.94
2010-11,86.24,339.72,100.12,3.9,39.29,0.02,22.63,0.74
2010-12,85.99,315.48,96.12,3.39,38.54,0.02,22.39,1.18
2011-01,85.99,300.81,95.05,3.01,37.18,0.05,22.28,1.24
2011-02,84.96,251.59,86.08,2.65,36.05,0.05,22.35,2.06
2011-03,86.18,340.51,101.47,4.05,37.67,0.03,22.41,1.1
2011-04,86.51,331.4,106.77,3.66,39.55,0.01,22.61,1.09
2011-05,85.81,278.03,98.53,2.59,41.73,0.07,22.75,2.27
2011-06,84.47,198.08,75.93,1.7,32.6,0.01,22.27,4.61
2011-07,83.21,166.05,69.48,1.46,30.41,0.05,21.83,5.77
2011-08,81.6,171.56,64.87,1.56,28.66,0.19,21.85,7.62
2011-09,82.81,245.88,82.66,2.84,34.57,0.29,22.1,5.96
2011-10,84.26,278.05,92.07,2.87,36.41,0.1,22.41,3.41
2011-11,85.82,328.01,105.19,3.6,43.11,0.04,22.65,1.36
2011-12,86.82,366.95,114.23,4.38,50.19,0.04,22.79,1.11
2012-01,85.49,292.49,93.8,3.3,36.36,0.02,22.49,1.81
2012-02,86.0,315.74,100.88,3.47,39.23,0.03,22.41,0.92
2012-03,85.49,335.58,113.42,4.42,45.36,0.02,22.54,1.7
2012-04,86.01,321.38,97.13,3.51,38.37,0.01,22.57,1.52
2012-05,85.37,263.84,88.0,2.38,35.68,0.02,22.65,2.14
2012-06,83.73,187.7,76.14,1.7,34.24,0.07,22.2,5.32
2012-07,84.29,231.42,80.65,2.23,34.09,0.06,21.87,5.17
2012-08,82.09,194.7,75.49,1.82,33.2,0.18,21.81,7.58
2012-09,80.92,183.28,70.5,1.84,31.93,0.47,22.03,6.66
2012-10,83.28,267.7,89.84,2.85,37.97,0.3,22.5,4.23
2012-11,86.21,353.47,110.11,4.37,46.58,0.07,22.73,1.41
2012-12,86.84,390.57,113.16,4.96,44.31,0.07,22.68,0.92
2013-01,86.02,325.86,106.48,3.99,39.87,0.03,22.82,1.85
2013-02,86.34,338.67,119.84,4.56,47.04,0.01,22.71,1.39
2013-03,85.29,304.0,92.7,3.14,34.36,0.06,22.92,1.56
2013-04,86.38,364.35,119.11,4.71,47.94,0.05,23.01,1.29
2013-05,86.53,316.82,101.7,3.42,39.69,0.01,23.0,1.77
2013-06,84.46,243.95,87.65,2.37,35.81,0.24,22.75,3.81
2013-07,85.76,305.47,101.43,3.63,43.08,0.05,21.97,2.7
2013-08,83.31,217.86,76.14,2.16,29.74,0.05,21.76,5.45
2013-09,83.08,227.03,88.7,2.4,36.15,0.05,22.08,6.19
2013-10,83.14,254.03,86.71,2.63,36.72,0.26,22.39,5.23
2013-11,85.83,339.74,108.25,4.2,45.0,0.06,22.52,1.46
2013-12,87.41,408.56,129.88,5.67,52.19,0.01,22.68,1.01
2014-01,85.2,272.28,97.65,2.99,36.02,0.01,22.36,3.32
2014-02,82.92,202.22,82.66,2.24,33.9,0.12,22.36,4.87
2014-03,84.6,274.03,91.16,2.67,35.45,0.06,22.57,2.24
2014-04,85.83,302.01,97.83,3.13,39.57,0.03,22.76,1.16
2014-05,86.23,288.19,87.97,2.67,39.29,0.01,23.0,1.52
2014-06,85.26,241.21,84.65,2.23,36.61,0.11,22.87,2.95
2014-07,83.11,157.36,63.92,1.34,27.97,0.21,22.31,5.44
2014-08,83.78,252.16,82.82,2.62,34.58,0.04,21.91,4.76
2014-09,80.03,175.71,61.34,1.85,29.76,0.5,21.9,7.22
2014-10,79.46,187.41,67.71,1.82,30.55,1.49,22.46,9.36
2014-11,84.84,330.03,105.01,3.93,43.37,0.29,22.76,3.69
2014-12,86.94,386.14,115.99,4.97,46.41,0.06,22.82,0.81
2015-01,86.0,312.98,103.28,3.27,39.35,0.02,22.57,1.29
2015-02,85.66,283.22,98.51,3.39,41.26,0.02,22.4,1.75
2015-03,85.47,305.0,96.34,3.14,36.97,0.04,22.61,1.5
2015-04,86.33,328.9,97.14,3.59,42.12,0.01,22.78,0.77
2015-05,85.02,231.06,80.59,1.84,32.87,0.01,22.87,3.1
2015-06,84.43,211.76,86.54,2.11,36.98,0.04,22.58,6.22
2015-07,80.5,118.13,56.87,0.99,24.22,0.24,22.06,10.82
2015-08,79.37,103.85,44.9,0.73,20.4,0.37,21.81,9.85
2015-09,77.18,123.69,46.93,1.2,22.68,0.69,22.17,11.4
2015-10,77.38,146.38,62.76,1.41,25.27,1.45,22.53,11.68
2015-11,84.4,320.48,95.82,3.75,41.0,0.54,23.02,2.91
2015-12,85.2,312.29,103.47,3.31,43.48,0.15,23.09,1.7
2016-01,85.14,303.77,109.22,3.22,46.14,0.15,23.22,1.65
2016-02,86.11,368.79,132.15,5.12,57.57,0.05,23.16,1.4
2016-03,86.09,352.42,107.72,4.3,45.87,0.1,23.5,1.23
2016-04,86.1,364.14,109.17,4.44,47.15,0.19,23.52,1.21
2016-05,86.13,309.83,98.82,3.17,42.58,0.06,23.59,1.38
2016-06,85.16,247.93,90.62,2.56,40.84,0.03,22.86,2.94
2016-07,84.6,258.52,89.21,2.58,36.17,0.13,22.56,3.76
2016-08,82.15,188.75,76.18,1.77,29.77,0.35,22.62,4.78
2016-09,84.33,307.41,102.11,3.75,41.82,0.21,22.71,2.22
2016-10,85.39,373.81,113.12,5.1,47.14,0.21,22.91,1.8
2016-11,86.28,358.57,107.37,4.52,45.72,0.11,23.08,1.29
2016-12,85.58,317.95,105.04,3.47,39.84,0.06,23.0,1.32
2017-01,85.83,332.68,107.34,3.94,41.19,0.04,22.75,1.34
2017-02,85.29,310.24,122.03,3.91,50.81,0.05,22.72,2.29
2017-03,86.01,339.84,107.61,4.02,40.9,0.03,22.74,1.2
2017-04,86.63,348.0,108.63,4.08,44.42,0.02,22.89,0.97
2017-05,86.24,326.99,103.81,3.57,42.65,0.02,23.2,2.06
2017-06,85.8,276.29,91.96,3.28,40.57,0.02,22.68,2.78
2017-07,84.67,233.43,83.33,2.4,35.15,0.05,22.39,4.39
2017-08,83.66,249.56,80.76,2.7,36.64,0.03,22.32,4.77
2017-09,83.26,277.97,98.79,3.38,44.84,0.28,22.59,4.37
2017-10,83.89,272.58,96.41,2.93,41.33,0.23,22.86,2.92
2017-11,86.55,388.97,120.21,5.32,47.95,0.04,22.95,1.17
2017-12,85.78,306.99,103.75,3.26,41.14,0.03,22.94,1.6
2018-01,85.18,300.23,106.68,3.64,40.21,0.05,22.65,2.2
2018-02,85.22,279.46,93.52,2.87,34.37,0.04,22.64,1.58
2018-03,85.77,343.49,106.12,4.12,42.97,0.05,22.67,1.05
2018-04,85.85,316.19,99.91,3.41,44.35,0.05,22.97,1.32
2018-05,85.62,289.15,92.46,2.73,40.93,0.02,23.01,2.49
2018-06,84.31,210.66,83.44,2.01,35.79,0.05,22.55,4.58
2018-07,82.92,171.0,70.9,1.57,28.49,0.03,22.27,6.56
2018-08,80.84,153.86,59.67,1.37,24.57,0.35,22.1,7.19
2018-09,80.56,200.33,73.46,2.12,34.54,0.44,22.09,5.8
2018-10,82.24,275.79,94.24,3.41,40.4,0.67,22.63,5.67
2018-11,85.4,349.05,110.55,4.34,45.66,0.16,22.93,1.52
2018-12,85.63,319.95,103.5,3.59,40.64,0.04,22.97,1.45
2019-01,85.64,303.97,94.03,3.21,37.93,0.02,22.93,1.38
2019-02,85.22,289.41,97.88,3.22,39.64,0.06,22.8,1.16
2019-03,84.51,300.55,106.3,3.52,41.97,0.12,22.79,2.42
2019-04,86.05,332.96,116.73,3.99,48.81,0.06,23.22,1.7
2019-05,84.79,227.37,91.02,1.7,33.82,0.07,23.1,3.04
2019-06,85.29,256.52,97.05,3.03,43.42,0.01,22.74,4.87
2019-07,81.74,142.37,53.78,1.22,25.0,0.05,21.9,6.95
2019-08,79.23,123.48,51.44,0.99,24.71,0.39,21.98,11.19
2019-09,77.3,120.69,64.23,1.14,26.32,1.18,22.01,12.91
2019-10,81.45,250.98,79.95,2.68,33.29,0.88,22.46,4.82
2019-11,81.41,190.84,69.72,1.51,29.19,0.84,22.92,3.78
2019-12,85.22,330.28,102.02,3.61,43.58,0.3,23.08,1.53
2020-01,85.03,287.64,99.46,3.12,45.69,0.09,23.2,2.05
2020-02,84.76,299.55,105.76,3.57,47.8,0.07,23.18,1.89
2020-03,85.57,364.98,118.83,5.02,50.25,0.15,23.23,1.63
2020-04,86.14,375.23,128.23,5.15,53.53,0.08,23.26,1.44
2020-05,85.88,314.52,111.95,3.54,53.88,0.1,23.56,2.2
2020-06,85.75,264.96,94.2,2.92,40.56,0.01,22.81,2.98
2020-07,85.22,264.62,86.75,2.84,38.65,0.02,22.4,3.92
2020-08,82.41,194.64,74.84,2.0,35.0,0.08,22.47,5.78
2020-09,83.89,294.74,95.4,3.61,45.51,0.21,22.59,4.07
2020-10,83.91,302.25,109.23,3.77,49.52,0.21,22.78,2.89
2020-11,85.21,333.73,110.71,4.33,45.8,0.14,22.94,2.12
2020-12,85.78,316.3,101.36,3.52,40.0,0.06,22.86,1.36
2021-01,86.42,343.25,115.14,4.46,47.78,0.05,22.72,1.68
2021-02,84.52,225.64,82.21,2.35,33.08,0.06,22.73,2.11
2021-03,85.52,374.3,117.41,4.71,51.77,0.04,22.62,1.42
2021-04,84.3,255.54,94.42,2.55,36.81,0.04,22.72,2.54
2021-05,85.48,292.03,104.02,3.22,51.81,0.02,23.2,2.6
2021-06,84.71,231.02,80.75,2.05,35.76,0.01,22.57,3.26
2021-07,83.58,220.06,92.09,2.58,43.96,0.07,22.41,5.35
2021-08,84.46,288.77,94.19,3.31,42.11,0.11,22.41,3.01
2021-09,84.6,318.77,106.32,4.14,49.88,0.08,22.58,2.48
2021-10,83.45,272.48,98.06,3.21,43.74,0.3,22.92,3.25
2021-11,85.47,348.24,114.87,4.76,48.52,0.07,22.89,1.56
2021-12,85.71,335.68,110.34,4.1,48.12,0.06,22.99,1.69
2022-01,85.18,280.68,94.4,3.01,40.37,0.08,22.69,2.26
2022-02,84.89,307.26,119.48,4.27,50.75,0.06,22.54,2.19
2022-03,84.96,318.23,105.08,3.94,42.77,0.13,22.81,2.11
2022-04,84.66,278.51,93.75,3.09,40.22,0.05,22.88,2.35
2022-05,84.89,278.27,92.42,3.24,43.94,0.08,23.1,2.63
2022-06,85.33,273.46,87.02,2.62,38.82,0.03,22.39,1.75
2022-07,84.68,265.75,95.78,2.97,42.27,0.07,22.43,3.53
2022-08,84.07,281.37,94.62,3.22,42.94,0.05,22.33,3.74
2022-09,83.77,275.26,97.18,3.52,46.14,0.15,22.42,2.84
2022-10,85.57,347.79,109.52,4.51,47.91,0.11,22.73,1.6
2022-11,85.73,349.49,109.95,4.4,42.59,0.11,22.76,1.07
2022-12,85.11,307.6,108.0,3.75,45.2,0.03,22.65,2.78
2023-01,85.06,286.98,101.91,3.21,39.6,0.11,22.59,1.98
2023-02,85.06,275.39,101.12,3.45,40.22,0.03,22.69,1.93
2023-03,85.57,345.69,111.97,4.24,47.24,0.06,22.69,1.18
2023-04,84.97,271.64,91.1,2.64,37.41,0.06,22.95,1.62
2023-05,84.27,237.21,92.46,2.36,42.49,0.06,23.25,3.7
2023-06,84.1,203.13,78.72,1.96,34.1,0.06,22.89,4.66
2023-07,83.25,196.61,80.89,2.21,39.73,0.07,22.59,6.2
2023-08,80.55,157.32,56.47,1.48,27.25,0.36,22.39,8.38
2023-09,78.91,175.49,68.16,2.15,32.19,1.09,22.5,8.54
2023-10,78.96,181.07,65.18,1.75,29.46,2.5,23.03,8.86
2023-11,83.37,290.0,100.73,3.37,45.57,0.91,23.36,3.13
2023-12,85.5,333.33,111.22,3.85,47.6,0.27,23.42,1.55
