Month,pr,r20mm,r50mm,hurs,tasmin,tas,hd35,rx5day
1950-01,211.84,2.0,0.17,82.82,21.53,24.34,0.05,81.05
1950-02,274.25,3.13,0.27,86.96,21.53,24.06,0.0,94.92
1950-03,255.96,2.11,0.16,87.11,21.75,24.36,0.0,83.27
1950-04,295.23,2.86,0.23,88.42,21.82,24.28,0.0,94.1
1950-05,198.94,1.01,0.11,87.75,21.82,24.37,0.0,69.23
1950-06,208.07,1.31,0.19,87.6,21.57,24.11,0.0,67.07
1950-07,210.3,1.29,0.19,86.65,20.86,23.5,0.0,62.36
1950-08,273.14,2.51,0.32,86.91,20.95,23.44,0.01,88.27
1950-09,246.26,2.14,0.22,86.08,21.28,23.91,0.1,81.06
1950-10,244.11,1.93,0.12,86.65,21.37,24.01,0.04,79.47
1950-11,279.92,2.37,0.17,88.27,21.44,23.83,0.0,83.89
1950-12,249.22,2.12,0.16,87.44,21.37,23.74,0.0,78.72
1951-01,252.69,2.12,0.13,87.41,21.16,23.62,0.0,78.28
1951-02,275.31,2.81,0.18,87.78,21.32,23.78,0.0,88.13
1951-03,231.31,2.19,0.23,86.33,21.45,24.15,0.0,75.81
1951-04,220.91,1.6,0.12,87.18,21.72,24.32,0.0,72.47
1951-05,144.72,0.58,0.11,85.67,21.81,24.41,0.0,48.95
1951-06,153.71,0.76,0.11,86.21,21.52,24.18,0.0,54.51
1951-07,174.5,1.12,0.09,85.64,21.0,23.53,0.0,59.48
1951-08,127.2,0.72,0.07,82.37,21.22,24.1,0.01,46.83
1951-09,168.61,1.38,0.17,82.22,21.48,24.3,0.13,63.51
1951-10,161.12,1.21,0.1,81.12,21.64,24.67,0.57,58.68
1951-11,230.02,1.78,0.16,84.99,22.04,24.72,0.33,80.09
1951-12,272.74,2.2,0.14,87.98,21.81,24.24,0.0,82.41
1952-01,309.6,3.8,0.36,87.64,21.85,24.21,0.0,113.66
1952-02,310.64,4.04,0.37,88.21,21.92,24.24,0.0,106.41
1952-03,330.39,3.44,0.29,88.85,21.85,24.21,0.0,97.63
1952-04,229.16,1.8,0.14,87.57,21.88,24.45,0.0,80.1
1952-05,209.71,1.1,0.12,87.92,22.17,24.66,0.0,63.81
1952-06,152.68,0.79,0.13,85.55,21.58,24.29,0.0,51.43
1952-07,172.8,1.15,0.16,84.67,21.18,23.9,0.0,58.66
1952-08,173.49,1.17,0.13,83.79,21.22,24.03,0.01,60.56
1952-09,201.36,1.71,0.16,83.78,21.28,24.17,0.06,68.8
1952-10,242.41,2.17,0.14,85.15,21.79,24.53,0.1,84.17
1952-11,283.38,2.4,0.21,87.66,21.7,24.19,0.01,86.46
1952-12,210.81,1.31,0.13,86.95,21.59,24.15,0.0,74.42
1953-01,240.56,1.92,0.22,86.93,21.55,24.09,0.0,80.1
1953-02,209.26,1.56,0.14,86.78,21.45,24.03,0.0,74.83
1953-03,264.04,2.12,0.2,87.54,21.74,24.26,0.0,82.01
1953-04,218.37,1.4,0.1,87.66,22.03,24.6,0.0,71.22
1953-05,225.45,1.19,0.15,87.76,21.9,24.33,0.0,69.37
1953-06,162.71,0.82,0.13,86.59,21.86,24.31,0.0,53.92
1953-07,197.52,1.2,0.13,86.16,21.12,23.65,0.0,59.96
1953-08,128.44,0.85,0.16,82.57,21.24,24.12,0.01,48.57
1953-09,182.21,1.51,0.17,81.59,21.31,24.26,0.16,65.19
1953-10,229.76,1.96,0.24,83.7,21.77,24.6,0.36,72.9
1953-11,253.85,2.04,0.2,86.59,21.97,24.51,0.06,79.53
1953-12,266.17,2.13,0.23,87.17,21.74,24.24,0.0,86.96
1954-01,329.36,3.21,0.23,88.41,21.67,23.99,0.0,94.62
1954-02,294.75,3.11,0.18,88.14,21.51,23.93,0.0,95.91
1954-03,278.46,2.39,0.18,87.78,21.69,24.23,0.0,86.47
1954-04,338.87,3.49,0.25,89.7,22.0,24.27,0.0,96.93
1954-05,262.61,1.77,0.23,88.68,21.92,24.32,0.0,77.49
1954-06,252.92,2.06,0.19,88.05,21.56,23.94,0.0,76.99
1954-07,257.44,2.24,0.24,87.78,21.05,23.44,0.0,78.61
1954-08,250.13,2.02,0.29,86.76,21.15,23.71,0.0,77.24
1954-09,245.47,2.36,0.32,85.65,21.14,23.75,0.01,81.24
1954-10,305.25,2.94,0.16,87.31,21.22,23.76,0.02,87.95
1954-11,301.07,3.08,0.21,87.83,21.33,23.81,0.01,93.55
1954-12,325.29,3.65,0.33,88.37,21.45,23.78,0.0,110.91
1955-01,338.49,3.55,0.22,88.61,21.18,23.52,0.0,99.03
1955-02,302.8,3.76,0.24,88.16,21.65,24.02,0.0,100.99
1955-03,271.35,2.2,0.13,87.31,21.49,24.13,0.0,82.74
1955-04,313.01,3.08,0.2,88.95,21.59,24.05,0.0,92.98
1955-05,279.57,2.31,0.2,88.62,21.96,24.42,0.0,85.1
1955-06,240.42,1.81,0.21,87.93,21.41,23.95,0.0,77.04
1955-07,255.63,1.87,0.18,88.01,21.01,23.55,0.0,73.45
1955-08,254.29,2.15,0.22,87.27,21.01,23.58,0.0,74.42
1955-09,261.34,2.42,0.28,86.5,21.31,23.95,0.02,84.5
1955-10,288.54,2.99,0.25,86.14,21.61,24.31,0.09,96.37
1955-11,326.22,3.58,0.32,88.24,21.66,24.09,0.0,111.89
1955-12,315.16,3.14,0.19,88.77,21.21,23.59,0.0,97.55
1956-01,311.88,3.17,0.21,88.33,21.19,23.55,0.0,97.36
1956-02,248.32,2.02,0.14,86.97,21.36,24.02,0.0,80.35
1956-03,256.85,1.93,0.14,87.01,21.51,24.18,0.0,81.62
1956-04,265.78,2.18,0.19,88.09,21.78,24.38,0.0,85.78
1956-05,263.37,1.92,0.14,88.77,21.69,24.21,0.0,78.07
1956-06,216.07,1.73,0.18,87.61,21.15,23.81,0.0,80.82
1956-07,189.6,1.21,0.14,86.37,20.84,23.61,0.0,66.06
1956-08,263.66,2.33,0.27,87.39,20.97,23.51,0.0,82.97
1956-09,271.89,2.98,0.3,86.12,20.9,23.49,0.01,86.46
1956-10,315.03,3.3,0.27,87.43,21.42,23.9,0.05,88.41
1956-11,284.67,2.82,0.35,87.34,21.56,24.04,0.02,101.83
1956-12,323.87,3.35,0.33,88.6,21.45,23.68,0.0,105.05
1957-01,273.61,2.63,0.21,87.29,21.35,23.8,0.0,94.24
1957-02,234.23,2.13,0.19,86.62,21.38,23.93,0.0,81.1
1957-03,340.59,3.6,0.25,88.75,21.67,24.04,0.0,98.84
1957-04,275.44,2.45,0.2,88.75,21.79,24.23,0.0,88.5
1957-05,245.38,1.75,0.14,88.36,21.95,24.32,0.0,78.46
1957-06,176.27,1.26,0.17,86.07,21.66,24.25,0.0,67.73
1957-07,250.4,2.29,0.3,87.23,21.39,24.02,0.0,87.48
1957-08,174.3,1.55,0.16,84.01,21.04,23.9,0.0,78.34
1957-09,193.76,1.95,0.22,81.25,21.29,24.36,0.16,69.29
1957-10,192.61,1.71,0.16,81.34,21.42,24.67,0.42,71.98
1957-11,244.42,2.03,0.12,84.99,21.8,24.74,0.21,79.82
1957-12,384.35,4.52,0.26,88.78,21.9,24.36,0.0,105.6
1958-01,250.26,2.01,0.14,86.4,21.82,24.6,0.01,89.17
1958-02,263.14,2.71,0.28,86.85,21.87,24.53,0.0,95.45
1958-03,342.81,3.82,0.23,88.6,21.94,24.53,0.0,98.59
1958-04,249.6,1.65,0.13,87.75,22.19,24.92,0.0,77.35
1958-05,244.53,1.64,0.17,88.15,22.34,24.95,0.0,77.68
1958-06,180.05,1.19,0.09,85.96,21.91,24.72,0.0,70.74
1958-07,143.3,0.96,0.19,83.82,21.42,24.55,0.07,61.38
1958-08,279.09,2.66,0.23,87.15,21.44,24.01,0.0,83.99
1958-09,225.17,2.16,0.24,84.97,21.48,24.44,0.1,81.48
1958-10,293.36,3.38,0.25,86.79,21.75,24.56,0.04,98.08
1958-11,298.51,3.28,0.23,87.51,21.81,24.47,0.03,100.33
1958-12,347.94,3.68,0.2,89.08,21.7,24.12,0.0,99.22
1959-01,245.39,1.98,0.14,86.4,21.65,24.16,0.0,84.93
1959-02,250.53,2.46,0.22,86.08,21.56,24.19,0.0,92.58
1959-03,317.92,3.65,0.31,87.32,21.78,24.33,0.0,106.75
1959-04,305.54,2.92,0.23,88.15,21.83,24.33,0.0,94.7
1959-05,298.98,2.46,0.27,88.66,22.04,24.43,0.0,87.15
1959-06,249.21,1.88,0.25,87.77,21.64,24.06,0.0,80.38
1959-07,161.08,1.14,0.18,84.84,21.08,23.84,0.0,62.25
1959-08,166.08,1.37,0.11,82.49,20.93,23.72,0.02,59.72
1959-09,217.75,2.03,0.24,83.39,21.29,24.19,0.2,72.44
1959-10,243.66,2.18,0.2,83.45,21.59,24.51,0.38,82.01
1959-11,261.1,2.14,0.15,86.09,21.77,24.44,0.18,83.38
1959-12,294.86,2.85,0.19,87.22,21.78,24.29,0.0,97.85
1960-01,318.52,3.46,0.27,87.77,21.59,23.99,0.0,97.67
1960-02,265.6,2.57,0.17,86.85,21.61,24.18,0.0,86.19
1960-03,272.74,2.26,0.13,86.92,21.55,24.25,0.0,87.44
1960-04,288.98,2.31,0.19,88.17,21.88,24.44,0.0,86.07
1960-05,279.34,2.53,0.19,87.88,22.0,24.56,0.02,84.56
1960-06,172.39,1.26,0.18,85.37,21.42,24.14,0.04,59.53
1960-07,233.98,1.82,0.21,86.48,21.33,23.91,0.02,74.8
1960-08,182.65,1.28,0.15,84.37,21.5,24.26,0.16,65.65
1960-09,276.93,2.74,0.27,85.7,21.45,24.15,0.1,84.81
1960-10,206.89,1.77,0.13,82.99,21.63,24.66,0.38,74.34
1960-11,326.25,3.21,0.16,87.59,21.71,24.23,0.02,92.3
1960-12,318.83,3.14,0.25,87.59,21.73,24.23,0.0,97.79
1961-01,284.61,2.88,0.28,86.62,21.53,24.02,0.0,97.02
1961-02,283.03,3.29,0.28,86.89,21.69,24.26,0.0,102.01
1961-03,263.15,2.13,0.15,86.82,21.71,24.39,0.0,82.88
1961-04,295.44,2.51,0.22,87.97,22.02,24.58,0.0,86.84
1961-05,226.2,1.7,0.23,86.84,22.03,24.66,0.01,82.34
1961-06,183.67,1.38,0.17,85.13,21.27,23.99,0.02,70.26
1961-07,153.79,1.27,0.23,82.38,20.83,23.83,0.05,64.23
1961-08,125.96,0.96,0.13,80.3,20.91,24.05,0.1,55.85
1961-09,173.05,1.44,0.17,80.21,20.94,24.11,0.32,57.32
1961-10,168.04,1.37,0.08,79.92,21.33,24.6,0.84,61.85
1961-11,231.72,1.5,0.1,85.54,21.53,24.34,0.06,70.45
1961-12,292.68,2.36,0.16,87.32,21.7,24.26,0.01,86.4
1962-01,325.77,3.45,0.3,87.74,21.73,24.08,0.0,99.67
1962-02,232.97,1.97,0.14,86.65,21.56,24.09,0.0,80.41
1962-03,358.93,3.86,0.26,88.2,21.55,24.08,0.0,103.92
1962-04,278.19,2.58,0.19,87.78,21.76,24.38,0.0,102.42
1962-05,209.68,1.37,0.14,86.8,22.02,24.76,0.01,71.38
1962-06,200.81,1.22,0.14,86.17,21.34,24.17,0.0,66.21
1962-07,143.89,1.09,0.2,83.66,21.27,24.2,0.07,66.87
1962-08,220.25,1.73,0.18,84.86,21.04,23.77,0.02,69.19
1962-09,208.14,1.96,0.22,83.3,21.24,24.19,0.14,72.19
1962-10,285.31,2.92,0.22,85.48,21.78,24.56,0.15,89.71
1962-11,250.57,2.06,0.13,86.28,21.69,24.41,0.03,89.66
1962-12,299.7,2.86,0.2,87.6,21.62,24.13,0.0,94.56
1963-01,284.8,2.72,0.23,87.1,21.35,23.78,0.0,87.82
1963-02,291.76,3.24,0.24,87.46,21.17,23.69,0.0,89.47
1963-03,333.16,3.78,0.26,87.85,21.59,24.11,0.0,97.1
1963-04,240.74,1.84,0.21,86.96,21.75,24.5,0.0,77.31
1963-05,229.34,1.78,0.28,86.83,22.09,24.72,0.01,76.91
1963-06,110.76,0.53,0.07,82.86,21.46,24.53,0.05,42.23
1963-07,122.81,0.69,0.1,80.84,21.05,24.12,0.02,51.87
1963-08,164.67,1.43,0.17,81.68,21.07,24.02,0.03,57.33
1963-09,139.44,1.15,0.17,79.33,21.43,24.57,0.34,51.94
1963-10,187.43,1.84,0.19,80.41,21.63,24.69,0.67,65.1
1963-11,191.15,1.29,0.1,82.79,21.72,24.72,0.67,64.5
1963-12,273.37,2.34,0.18,86.4,21.66,24.32,0.06,88.52
1964-01,292.78,2.8,0.24,87.09,21.88,24.46,0.0,98.48
1964-02,288.51,2.85,0.29,87.28,21.87,24.34,0.0,103.18
1964-03,321.64,3.5,0.27,87.62,21.92,24.41,0.0,102.98
1964-04,266.49,1.88,0.16,87.97,22.03,24.61,0.0,78.69
1964-05,224.87,1.69,0.19,86.97,22.1,24.75,0.03,82.01
1964-06,189.26,1.27,0.14,85.94,21.25,23.99,0.03,66.66
1964-07,222.19,1.5,0.17,86.25,21.14,23.78,0.01,70.74
1964-08,173.42,1.2,0.23,83.49,21.01,23.97,0.06,65.55
1964-09,269.66,2.86,0.25,85.68,21.43,24.14,0.06,88.32
1964-10,311.79,3.04,0.23,87.16,21.45,24.04,0.0,88.7
1964-11,290.55,3.03,0.27,86.87,21.49,24.06,0.0,94.94
1964-12,276.91,2.33,0.17,87.22,20.98,23.55,0.0,88.61
1965-01,268.16,2.92,0.24,86.38,20.92,23.48,0.0,93.24
1965-02,273.99,2.87,0.23,86.92,21.19,23.83,0.0,94.82
1965-03,323.73,3.53,0.27,87.64,21.45,24.01,0.0,96.96
1965-04,229.31,1.48,0.11,86.92,21.45,24.16,0.0,79.05
1965-05,240.14,1.67,0.2,87.44,21.72,24.32,0.0,78.17
1965-06,168.03,0.92,0.09,85.13,21.31,24.1,0.04,56.08
1965-07,84.22,0.31,0.02,81.05,20.71,23.77,0.1,34.05
1965-08,160.83,1.33,0.11,81.52,20.78,23.8,0.15,56.2
1965-09,132.88,1.08,0.1,78.71,21.08,24.41,0.47,47.35
1965-10,200.21,1.99,0.2,80.92,21.56,24.64,0.72,78.34
1965-11,220.23,1.5,0.12,85.1,21.71,24.52,0.15,70.54
1965-12,345.4,3.58,0.33,87.78,21.73,24.14,0.02,106.89
1966-01,333.75,3.5,0.19,88.64,21.41,23.7,0.0,96.4
1966-02,331.54,4.12,0.26,88.83,21.56,23.82,0.0,102.02
1966-03,358.27,4.47,0.31,88.65,21.64,24.01,0.0,106.75
1966-04,299.05,2.83,0.26,88.34,22.03,24.43,0.0,91.09
1966-05,228.53,1.59,0.25,87.35,21.91,24.39,0.0,74.88
1966-06,184.39,1.19,0.12,86.55,21.33,23.87,0.0,62.72
1966-07,187.12,1.39,0.11,85.1,21.13,23.64,0.0,58.4
1966-08,247.61,2.34,0.34,85.44,21.36,23.87,0.06,82.0
1966-09,200.24,1.84,0.21,83.31,21.24,24.07,0.19,81.6
1966-10,316.03,3.8,0.36,86.71,21.5,23.94,0.01,96.17
1966-11,306.42,3.22,0.2,87.86,21.61,24.03,0.02,96.83
1966-12,383.33,4.44,0.29,89.48,21.47,23.66,0.0,107.95
1967-01,354.19,4.39,0.35,88.56,21.36,23.59,0.0,112.09
1967-02,292.42,3.56,0.25,87.5,21.43,23.82,0.0,95.59
1967-03,296.16,2.99,0.2,87.74,21.41,23.87,0.0,93.07
1967-04,280.62,2.19,0.18,88.24,21.49,23.99,0.0,87.12
1967-05,268.62,2.47,0.3,87.6,21.73,24.22,0.0,87.59
1967-06,186.64,1.42,0.31,84.97,21.26,23.88,0.01,71.59
1967-07,166.56,1.25,0.25,83.88,20.94,23.66,0.01,58.27
1967-08,160.97,1.38,0.23,81.54,21.09,24.05,0.05,53.07
1967-09,168.73,1.59,0.15,80.41,21.07,24.12,0.18,65.91
1967-10,220.04,2.03,0.24,82.49,21.38,24.31,0.64,73.18
1967-11,298.68,3.26,0.24,86.42,21.51,24.06,0.1,96.69
1967-12,353.41,3.82,0.32,88.88,21.35,23.6,0.0,107.94
1968-01,290.83,3.24,0.31,87.57,21.41,23.73,0.0,104.16
1968-02,186.63,1.41,0.1,84.88,21.21,23.95,0.0,65.99
1968-03,373.89,4.5,0.4,88.51,21.51,23.89,0.0,113.39
1968-04,282.27,2.71,0.17,88.01,21.49,24.01,0.0,94.99
1968-05,281.11,2.05,0.16,88.46,21.73,24.2,0.0,80.8
1968-06,215.14,1.2,0.16,87.46,21.51,24.08,0.0,66.29
1968-07,233.54,1.63,0.24,87.17,21.37,23.9,0.0,72.78
1968-08,208.73,1.49,0.19,86.06,21.36,23.96,0.0,67.95
1968-09,182.84,1.73,0.19,83.15,21.28,24.26,0.02,69.01
1968-10,260.5,2.64,0.28,84.96,21.53,24.29,0.1,88.25
1968-11,285.24,2.97,0.26,86.78,21.5,24.16,0.07,102.87
1968-12,340.71,3.89,0.29,88.14,21.69,24.08,0.0,107.19
1969-01,253.46,2.12,0.18,86.84,21.49,24.13,0.0,90.41
1969-02,253.8,2.47,0.25,86.99,21.63,24.19,0.0,88.23
1969-03,319.08,3.37,0.25,87.9,22.02,24.51,0.0,96.67
1969-04,266.42,2.16,0.2,87.51,22.16,24.7,0.0,85.76
1969-05,258.95,2.24,0.27,87.09,22.3,24.81,0.0,79.97
1969-06,223.56,1.93,0.25,86.58,21.83,24.39,0.0,77.0
1969-07,158.99,1.37,0.2,83.3,21.16,24.01,0.02,63.85
1969-08,222.44,2.09,0.23,83.57,21.17,23.91,0.02,75.59
1969-09,175.45,1.64,0.19,82.16,21.45,24.37,0.1,66.29
1969-10,238.07,1.92,0.17,84.14,21.57,24.44,0.15,74.92
1969-11,271.54,2.74,0.19,86.27,21.73,24.34,0.07,86.59
1969-12,312.69,3.04,0.17,87.81,21.8,24.22,0.01,94.01
1970-01,323.53,3.04,0.21,87.92,21.61,24.09,0.0,94.28
1970-02,244.7,2.38,0.33,86.63,21.83,24.44,0.0,97.23
1970-03,344.58,3.85,0.27,88.07,21.99,24.46,0.0,100.29
1970-04,329.54,3.46,0.28,88.45,22.13,24.58,0.0,103.54
1970-05,298.34,2.65,0.25,88.36,22.15,24.59,0.0,91.73
1970-06,227.02,1.96,0.25,86.56,21.8,24.39,0.02,80.38
1970-07,205.99,1.68,0.24,85.33,21.26,23.92,0.02,70.16
1970-08,223.21,2.13,0.32,84.54,21.18,23.91,0.05,74.58
1970-09,281.14,3.0,0.28,85.58,21.4,24.1,0.01,86.62
1970-10,290.49,3.21,0.38,85.35,21.77,24.5,0.04,93.97
1970-11,313.65,3.0,0.26,87.52,21.72,24.25,0.0,93.36
1970-12,311.11,3.18,0.17,87.7,21.58,24.03,0.0,92.63
1971-01,340.71,4.12,0.34,88.32,21.34,23.64,0.0,107.61
1971-02,269.42,2.75,0.18,87.19,21.23,23.73,0.0,86.93
1971-03,269.8,2.38,0.18,86.7,21.43,24.1,0.0,85.54
1971-04,226.06,1.58,0.12,86.93,21.51,24.25,0.0,73.49
1971-05,244.99,1.76,0.21,87.23,21.69,24.36,0.01,76.95
1971-06,226.59,1.76,0.27,86.57,21.3,23.95,0.04,70.59
1971-07,187.02,1.67,0.26,84.64,20.89,23.73,0.03,66.7
1971-08,260.47,2.58,0.19,85.8,20.94,23.6,0.01,81.76
1971-09,257.2,2.42,0.21,85.51,21.35,24.11,0.08,84.87
1971-10,299.81,3.58,0.24,85.75,21.51,24.19,0.09,99.8
1971-11,299.38,2.8,0.17,87.43,21.28,23.83,0.0,91.91
1971-12,317.72,3.19,0.19,88.25,21.26,23.7,0.0,94.52
1972-01,234.23,2.07,0.14,85.65,21.03,23.74,0.0,80.98
1972-02,253.22,2.32,0.18,86.75,21.3,24.0,0.01,86.56
1972-03,260.53,2.13,0.11,86.73,21.42,24.08,0.0,80.6
1972-04,238.25,1.7,0.15,87.33,21.53,24.11,0.0,80.63
1972-05,207.97,1.27,0.1,87.09,21.66,24.22,0.0,73.83
1972-06,132.05,1.14,0.2,83.81,21.31,24.08,0.01,63.18
1972-07,67.09,0.33,0.05,79.75,21.2,24.34,0.07,27.13
1972-08,123.23,0.85,0.07,79.03,21.09,24.36,0.14,46.22
1972-09,132.2,1.23,0.12,77.17,21.43,24.74,0.83,54.23
1972-10,155.04,1.24,0.12,78.44,21.66,24.99,1.04,56.54
1972-11,246.65,2.03,0.19,84.27,22.05,24.88,0.35,81.58
1972-12,305.8,2.56,0.22,88.2,21.91,24.29,0.0,89.61
1973-01,325.81,3.87,0.36,87.57,21.95,24.36,0.0,105.86
1973-02,261.73,2.67,0.24,86.37,22.12,24.74,0.0,90.12
1973-03,359.69,4.59,0.42,87.94,22.27,24.65,0.0,110.48
1973-04,341.8,3.6,0.3,88.66,22.36,24.79,0.0,104.56
1973-05,284.16,2.12,0.19,88.15,22.08,24.61,0.01,83.98
1973-06,206.38,1.34,0.15,86.89,22.02,24.69,0.01,72.76
1973-07,178.98,1.43,0.24,84.59,21.58,24.42,0.01,80.93
1973-08,260.73,2.33,0.28,86.29,21.53,24.17,0.0,80.71
1973-09,327.69,3.82,0.34,87.1,21.61,24.16,0.03,95.22
1973-10,239.29,2.03,0.19,84.6,21.81,24.74,0.07,83.64
1973-11,300.14,3.04,0.23,86.9,21.94,24.54,0.0,93.89
1973-12,316.59,2.97,0.22,87.82,21.54,23.99,0.0,92.53
1974-01,198.13,1.49,0.15,84.78,21.27,24.0,0.0,81.21
1974-02,308.36,3.4,0.23,88.03,21.36,23.81,0.0,96.94
1974-03,203.32,1.36,0.09,85.48,21.46,24.3,0.0,76.1
1974-04,275.46,2.7,0.22,87.4,21.72,24.38,0.01,94.65
1974-05,242.7,1.65,0.19,87.21,21.7,24.39,0.01,79.03
1974-06,178.33,1.34,0.15,85.29,21.28,24.09,0.02,67.58
1974-07,214.45,1.53,0.19,85.93,21.09,23.83,0.02,73.33
1974-08,157.06,1.03,0.15,83.88,21.32,24.26,0.03,62.92
1974-09,283.93,2.59,0.23,86.67,21.37,24.05,0.0,83.38
1974-10,276.13,2.86,0.3,85.89,21.66,24.44,0.03,89.09
1974-11,284.26,2.72,0.23,86.9,21.8,24.43,0.0,93.47
1974-12,307.08,2.73,0.2,87.83,21.46,24.02,0.0,89.14
1975-01,294.57,3.0,0.32,86.93,21.39,24.06,0.0,97.98
1975-02,273.9,3.05,0.29,86.78,21.51,24.12,0.0,100.44
1975-03,313.06,3.55,0.24,87.33,21.67,24.32,0.03,93.99
1975-04,300.48,2.95,0.22,87.86,22.04,24.66,0.02,95.25
1975-05,276.6,2.33,0.21,87.62,21.81,24.47,0.02,83.3
1975-06,214.43,2.01,0.3,86.2,21.44,24.13,0.0,72.65
1975-07,222.2,1.49,0.19,86.47,20.99,23.7,0.0,70.12
1975-08,198.32,1.52,0.23,84.25,21.33,24.25,0.04,71.02
1975-09,290.33,2.93,0.26,86.78,21.4,24.08,0.01,90.25
1975-10,306.51,3.14,0.26,86.48,21.57,24.32,0.02,90.1
1975-11,317.86,3.21,0.25,87.55,21.48,24.11,0.0,98.01
1975-12,318.13,3.19,0.29,87.81,21.51,24.02,0.0,97.56
1976-01,253.89,2.2,0.21,86.62,21.26,23.85,0.0,84.98
1976-02,223.84,1.96,0.15,85.72,21.22,24.06,0.0,81.28
1976-03,278.86,2.59,0.2,86.76,21.52,24.27,0.0,85.08
1976-04,257.21,2.01,0.16,87.02,21.54,24.26,0.0,86.45
1976-05,187.25,1.51,0.17,85.12,21.62,24.54,0.04,77.42
1976-06,176.05,1.19,0.16,84.83,21.12,23.99,0.01,66.67
1976-07,146.57,0.9,0.12,83.07,20.95,23.92,0.06,58.9
1976-08,165.38,1.49,0.16,81.9,20.95,24.07,0.19,72.39
1976-09,131.61,1.04,0.08,80.26,21.15,24.45,0.2,61.64
1976-10,303.07,2.94,0.28,86.25,21.74,24.48,0.03,93.89
1976-11,298.25,2.73,0.19,87.56,21.82,24.46,0.01,91.82
1976-12,295.7,2.38,0.21,87.4,21.75,24.38,0.0,87.07
1977-01,268.75,2.74,0.21,86.97,21.75,24.37,0.0,92.27
1977-02,317.49,4.15,0.34,87.97,21.73,24.15,0.0,106.17
1977-03,276.23,2.47,0.2,86.99,21.86,24.46,0.0,87.76
1977-04,287.37,2.64,0.3,87.99,22.11,24.66,0.01,92.9
1977-05,225.19,1.3,0.16,87.11,22.01,24.72,0.03,69.26
1977-06,225.65,1.79,0.23,86.88,21.58,24.21,0.04,72.98
1977-07,185.17,1.59,0.28,84.44,21.22,23.94,0.06,66.11
1977-08,197.61,1.98,0.22,83.45,21.06,23.89,0.03,73.42
1977-09,138.9,1.06,0.12,81.33,21.48,24.57,0.26,57.95
1977-10,214.48,2.44,0.27,81.86,21.81,24.81,0.77,75.55
1977-11,247.91,2.27,0.2,84.77,21.91,24.78,0.33,90.21
1977-12,322.57,3.21,0.28,88.12,21.9,24.46,0.01,102.28
1978-01,316.86,3.61,0.42,87.37,21.91,24.42,0.0,105.9
1978-02,279.43,3.06,0.29,87.09,21.95,24.51,0.0,97.29
1978-03,360.69,4.24,0.41,88.14,22.27,24.77,0.0,106.03
1978-04,276.94,2.33,0.21,87.46,22.09,24.73,0.01,86.37
1978-05,272.89,2.45,0.23,87.63,22.65,25.21,0.05,92.97
1978-06,236.1,1.78,0.21,86.69,21.9,24.63,0.07,74.13
1978-07,238.18,1.57,0.21,86.84,21.49,24.13,0.01,74.89
1978-08,229.95,1.91,0.33,85.68,21.64,24.36,0.06,78.97
1978-09,289.65,3.02,0.36,86.55,21.53,24.2,0.04,93.5
1978-10,266.17,2.52,0.27,85.4,21.81,24.59,0.08,86.52
1978-11,304.43,3.23,0.33,87.12,21.92,24.5,0.01,102.46
1978-12,352.92,3.62,0.37,88.46,22.08,24.45,0.0,107.46
1979-01,221.08,1.68,0.13,86.17,22.06,24.72,0.0,71.15
1979-02,263.95,2.53,0.22,87.11,22.02,24.67,0.0,89.39
1979-03,309.39,3.35,0.32,87.1,22.05,24.71,0.02,97.96
1979-04,294.49,3.1,0.21,87.44,22.23,24.92,0.0,94.09
1979-05,250.4,2.14,0.22,86.64,22.26,25.05,0.06,87.57
1979-06,263.19,2.28,0.42,87.32,22.01,24.54,0.01,90.15
1979-07,171.61,1.18,0.25,84.58,21.41,24.15,0.02,62.04
1979-08,147.37,1.05,0.14,82.89,21.42,24.49,0.07,63.57
1979-09,264.82,2.74,0.28,85.24,21.64,24.41,0.09,88.1
1979-10,197.4,1.89,0.18,82.57,21.91,24.99,0.35,75.01
1979-11,342.5,4.0,0.34,87.16,22.1,24.71,0.14,103.14
1979-12,307.77,2.61,0.18,87.82,21.72,24.22,0.0,90.09
1980-01,278.42,2.69,0.24,86.88,22.07,24.62,0.0,85.75
1980-02,243.26,1.9,0.15,86.54,21.99,24.6,0.0,79.29
1980-03,269.39,2.54,0.18,86.57,21.94,24.69,0.0,85.27
1980-04,332.23,3.3,0.29,88.37,22.38,24.89,0.0,101.11
1980-05,226.33,1.63,0.17,86.84,22.39,25.1,0.0,78.23
1980-06,203.7,1.53,0.22,85.89,22.03,24.73,0.0,72.88
1980-07,165.61,1.05,0.2,84.22,21.61,24.54,0.02,58.22
1980-08,222.29,1.95,0.29,84.47,21.44,24.19,0.02,72.63
1980-09,149.22,1.11,0.13,81.45,21.64,24.8,0.11,57.11
1980-10,258.15,2.57,0.23,84.13,22.02,24.92,0.26,86.44
1980-11,272.37,2.39,0.16,86.08,22.11,24.88,0.08,86.52
1980-12,332.9,3.48,0.25,87.84,22.04,24.51,0.01,97.86
1981-01,240.72,2.31,0.16,85.48,21.8,24.45,0.0,83.28
1981-02,245.68,1.95,0.09,86.48,21.88,24.56,0.01,76.7
1981-03,277.98,2.49,0.19,86.58,21.94,24.72,0.0,84.61
1981-04,309.21,3.11,0.28,87.91,22.2,24.83,0.0,98.95
1981-05,276.32,1.91,0.29,87.81,22.39,24.97,0.0,83.24
1981-06,187.78,1.13,0.19,86.31,21.93,24.75,0.04,64.73
1981-07,234.49,1.73,0.28,86.5,21.55,24.28,0.06,77.07
1981-08,96.99,0.6,0.11,80.49,21.3,24.74,0.25,48.52
1981-09,299.34,3.33,0.42,86.01,21.8,24.49,0.04,102.76
1981-10,285.85,3.13,0.27,85.38,21.95,24.77,0.11,86.53
1981-11,342.93,3.84,0.27,87.43,21.98,24.6,0.02,102.36
1981-12,322.53,3.22,0.23,87.63,22.02,24.51,0.0,101.15
1982-01,284.67,2.74,0.19,86.96,21.79,24.32,0.0,92.56
1982-02,275.49,2.69,0.22,86.94,21.87,24.51,0.0,92.7
1982-03,337.33,3.77,0.21,87.56,21.89,24.51,0.0,98.63
1982-04,309.01,2.84,0.17,87.79,22.19,24.81,0.0,89.87
1982-05,238.52,1.75,0.21,86.73,22.11,24.81,0.0,85.09
1982-06,173.02,1.36,0.21,84.61,21.77,24.63,0.01,72.13
1982-07,82.66,0.38,0.06,80.44,21.03,24.29,0.01,33.72
1982-08,120.43,0.71,0.13,79.91,20.99,24.24,0.04,45.83
1982-09,122.34,0.94,0.08,78.46,21.2,24.69,0.38,50.33
1982-10,174.37,1.29,0.12,80.31,21.36,24.73,0.37,61.61
1982-11,195.1,1.48,0.18,82.61,21.86,25.07,0.41,70.22
1982-12,295.6,2.5,0.21,86.57,22.16,24.92,0.06,90.54
1983-01,302.83,3.24,0.27,87.04,22.24,24.81,0.0,97.09
1983-02,229.14,2.08,0.2,85.32,22.28,25.12,0.01,71.94
1983-03,242.41,2.25,0.25,84.6,22.67,25.6,0.45,77.73
1983-04,280.52,2.76,0.31,85.95,22.65,25.47,0.3,95.15
1983-05,315.0,2.69,0.22,88.48,22.55,25.09,0.01,89.3
1983-06,217.77,1.66,0.22,86.84,22.19,24.86,0.01,75.99
1983-07,202.33,1.48,0.18,85.6,21.71,24.42,0.01,65.28
1983-08,188.88,1.56,0.22,84.16,21.75,24.61,0.03,61.79
1983-09,230.71,2.43,0.29,83.38,21.81,24.77,0.23,78.15
1983-10,291.01,2.87,0.27,85.53,22.07,24.91,0.21,93.15
1983-11,290.51,2.9,0.2,86.28,22.09,24.83,0.01,91.86
1983-12,337.77,3.29,0.21,87.61,21.89,24.44,0.0,99.84
1984-01,331.84,3.23,0.24,87.7,21.6,24.15,0.0,95.07
1984-02,341.32,4.08,0.3,88.12,21.77,24.21,0.01,105.78
1984-03,365.07,4.09,0.27,88.14,21.95,24.5,0.0,103.64
1984-04,350.15,3.53,0.25,88.34,22.18,24.74,0.01,96.85
1984-05,307.97,2.44,0.22,88.26,22.07,24.63,0.0,83.76
1984-06,216.74,1.6,0.22,86.29,21.71,24.39,0.0,73.04
1984-07,250.11,2.04,0.26,86.58,21.28,23.91,0.0,84.58
1984-08,182.07,1.24,0.2,84.02,21.41,24.41,0.01,63.25
1984-09,296.38,2.93,0.16,86.58,21.37,24.14,0.01,89.75
1984-10,248.28,2.4,0.22,84.93,21.71,24.63,0.04,86.15
1984-11,273.7,2.35,0.19,86.2,21.85,24.66,0.05,86.77
1984-12,334.29,3.53,0.18,87.45,21.82,24.38,0.0,96.07
1985-01,290.3,2.66,0.18,86.57,21.67,24.39,0.01,90.59
1985-02,282.67,3.33,0.39,86.25,22.08,24.86,0.01,116.79
1985-03,307.77,3.07,0.22,87.15,21.94,24.65,0.0,95.29
1985-04,272.06,2.36,0.16,87.34,22.11,24.78,0.0,82.32
1985-05,272.71,2.02,0.23,87.33,22.24,24.93,0.0,84.89
1985-06,183.52,1.24,0.23,85.21,21.57,24.47,0.09,69.94
1985-07,221.98,1.75,0.25,85.28,20.92,23.78,0.09,73.96
1985-08,221.25,1.93,0.22,84.73,21.23,24.05,0.03,67.79
1985-09,262.84,2.52,0.34,84.85,21.35,24.21,0.05,78.9
1985-10,279.6,2.58,0.19,85.37,21.71,24.56,0.1,84.98
1985-11,308.34,2.87,0.17,86.85,21.94,24.68,0.02,88.26
1985-12,304.34,2.44,0.16,87.84,21.73,24.3,0.0,87.59
1986-01,356.69,4.28,0.57,87.41,22.01,24.43,0.01,129.01
1986-02,271.42,2.65,0.21,86.74,21.5,24.21,0.0,91.84
1986-03,402.38,5.16,0.45,88.46,21.83,24.31,0.0,116.17
1986-04,334.69,3.23,0.32,88.17,22.17,24.71,0.0,101.48
1986-05,179.58,1.11,0.13,85.53,22.18,25.04,0.0,77.01
1986-06,212.88,1.36,0.21,86.54,21.9,24.63,0.0,70.77
1986-07,193.72,1.38,0.2,85.18,21.42,24.33,0.05,74.75
1986-08,130.81,0.85,0.19,81.52,21.5,24.66,0.29,53.9
1986-09,217.3,2.19,0.22,83.39,21.56,24.55,0.12,76.94
1986-10,300.61,2.82,0.19,86.12,21.87,24.67,0.08,87.07
1986-11,296.97,3.04,0.19,86.52,21.86,24.57,0.01,96.68
1986-12,273.16,2.24,0.14,86.69,21.94,24.63,0.0,84.52
1987-01,347.91,4.1,0.26,88.43,21.88,24.22,0.0,102.97
1987-02,224.7,1.82,0.14,86.37,21.84,24.54,0.0,74.2
1987-03,295.68,2.77,0.21,86.7,22.06,24.8,0.0,89.14
1987-04,273.89,2.4,0.21,86.92,22.36,25.14,0.0,87.59
1987-05,257.48,2.03,0.17,87.12,22.29,24.98,0.0,84.72
1987-06,165.32,1.09,0.17,85.23,22.31,25.14,0.01,69.38
1987-07,108.12,0.51,0.07,82.03,21.6,24.71,0.05,47.04
1987-08,175.49,1.44,0.16,82.06,21.63,24.57,0.07,60.01
1987-09,185.93,1.81,0.3,80.91,21.88,25.05,0.55,69.5
1987-10,228.11,2.04,0.2,83.17,22.29,25.31,0.6,72.41
1987-11,295.08,2.97,0.26,86.13,22.49,25.22,0.14,98.37
1987-12,385.52,4.6,0.33,88.48,22.45,24.84,0.0,110.63
1988-01,374.76,4.44,0.37,88.43,22.29,24.71,0.0,109.58
1988-02,285.03,2.97,0.27,87.21,22.24,24.85,0.01,99.96
1988-03,401.41,5.43,0.67,87.44,22.72,25.32,0.03,130.31
1988-04,267.57,2.34,0.25,86.51,22.61,25.37,0.01,88.67
1988-05,269.51,2.22,0.26,87.03,22.73,25.42,0.02,86.22
1988-06,199.56,1.4,0.27,85.1,21.91,24.75,0.01,70.66
1988-07,229.13,1.83,0.32,85.52,21.68,24.46,0.01,73.83
1988-08,273.55,2.4,0.28,86.24,21.77,24.44,0.03,80.69
1988-09,265.69,2.55,0.24,85.49,21.95,24.74,0.09,79.27
1988-10,257.11,2.61,0.23,84.78,22.11,25.0,0.11,88.12
1988-11,349.39,4.18,0.39,87.37,22.22,24.74,0.02,111.72
1988-12,288.49,2.67,0.2,86.99,21.72,24.29,0.0,94.73
1989-01,337.8,3.85,0.37,87.36,21.98,24.55,0.01,108.87
1989-02,310.82,3.75,0.2,87.25,21.76,24.32,0.0,98.44
1989-03,308.47,2.99,0.18,87.1,21.75,24.44,0.01,95.16
1989-04,270.59,2.32,0.13,87.28,22.0,24.67,0.0,86.46
1989-05,234.84,1.38,0.09,87.0,22.21,24.95,0.0,69.57
1989-06,228.13,1.74,0.23,86.03,21.74,24.56,0.05,73.94
1989-07,233.46,1.7,0.24,85.77,21.6,24.44,0.04,74.39
1989-08,197.97,1.47,0.21,84.38,21.47,24.32,0.04,66.41
1989-09,239.52,2.11,0.23,84.52,21.52,24.5,0.03,77.39
1989-10,307.07,3.43,0.21,85.64,21.9,24.71,0.08,92.05
1989-11,299.23,2.99,0.18,86.72,22.13,24.8,0.02,93.19
1989-12,300.6,2.73,0.19,87.74,21.9,24.39,0.0,97.67
1990-01,343.68,4.66,0.33,87.69,21.92,24.35,0.0,109.47
1990-02,249.83,2.23,0.18,86.54,22.05,24.78,0.0,82.46
1990-03,261.75,2.37,0.24,86.49,22.17,24.85,0.01,89.24
1990-04,271.48,2.41,0.23,87.18,22.46,25.1,0.0,87.79
1990-05,251.64,1.79,0.16,87.48,22.53,25.12,0.01,80.78
1990-06,175.69,1.35,0.22,85.32,22.05,24.81,0.05,67.73
1990-07,212.13,1.42,0.23,85.63,21.47,24.29,0.01,68.41
1990-08,152.74,1.15,0.16,82.59,21.49,24.54,0.17,64.83
1990-09,212.15,2.26,0.28,83.14,21.63,24.47,0.01,77.4
1990-10,254.35,2.46,0.18,84.42,21.96,24.79,0.25,84.23
1990-11,214.72,1.87,0.11,84.49,22.16,25.09,0.26,78.49
1990-12,333.53,3.46,0.3,87.55,21.99,24.56,0.01,101.57
1991-01,318.49,3.52,0.2,87.43,22.14,24.67,0.02,97.16
1991-02,240.92,2.15,0.18,86.25,22.09,24.75,0.05,84.46
1991-03,313.43,3.15,0.27,87.18,22.1,24.74,0.01,98.86
1991-04,346.99,3.85,0.35,88.42,22.25,24.71,0.0,106.13
1991-05,226.46,1.67,0.17,87.44,22.26,24.65,0.0,79.36
1991-06,133.13,1.21,0.22,84.0,22.01,24.8,0.01,66.11
1991-07,139.16,1.09,0.19,81.78,21.51,24.51,0.03,53.79
1991-08,140.88,1.11,0.19,80.29,21.54,24.62,0.18,53.36
1991-09,114.53,0.8,0.09,78.96,21.49,24.83,0.28,47.57
1991-10,198.8,1.94,0.23,80.78,21.55,24.77,0.82,74.42
1991-11,311.15,3.42,0.28,87.05,21.77,24.33,0.01,90.77
1991-12,374.99,4.37,0.36,88.61,21.89,24.35,0.0,111.55
1992-01,260.39,2.17,0.2,86.58,21.61,24.34,0.0,85.7
1992-02,243.76,2.26,0.19,85.56,21.84,24.73,0.01,82.94
1992-03,298.59,2.99,0.25,86.59,22.12,24.9,0.01,94.52
1992-04,279.62,2.65,0.24,87.36,22.26,24.89,0.0,97.09
1992-05,259.7,2.05,0.25,88.01,22.23,24.77,0.0,82.57
1992-06,177.88,1.3,0.14,85.33,21.96,24.78,0.0,67.83
1992-07,204.8,1.58,0.23,85.07,21.35,24.15,0.0,65.25
1992-08,184.56,1.5,0.25,83.65,21.44,24.47,0.02,74.25
1992-09,227.63,2.02,0.2,84.74,21.54,24.55,0.03,80.3
1992-10,262.74,2.73,0.27,84.48,21.83,24.71,0.02,85.23
1992-11,311.98,3.32,0.21,86.34,21.84,24.64,0.12,94.7
1992-12,351.82,3.98,0.24,87.88,21.8,24.39,0.0,101.7
1993-01,313.33,3.97,0.46,85.96,21.78,24.55,0.0,118.22
1993-02,206.77,1.29,0.11,85.42,21.75,24.67,0.02,70.76
1993-03,317.8,3.38,0.23,86.78,21.72,24.52,0.0,94.84
1993-04,302.77,2.78,0.24,87.32,22.12,24.86,0.0,93.02
1993-05,257.32,2.18,0.23,86.73,22.3,25.07,0.0,82.78
1993-06,201.78,1.59,0.23,85.89,22.07,24.87,0.0,74.45
1993-07,194.87,1.53,0.26,84.91,21.55,24.37,0.0,68.04
1993-08,119.25,0.74,0.09,81.08,21.3,24.56,0.08,48.06
1993-09,190.64,1.65,0.17,82.21,21.45,24.59,0.11,60.6
1993-10,230.22,2.37,0.2,82.8,21.84,24.93,0.32,76.39
1993-11,309.58,3.28,0.23,86.24,22.23,25.02,0.14,96.74
1993-12,340.62,3.61,0.31,87.36,22.35,24.95,0.0,105.91
1994-01,326.25,3.45,0.21,87.49,22.0,24.59,0.0,95.5
1994-02,265.06,2.86,0.25,86.12,22.09,24.87,0.0,97.51
1994-03,420.55,5.96,0.39,88.35,22.04,24.55,0.0,115.34
1994-04,324.06,3.26,0.29,87.36,22.21,24.94,0.0,102.86
1994-05,258.91,2.32,0.35,86.26,22.14,24.92,0.0,91.58
1994-06,213.14,1.7,0.24,85.54,21.77,24.57,0.0,70.49
1994-07,101.53,0.72,0.13,81.16,21.16,24.36,0.01,48.56
1994-08,164.54,1.39,0.21,80.95,21.18,24.36,0.24,54.77
1994-09,109.71,0.82,0.12,78.09,21.36,24.84,0.89,45.79
1994-10,200.01,1.74,0.18,81.31,21.71,25.01,0.88,68.96
1994-11,289.89,2.9,0.2,85.08,22.14,25.12,0.27,86.3
1994-12,327.63,3.64,0.33,86.73,22.2,24.89,0.01,101.51
1995-01,371.78,4.83,0.47,87.58,22.14,24.66,0.0,116.79
1995-02,327.24,3.96,0.35,87.21,22.01,24.67,0.01,109.72
1995-03,355.13,4.34,0.33,87.38,22.21,24.89,0.0,102.07
1995-04,313.72,3.13,0.26,87.3,22.32,25.06,0.0,98.13
1995-05,267.66,2.73,0.39,86.28,22.47,25.32,0.02,98.98
1995-06,248.15,2.01,0.33,86.53,22.32,25.08,0.0,81.89
1995-07,227.46,2.22,0.38,84.94,21.6,24.5,0.0,82.4
1995-08,265.52,2.81,0.52,84.96,21.79,24.5,0.06,85.79
1995-09,241.35,2.59,0.38,83.96,21.94,24.86,0.17,89.12
1995-10,294.47,3.17,0.29,85.42,22.15,24.99,0.08,87.16
1995-11,360.24,4.72,0.27,87.28,22.34,25.01,0.01,106.98
1995-12,311.57,3.04,0.27,86.82,22.12,24.74,0.01,99.52
1996-01,302.16,2.99,0.17,86.96,21.84,24.46,0.01,93.77
1996-02,330.2,3.82,0.31,87.6,21.96,24.48,0.01,105.59
1996-03,280.2,2.68,0.34,85.8,22.37,25.23,0.03,102.03
1996-04,308.79,2.99,0.33,87.05,22.39,25.13,0.0,96.84
1996-05,202.5,1.42,0.18,85.28,22.34,25.29,0.01,73.22
1996-06,228.72,1.82,0.28,86.4,22.16,24.9,0.0,78.8
1996-07,184.51,1.63,0.25,84.43,21.79,24.72,0.02,73.81
1996-08,258.3,2.5,0.31,85.04,21.73,24.61,0.04,85.05
1996-09,219.54,2.06,0.21,83.71,21.98,24.99,0.13,80.88
1996-10,370.26,4.75,0.4,86.92,22.21,24.88,0.04,106.65
1996-11,271.13,2.56,0.17,85.86,22.11,24.95,0.05,88.93
1996-12,320.87,3.73,0.28,86.18,22.12,24.76,0.03,105.47
1997-01,265.11,2.46,0.18,85.79,21.84,24.6,0.01,87.19
1997-02,293.13,3.43,0.29,86.26,22.06,24.75,0.0,98.41
1997-03,221.26,1.37,0.12,84.77,22.19,25.15,0.04,76.59
1997-04,253.65,2.09,0.19,86.08,22.14,25.01,0.0,81.68
1997-05,178.18,1.35,0.22,84.23,22.22,25.3,0.03,77.8
1997-06,97.82,0.4,0.07,81.13,21.72,25.13,0.04,45.24
1997-07,153.97,1.35,0.16,81.66,21.57,24.66,0.16,71.23
1997-08,77.86,0.37,0.04,76.74,21.32,24.98,0.76,30.59
1997-09,104.15,0.72,0.09,76.74,21.48,25.09,0.8,44.2
1997-10,161.08,1.18,0.11,79.18,21.87,25.35,1.17,58.56
1997-11,237.56,2.01,0.18,82.99,22.25,25.36,0.8,78.97
1997-12,293.06,2.71,0.16,85.94,22.52,25.3,0.03,87.37
1998-01,248.93,2.13,0.31,84.67,22.82,25.67,0.14,90.14
1998-02,272.06,3.21,0.39,84.87,22.99,25.82,0.61,97.29
1998-03,302.95,3.32,0.35,84.55,23.01,25.87,0.72,100.26
1998-04,336.19,3.98,0.46,85.86,23.29,26.05,0.74,105.67
1998-05,282.08,2.55,0.38,86.44,23.48,26.14,0.16,99.46
1998-06,269.4,2.37,0.33,86.6,22.79,25.49,0.07,82.93
1998-07,281.15,2.39,0.35,86.49,22.35,25.09,0.04,90.24
1998-08,295.6,3.12,0.48,86.21,22.16,24.85,0.01,89.73
1998-09,279.74,3.11,0.39,85.04,22.33,25.16,0.07,95.67
1998-10,314.46,3.52,0.29,85.95,22.64,25.4,0.07,98.83
1998-11,305.07,3.52,0.25,85.97,22.55,25.24,0.08,96.53
1998-12,338.78,3.78,0.26,87.26,22.31,24.88,0.01,100.51
1999-01,334.15,3.75,0.29,87.31,22.31,24.84,0.03,106.22
1999-02,272.96,2.59,0.19,86.22,22.21,24.88,0.02,90.54
1999-03,374.77,4.49,0.47,86.92,22.35,25.03,0.03,109.27
1999-04,288.37,3.07,0.31,85.66,22.5,25.37,0.05,97.14
1999-05,281.0,2.52,0.17,86.24,22.17,24.94,0.01,83.07
1999-06,221.75,1.69,0.28,85.12,21.78,24.73,0.01,72.68
1999-07,187.74,1.45,0.23,83.95,21.36,24.36,0.02,69.83
1999-08,212.89,2.0,0.24,82.98,21.41,24.44,0.1,73.18
1999-09,227.06,2.36,0.28,82.18,21.57,24.77,0.28,80.59
1999-10,341.72,4.02,0.36,86.24,22.07,24.79,0.07,103.16
1999-11,309.86,3.22,0.23,86.55,22.11,24.86,0.01,96.08
1999-12,326.07,3.78,0.34,86.9,22.28,24.88,0.01,104.63
2000-01,365.21,4.52,0.41,87.22,21.91,24.51,0.03,112.18
2000-02,287.26,3.32,0.3,85.89,22.1,24.87,0.03,94.06
2000-03,305.13,3.3,0.17,85.35,22.12,25.01,0.07,95.84
2000-04,337.5,3.44,0.28,87.08,22.36,25.07,0.01,96.81
2000-05,253.84,1.98,0.27,86.12,22.4,25.27,0.03,89.23
2000-06,270.57,2.67,0.36,87.09,21.86,24.43,0.01,85.03
2000-07,178.49,1.28,0.21,84.03,21.56,24.55,0.08,70.74
2000-08,200.4,1.76,0.3,83.82,21.46,24.44,0.03,76.52
2000-09,210.5,1.83,0.19,83.28,21.8,24.96,0.07,68.63
2000-10,322.33,3.71,0.34,85.9,22.2,24.95,0.06,103.6
2000-11,337.47,3.65,0.42,87.06,22.43,25.1,0.02,108.34
2000-12,278.21,2.74,0.19,86.16,22.45,25.15,0.05,90.85
2001-01,370.07,4.5,0.38,87.46,22.06,24.69,0.02,113.46
2001-02,299.82,3.48,0.43,86.5,22.28,24.89,0.06,108.71
2001-03,327.87,3.71,0.27,86.29,22.26,25.06,0.01,99.63
2001-04,340.63,3.65,0.31,87.42,22.38,25.14,0.01,102.1
2001-05,219.37,1.64,0.16,85.51,22.43,25.34,0.02,73.14
2001-06,199.84,1.3,0.17,85.55,21.89,24.79,0.04,71.32
2001-07,156.9,1.13,0.16,82.43,21.52,24.7,0.14,63.04
2001-08,136.83,1.11,0.11,81.15,21.7,24.85,0.25,59.74
2001-09,261.51,2.63,0.28,84.08,21.9,24.92,0.09,83.86
2001-10,283.07,2.96,0.22,85.04,22.32,25.24,0.15,91.64
2001-11,322.76,3.58,0.24,86.94,22.42,25.06,0.01,99.34
2001-12,308.31,3.28,0.3,86.4,22.15,24.82,0.0,107.46
2002-01,329.83,3.93,0.37,86.95,22.21,24.82,0.01,109.85
2002-02,224.91,2.1,0.21,84.98,22.24,25.04,0.02,79.69
2002-03,334.61,3.75,0.26,87.08,22.32,25.04,0.01,97.6
2002-04,278.01,2.46,0.22,86.31,22.43,25.31,0.0,90.09
2002-05,204.96,1.99,0.23,84.97,22.54,25.47,0.03,91.86
2002-06,201.35,1.94,0.22,85.11,22.11,24.92,0.01,79.59
2002-07,110.97,0.6,0.09,81.95,21.74,24.88,0.04,42.83
2002-08,110.04,0.79,0.1,78.94,21.35,24.75,0.21,44.4
2002-09,159.44,1.37,0.15,80.13,21.71,25.02,0.34,57.99
2002-10,164.39,1.41,0.12,79.38,22.07,25.5,1.15,58.79
2002-11,284.82,2.89,0.25,84.52,22.48,25.39,0.26,92.38
2002-12,305.14,2.94,0.2,86.32,22.46,25.21,0.05,98.51
2003-01,307.52,3.31,0.27,86.5,22.39,24.97,0.0,103.26
2003-02,284.7,3.42,0.26,86.47,22.43,25.04,0.05,102.38
2003-03,314.05,3.42,0.26,85.92,22.34,25.14,0.04,94.66
2003-04,286.21,2.59,0.21,86.55,22.62,25.35,0.01,87.87
2003-05,187.73,1.73,0.21,84.04,22.65,25.61,0.06,85.3
2003-06,143.04,1.05,0.14,81.75,22.07,25.24,0.14,60.97
2003-07,193.95,1.67,0.25,83.47,21.71,24.59,0.04,68.41
2003-08,188.5,1.65,0.23,82.69,21.81,24.8,0.14,65.7
2003-09,219.79,2.21,0.2,83.36,21.91,24.89,0.07,74.18
2003-10,290.87,3.5,0.36,84.35,22.27,25.15,0.15,96.76
2003-11,303.9,3.41,0.29,85.64,22.5,25.26,0.09,99.76
2003-12,353.1,4.27,0.39,87.35,22.43,24.9,0.01,110.54
2004-01,315.44,3.17,0.26,86.95,22.44,25.01,0.03,95.4
2004-02,263.87,2.74,0.2,86.06,22.45,25.07,0.02,87.72
2004-03,296.46,3.42,0.24,85.92,22.62,25.37,0.04,99.82
2004-04,259.76,2.16,0.22,86.16,22.66,25.47,0.01,80.31
2004-05,238.9,2.28,0.32,85.21,22.64,25.55,0.07,92.62
2004-06,111.87,0.79,0.06,82.29,21.9,24.96,0.13,52.93
2004-07,198.92,1.33,0.12,84.81,21.56,24.31,0.02,63.94
2004-08,77.64,0.55,0.1,78.61,21.3,24.72,0.2,37.14
2004-09,229.5,2.36,0.3,82.44,21.77,24.78,0.3,74.71
2004-10,184.15,1.84,0.14,81.29,22.1,25.33,0.57,71.67
2004-11,296.25,3.11,0.34,85.24,22.45,25.3,0.25,99.23
2004-12,322.93,3.24,0.28,86.96,22.44,25.03,0.05,97.97
2005-01,263.82,2.71,0.19,85.81,22.44,25.06,0.01,91.0
2005-02,253.51,2.45,0.21,85.57,22.54,25.32,0.03,83.92
2005-03,306.16,3.39,0.28,85.57,22.63,25.42,0.06,103.61
2005-04,289.36,3.26,0.35,86.19,22.68,25.35,0.02,109.72
2005-05,247.22,2.16,0.24,85.83,22.65,25.31,0.01,82.2
2005-06,199.68,1.57,0.19,85.27,22.38,25.22,0.05,69.56
2005-07,196.95,1.47,0.22,84.64,21.96,24.78,0.06,68.01
2005-08,169.67,1.35,0.17,82.69,21.89,24.91,0.17,64.08
2005-09,189.17,1.78,0.23,82.28,22.17,25.29,0.29,70.47
2005-10,340.43,4.17,0.38,85.69,22.4,25.14,0.09,104.82
2005-11,317.2,3.66,0.29,86.17,22.45,25.11,0.03,103.6
2005-12,348.05,3.78,0.26,87.23,22.37,24.88,0.01,102.8
2006-01,329.4,4.01,0.41,86.42,22.35,24.93,0.03,113.0
2006-02,322.58,3.82,0.31,86.66,22.51,25.15,0.01,106.88
2006-03,296.67,3.35,0.36,85.62,22.48,25.29,0.03,100.87
2006-04,306.84,3.09,0.19,86.88,22.49,25.14,0.04,93.67
2006-05,241.23,1.76,0.17,86.12,22.45,25.27,0.0,76.12
2006-06,251.6,2.33,0.37,86.12,22.08,24.73,0.0,84.17
2006-07,148.66,1.07,0.21,82.82,21.91,24.89,0.03,55.75
2006-08,120.2,0.93,0.13,79.64,21.5,24.72,0.29,50.21
2006-09,175.82,1.76,0.26,80.65,21.71,24.86,0.52,67.61
2006-10,151.69,1.25,0.13,79.12,22.19,25.47,0.94,54.82
2006-11,225.74,1.8,0.12,82.78,22.49,25.56,0.56,72.51
2006-12,367.6,4.42,0.59,86.11,22.78,25.47,0.09,130.2
2007-01,327.76,3.93,0.45,86.18,22.75,25.29,0.05,117.05
2007-02,271.88,2.84,0.23,85.66,22.39,25.12,0.02,94.43
2007-03,306.69,3.55,0.26,85.29,22.44,25.29,0.02,97.96
2007-04,356.09,3.94,0.42,86.94,22.65,25.34,0.01,106.82
2007-05,253.41,2.15,0.28,85.82,22.7,25.53,0.0,87.02
2007-06,267.09,2.52,0.42,86.25,22.52,25.23,0.01,93.08
2007-07,203.83,1.97,0.3,84.45,21.86,24.65,0.02,83.48
2007-08,215.86,1.85,0.31,83.5,21.71,24.61,0.03,75.27
2007-09,212.9,2.42,0.38,82.49,21.9,24.93,0.15,83.89
2007-10,279.28,2.96,0.29,83.95,22.29,25.28,0.26,90.51
2007-11,283.44,2.78,0.24,85.41,22.37,25.17,0.05,93.34
2007-12,343.55,4.07,0.47,86.34,22.47,25.13,0.04,112.0
2008-01,273.46,2.35,0.28,85.1,22.42,25.22,0.03,99.37
2008-02,257.3,2.9,0.23,84.85,22.35,25.07,0.03,98.87
2008-03,375.65,4.75,0.36,86.85,22.09,24.78,0.03,109.73
2008-04,330.66,3.61,0.42,86.56,22.3,25.03,0.0,105.9
2008-05,206.14,1.59,0.3,83.94,22.12,25.16,0.01,79.98
2008-06,234.05,2.13,0.38,85.21,21.94,24.76,0.0,83.46
2008-07,219.51,2.02,0.34,84.16,21.6,24.46,0.06,73.24
2008-08,268.26,2.62,0.39,84.33,21.69,24.55,0.04,85.11
2008-09,249.24,2.79,0.33,83.78,21.98,24.96,0.06,87.56
2008-10,317.42,3.62,0.41,85.34,22.37,25.2,0.07,104.35
2008-11,367.72,4.35,0.39,86.82,22.64,25.27,0.02,106.73
2008-12,368.23,4.51,0.41,87.16,22.51,24.98,0.02,110.47
2009-01,294.65,2.84,0.25,86.05,22.4,24.99,0.06,98.63
2009-02,285.29,3.56,0.28,85.62,22.37,25.05,0.02,102.17
2009-03,322.78,3.54,0.21,85.93,22.27,25.06,0.02,95.4
2009-04,277.38,2.69,0.35,85.52,22.77,25.63,0.03,97.3
2009-05,230.12,1.75,0.19,84.96,22.7,25.65,0.06,80.31
2009-06,181.31,1.37,0.26,83.92,22.3,25.3,0.05,66.5
2009-07,153.55,1.15,0.14,81.99,21.84,24.91,0.11,58.03
2009-08,169.28,1.47,0.25,81.05,22.06,25.22,0.39,60.22
2009-09,148.68,1.46,0.2,79.46,22.39,25.74,1.34,62.1
2009-10,243.46,2.45,0.24,82.59,22.4,25.47,0.2,81.82
2009-11,319.08,3.93,0.4,84.89,22.74,25.5,0.18,107.34
2009-12,332.38,3.64,0.35,85.98,22.72,25.36,0.03,102.23
2010-01,326.51,3.52,0.34,86.15,22.64,25.21,0.02,102.99
2010-02,270.38,2.85,0.32,85.24,23.0,25.77,0.09,93.35
2010-03,369.33,4.6,0.5,86.1,22.98,25.67,0.05,113.04
2010-04,330.68,3.73,0.39,86.39,23.23,25.98,0.03,102.82
2010-05,320.4,3.02,0.46,86.82,23.48,26.14,0.06,98.91
2010-06,270.54,2.5,0.4,86.21,22.78,25.46,0.01,92.9
2010-07,285.3,2.86,0.41,86.27,22.37,25.04,0.04,90.3
2010-08,286.92,2.83,0.48,85.48,22.38,25.16,0.06,99.73
2010-09,324.49,3.64,0.42,85.95,22.46,25.2,0.07,99.28
2010-10,327.45,4.04,0.41,84.9,22.59,25.43,0.08,110.49
2010-11,339.72,3.9,0.3,86.24,22.63,25.29,0.02,100.12
2010-12,315.48,3.39,0.29,85.99,22.39,25.04,0.02,96.12
2011-01,300.81,3.01,0.25,85.99,22.28,24.91,0.05,95.05
2011-02,251.59,2.65,0.24,84.96,22.35,25.14,0.05,86.08
2011-03,340.51,4.05,0.29,86.18,22.41,25.08,0.03,101.47
2011-04,331.4,3.66,0.3,86.51,22.61,25.27,0.01,106.77
2011-05,278.03,2.59,0.41,85.81,22.75,25.5,0.07,98.53
2011-06,198.08,1.7,0.3,84.47,22.27,25.04,0.01,75.93
2011-07,166.05,1.46,0.31,83.21,21.83,24.81,0.05,69.48
2011-08,171.56,1.56,0.24,81.6,21.85,24.87,0.19,64.87
2011-09,245.88,2.84,0.44,82.81,22.1,25.04,0.29,82.66
2011-10,278.05,2.87,0.24,84.26,22.41,25.26,0.1,92.07
2011-11,328.01,3.6,0.39,85.82,22.65,25.35,0.04,105.19
2011-12,366.95,4.38,0.52,86.82,22.79,25.27,0.04,114.23
2012-01,292.49,3.3,0.24,85.49,22.49,25.19,0.02,93.8
2012-02,315.74,3.47,0.3,86.0,22.41,25.11,0.03,100.88
2012-03,335.58,4.42,0.46,85.49,22.54,25.23,0.02,113.42
2012-04,321.38,3.51,0.28,86.01,22.57,25.35,0.01,97.13
2012-05,263.84,2.38,0.35,85.37,22.65,25.46,0.02,88.0
2012-06,187.7,1.7,0.33,83.73,22.2,25.15,0.07,76.14
2012-07,231.42,2.23,0.32,84.29,21.87,24.63,0.06,80.65
2012-08,194.7,1.82,0.31,82.09,21.81,24.81,0.18,75.49
2012-09,183.28,1.84,0.35,80.92,22.03,25.25,0.47,70.5
2012-10,267.7,2.85,0.31,83.28,22.5,25.48,0.3,89.84
2012-11,353.47,4.37,0.5,86.21,22.73,25.41,0.07,110.11
2012-12,390.57,4.96,0.4,86.84,22.68,25.31,0.07,113.16
2013-01,325.86,3.99,0.35,86.02,22.82,25.39,0.03,106.48
2013-02,338.67,4.56,0.46,86.34,22.71,25.3,0.01,119.84
2013-03,304.0,3.14,0.3,85.29,22.92,25.75,0.06,92.7
2013-04,364.35,4.71,0.5,86.38,23.01,25.69,0.05,119.11
2013-05,316.82,3.42,0.36,86.53,23.0,25.67,0.01,101.7
2013-06,243.95,2.37,0.45,84.46,22.75,25.69,0.24,87.65
2013-07,305.47,3.63,0.61,85.76,21.97,24.68,0.05,101.43
2013-08,217.86,2.16,0.25,83.31,21.76,24.75,0.05,76.14
2013-09,227.03,2.4,0.34,83.08,22.08,25.07,0.05,88.7
2013-10,254.03,2.63,0.3,83.14,22.39,25.42,0.26,86.71
2013-11,339.74,4.2,0.39,85.83,22.52,25.27,0.06,108.25
2013-12,408.56,5.67,0.6,87.41,22.68,25.13,0.01,129.88
2014-01,272.28,2.99,0.25,85.2,22.36,24.91,0.01,97.65
2014-02,202.22,2.24,0.2,82.92,22.36,25.35,0.12,82.66
2014-03,274.03,2.67,0.23,84.6,22.57,25.49,0.06,91.16
2014-04,302.01,3.13,0.29,85.83,22.76,25.54,0.03,97.83
2014-05,288.19,2.67,0.34,86.23,23.0,25.7,0.01,87.97
2014-06,241.21,2.23,0.39,85.26,22.87,25.59,0.11,84.65
2014-07,157.36,1.34,0.19,83.11,22.31,25.23,0.21,63.92
2014-08,252.16,2.62,0.42,83.78,21.91,24.77,0.04,82.82
2014-09,175.71,1.85,0.3,80.03,21.9,25.19,0.5,61.34
2014-10,187.41,1.82,0.29,79.46,22.46,25.79,1.49,67.71
2014-11,330.03,3.93,0.37,84.84,22.76,25.58,0.29,105.01
2014-12,386.14,4.97,0.45,86.94,22.82,25.35,0.06,115.99
2015-01,312.98,3.27,0.29,86.0,22.57,25.1,0.02,103.28
2015-02,283.22,3.39,0.37,85.66,22.4,25.05,0.02,98.51
2015-03,305.0,3.14,0.27,85.47,22.61,25.34,0.04,96.34
2015-04,328.9,3.59,0.34,86.33,22.78,25.54,0.01,97.14
2015-05,231.06,1.84,0.21,85.02,22.87,25.68,0.01,80.59
2015-06,211.76,2.11,0.4,84.43,22.58,25.4,0.04,86.54
2015-07,118.13,0.99,0.15,80.5,22.06,25.29,0.24,56.87
2015-08,103.85,0.73,0.11,79.37,21.81,25.16,0.37,44.9
2015-09,123.69,1.2,0.2,77.18,22.17,25.59,0.69,46.93
2015-10,146.38,1.41,0.17,77.38,22.53,25.95,1.45,62.76
2015-11,320.48,3.75,0.38,84.4,23.02,25.83,0.54,95.82
2015-12,312.29,3.31,0.41,85.2,23.09,25.83,0.15,103.47
2016-01,303.77,3.22,0.46,85.14,23.22,25.96,0.15,109.22
2016-02,368.79,5.12,0.8,86.11,23.16,25.72,0.05,132.15
2016-03,352.42,4.3,0.46,86.09,23.5,26.14,0.1,107.72
2016-04,364.14,4.44,0.55,86.1,23.52,26.23,0.19,109.17
2016-05,309.83,3.17,0.42,86.13,23.59,26.3,0.06,98.82
2016-06,247.93,2.56,0.42,85.16,22.86,25.63,0.03,90.62
2016-07,258.52,2.58,0.41,84.6,22.56,25.4,0.13,89.21
2016-08,188.75,1.77,0.25,82.15,22.62,25.67,0.35,76.18
2016-09,307.41,3.75,0.45,84.33,22.71,25.57,0.21,102.11
2016-10,373.81,5.1,0.54,85.39,22.91,25.58,0.21,113.12
2016-11,358.57,4.52,0.45,86.28,23.08,25.7,0.11,107.37
2016-12,317.95,3.47,0.35,85.58,23.0,25.61,0.06,105.04
2017-01,332.68,3.94,0.36,85.83,22.75,25.4,0.04,107.34
2017-02,310.24,3.91,0.47,85.29,22.72,25.34,0.05,122.03
2017-03,339.84,4.02,0.31,86.01,22.74,25.41,0.03,107.61
2017-04,348.0,4.08,0.4,86.63,22.89,25.54,0.02,108.63
2017-05,326.99,3.57,0.46,86.24,23.2,25.82,0.02,103.81
2017-06,276.29,3.28,0.52,85.8,22.68,25.34,0.02,91.96
2017-07,233.43,2.4,0.43,84.67,22.39,25.14,0.05,83.33
2017-08,249.56,2.7,0.43,83.66,22.32,25.1,0.03,80.76
2017-09,277.97,3.38,0.58,83.26,22.59,25.48,0.28,98.79
2017-10,272.58,2.93,0.34,83.89,22.86,25.8,0.23,96.41
2017-11,388.97,5.32,0.52,86.55,22.95,25.56,0.04,120.21
2017-12,306.99,3.26,0.37,85.78,22.94,25.56,0.03,103.75
2018-01,300.23,3.64,0.33,85.18,22.65,25.34,0.05,106.68
2018-02,279.46,2.87,0.21,85.22,22.64,25.37,0.04,93.52
2018-03,343.49,4.12,0.39,85.77,22.67,25.41,0.05,106.12
2018-04,316.19,3.41,0.39,85.85,22.97,25.69,0.05,99.91
2018-05,289.15,2.73,0.41,85.62,23.01,25.69,0.02,92.46
2018-06,210.66,2.01,0.35,84.31,22.55,25.38,0.05,83.44
2018-07,171.0,1.57,0.24,82.92,22.27,25.18,0.03,70.9
2018-08,153.86,1.37,0.18,80.84,22.1,25.25,0.35,59.67
2018-09,200.33,2.12,0.36,80.56,22.09,25.29,0.44,73.46
2018-10,275.79,3.41,0.44,82.24,22.63,25.64,0.67,94.24
2018-11,349.05,4.34,0.42,85.4,22.93,25.67,0.16,110.55
2018-12,319.95,3.59,0.32,85.63,22.97,25.62,0.04,103.5
2019-01,303.97,3.21,0.3,85.64,22.93,25.52,0.02,94.03
2019-02,289.41,3.22,0.37,85.22,22.8,25.55,0.06,97.88
2019-03,300.55,3.52,0.41,84.51,22.79,25.66,0.12,106.3
2019-04,332.96,3.99,0.57,86.05,23.22,25.92,0.06,116.73
2019-05,227.37,1.7,0.28,84.79,23.1,25.95,0.07,91.02
2019-06,256.52,3.03,0.54,85.29,22.74,25.38,0.01,97.05
2019-07,142.37,1.22,0.19,81.74,21.9,24.97,0.05,53.78
2019-08,123.48,0.99,0.19,79.23,21.98,25.2,0.39,51.44
2019-09,120.69,1.14,0.2,77.3,22.01,25.5,1.18,64.23
2019-10,250.98,2.68,0.34,81.45,22.46,25.59,0.88,79.95
2019-11,190.84,1.51,0.15,81.41,22.92,26.05,0.84,69.72
2019-12,330.28,3.61,0.38,85.22,23.08,25.76,0.3,102.02
2020-01,287.64,3.12,0.39,85.03,23.2,25.91,0.09,99.46
2020-02,299.55,3.57,0.47,84.76,23.18,25.9,0.07,105.76
2020-03,364.98,5.02,0.58,85.57,23.23,25.97,0.15,118.83
2020-04,375.23,5.15,0.7,86.14,23.26,25.99,0.08,128.23
2020-05,314.52,3.54,0.67,85.88,23.56,26.21,0.1,111.95
2020-06,264.96,2.92,0.53,85.75,22.81,25.47,0.01,94.2
2020-07,264.62,2.84,0.51,85.22,22.4,25.07,0.02,86.75
2020-08,194.64,2.0,0.33,82.41,22.47,25.48,0.08,74.84
2020-09,294.74,3.61,0.59,83.89,22.59,25.42,0.21,95.4
2020-10,302.25,3.77,0.52,83.91,22.78,25.63,0.21,109.23
2020-11,333.73,4.33,0.45,85.21,22.94,25.68,0.14,110.71
2020-12,316.3,3.52,0.34,85.78,22.86,25.5,0.06,101.36
2021-01,343.25,4.46,0.49,86.42,22.72,25.22,0.05,115.14
2021-02,225.64,2.35,0.24,84.52,22.73,25.52,0.06,82.21
2021-03,374.3,4.71,0.58,85.52,22.62,25.4,0.04,117.41
2021-04,255.54,2.55,0.31,84.3,22.72,25.65,0.04,94.42
2021-05,292.03,3.22,0.57,85.48,23.2,25.88,0.02,104.02
2021-06,231.02,2.05,0.3,84.71,22.57,25.45,0.01,80.75
2021-07,220.06,2.58,0.46,83.58,22.41,25.34,0.07,92.09
2021-08,288.77,3.31,0.49,84.46,22.41,25.19,0.11,94.19
2021-09,318.77,4.14,0.67,84.6,22.58,25.31,0.08,106.32
2021-10,272.48,3.21,0.42,83.45,22.92,25.89,0.3,98.06
2021-11,348.24,4.76,0.5,85.47,22.89,25.62,0.07,114.87
2021-12,335.68,4.1,0.49,85.71,22.99,25.59,0.06,110.34
2022-01,280.68,3.01,0.33,85.18,22.69,25.4,0.08,94.4
2022-02,307.26,4.27,0.54,84.89,22.54,25.33,0.06,119.48
2022-03,318.23,3.94,0.39,84.96,22.81,25.69,0.13,105.08
2022-04,278.51,3.09,0.29,84.66,22.88,25.8,0.05,93.75
2022-05,278.27,3.24,0.42,84.89,23.1,25.95,0.08,92.42
2022-06,273.46,2.62,0.35,85.33,22.39,25.24,0.03,87.02
2022-07,265.75,2.97,0.59,84.68,22.43,25.21,0.07,95.78
2022-08,281.37,3.22,0.55,84.07,22.33,25.2,0.05,94.62
2022-09,275.26,3.52,0.49,83.77,22.42,25.35,0.15,97.18
2022-10,347.79,4.51,0.5,85.57,22.73,25.44,0.11,109.52
2022-11,349.49,4.4,0.4,85.73,22.76,25.49,0.11,109.95
2022-12,307.6,3.75,0.42,85.11,22.65,25.32,0.03,108.0
2023-01,286.98,3.21,0.29,85.06,22.59,25.27,0.11,101.91
2023-02,275.39,3.45,0.31,85.06,22.69,25.34,0.03,101.12
2023-03,345.69,4.24,0.49,85.57,22.69,25.41,0.06,111.97
2023-04,271.64,2.64,0.29,84.97,22.95,25.84,0.06,91.1
2023-05,237.21,2.36,0.39,84.27,23.25,26.11,0.06,92.46
2023-06,203.13,1.96,0.25,84.1,22.89,25.76,0.06,78.72
2023-07,196.61,2.21,0.35,83.25,22.59,25.44,0.07,80.89
2023-08,157.32,1.48,0.23,80.55,22.39,25.51,0.36,56.47
2023-09,175.49,2.15,0.31,78.91,22.5,25.7,1.09,68.16
2023-10,181.07,1.75,0.23,78.96,23.03,26.34,2.5,65.18
2023-11,290.0,3.37,0.39,83.37,23.36,26.26,0.91,100.73
2023-12,333.33,3.85,0.49,85.5,23.42,26.1,0.27,111.22
