Month,pr,rx5day,rx1day,hurs,tasmin,r20mm,tas,cdd
1950-01,8.51,5.62,4.0,56.66,16.45,0.03,22.97,24.75
1950-02,11.45,7.1,3.9,55.1,17.86,0.03,24.58,25.13
1950-03,57.15,25.96,14.14,60.57,21.24,0.18,27.1,22.73
1950-04,74.35,35.65,15.94,64.91,23.35,0.28,28.06,10.39
1950-05,130.61,51.54,19.23,75.26,23.75,0.65,27.18,5.81
1950-06,224.57,72.35,28.97,83.18,23.64,1.69,26.25,1.88
1950-07,156.76,51.28,18.14,80.62,23.19,0.65,26.0,3.16
1950-08,154.26,58.21,20.78,80.14,23.21,0.82,26.0,5.06
1950-09,305.56,98.13,39.33,87.84,23.0,2.87,25.53,0.83
1950-10,214.65,67.6,25.8,88.02,22.16,1.09,24.73,1.76
1950-11,107.05,49.18,19.04,83.47,20.47,0.39,23.91,11.49
1950-12,28.79,34.67,10.86,75.38,16.31,0.31,20.89,24.23
1951-01,25.07,17.5,7.94,68.61,17.18,0.09,22.34,16.38
1951-02,19.83,14.18,7.59,62.02,17.93,0.05,24.22,21.95
1951-03,25.14,19.78,9.78,58.77,20.89,0.09,26.74,19.66
1951-04,54.31,29.21,13.37,59.93,23.12,0.23,28.28,21.59
1951-05,114.38,70.08,17.13,72.61,23.64,0.59,27.32,6.0
1951-06,189.14,85.87,33.49,81.17,23.52,2.23,26.2,4.56
1951-07,166.15,81.58,29.3,80.0,23.14,1.48,26.09,4.78
1951-08,208.97,82.43,30.05,84.24,23.43,1.74,26.03,2.41
1951-09,215.64,94.67,38.72,86.21,23.05,2.03,25.88,2.52
1951-10,199.38,79.12,27.14,86.9,22.16,1.58,25.05,4.65
1951-11,95.06,40.94,14.92,83.33,21.06,0.27,24.44,10.26
1951-12,41.37,26.91,10.42,75.07,18.03,0.22,22.33,17.72
1952-01,13.98,6.73,2.64,61.07,17.16,0.05,23.15,25.75
1952-02,47.96,34.19,16.23,63.08,19.64,0.25,25.55,25.13
1952-03,215.03,90.22,36.39,78.67,21.16,2.59,25.77,6.91
1952-04,78.6,35.76,17.72,74.29,22.51,0.33,27.39,7.12
1952-05,157.89,56.02,19.72,78.3,23.97,0.74,27.57,4.48
1952-06,190.52,60.0,20.27,82.02,23.76,1.08,26.63,1.61
1952-07,161.45,67.82,23.58,80.17,23.57,1.27,26.26,4.05
1952-08,298.22,91.18,32.86,86.88,23.09,3.44,25.54,1.66
1952-09,263.81,75.15,29.3,87.31,22.83,2.78,25.47,1.85
1952-10,269.72,107.0,48.37,87.2,22.49,2.84,25.13,2.46
1952-11,76.94,35.68,13.91,81.8,20.39,0.5,23.98,10.51
1952-12,68.05,40.31,20.8,74.57,15.84,0.47,20.92,16.21
1953-01,210.0,156.07,57.05,80.61,17.62,3.2,22.2,7.93
1953-02,227.16,134.4,52.16,85.68,18.83,3.14,22.89,4.19
1953-03,160.6,73.47,29.72,84.19,20.5,1.29,25.14,4.72
1953-04,242.36,78.86,27.78,87.3,22.08,1.88,25.83,2.88
1953-05,191.39,60.53,21.94,86.28,22.91,0.93,26.21,1.78
1953-06,199.56,79.08,36.68,84.49,23.28,1.83,26.2,3.81
1953-07,143.38,70.04,26.15,80.34,22.86,1.36,26.01,10.32
1953-08,176.28,74.42,29.19,82.59,22.92,1.58,25.67,4.05
1953-09,238.93,77.1,26.35,86.88,22.4,1.71,25.36,2.31
1953-10,124.22,56.65,20.61,85.7,21.99,0.48,25.32,4.44
1953-11,241.92,88.48,42.01,86.02,20.1,2.81,23.21,2.85
1953-12,42.1,26.57,11.96,76.6,17.38,0.22,21.86,13.62
1954-01,23.81,10.35,4.67,66.85,18.48,0.01,23.94,18.1
1954-02,22.18,17.23,8.63,60.1,18.6,0.06,24.61,21.05
1954-03,41.52,25.66,13.83,58.04,20.25,0.25,26.05,17.83
1954-04,82.15,60.32,21.58,60.77,23.19,0.72,28.25,19.1
1954-05,175.82,64.48,22.01,82.26,23.61,0.93,26.77,2.75
1954-06,108.86,42.28,14.43,76.75,23.99,0.26,27.09,7.12
1954-07,147.4,53.16,19.91,78.13,23.48,0.68,26.58,3.7
1954-08,235.12,82.14,28.07,84.24,23.38,1.78,25.98,1.81
1954-09,326.02,120.1,44.6,87.98,22.93,4.33,25.39,1.91
1954-10,119.72,59.47,22.53,82.16,21.57,0.68,24.86,12.67
1954-11,18.7,12.31,3.73,66.69,18.79,0.06,23.61,24.41
1954-12,27.88,17.61,8.57,62.47,16.71,0.34,21.81,27.12
1955-01,19.53,12.92,5.11,58.15,14.96,0.05,21.09,20.99
1955-02,10.88,9.15,6.22,55.31,18.5,0.07,24.74,25.84
1955-03,36.05,24.23,10.56,56.46,20.97,0.15,26.83,23.97
1955-04,116.29,52.9,23.0,68.17,22.76,0.93,27.34,7.88
1955-05,194.22,83.42,24.69,80.36,23.91,1.12,27.32,2.98
1955-06,338.78,116.99,46.54,86.5,23.52,3.88,26.2,0.9
1955-07,184.04,62.35,22.83,84.41,23.37,0.82,26.34,2.13
1955-08,227.43,68.6,23.67,85.83,23.14,1.46,25.92,1.06
1955-09,261.81,77.1,35.16,87.75,22.9,1.94,25.84,1.23
1955-10,129.5,50.68,23.43,80.22,21.71,1.38,25.12,7.57
1955-11,86.1,39.86,18.32,72.16,19.1,0.96,23.06,13.66
1955-12,11.16,5.67,2.71,58.86,15.28,0.08,21.24,27.87
1956-01,11.55,6.63,2.61,56.05,15.13,0.02,21.64,26.86
1956-02,32.34,18.78,10.26,60.95,19.36,0.07,25.17,25.63
1956-03,31.21,18.13,8.1,55.8,21.72,0.05,27.53,17.16
1956-04,97.09,40.59,15.51,69.24,23.26,0.34,27.52,11.17
1956-05,244.22,69.23,24.38,83.84,23.3,1.37,26.42,0.95
1956-06,177.1,73.95,31.3,81.74,23.27,1.66,26.4,3.05
1956-07,235.58,84.58,31.47,84.94,23.06,1.73,25.89,1.42
1956-08,299.06,101.65,42.55,86.88,23.11,2.83,25.67,1.1
1956-09,305.16,104.87,45.2,87.44,22.79,3.58,25.53,2.42
1956-10,140.71,53.38,19.38,81.54,21.66,0.96,24.91,8.8
1956-11,78.34,50.41,26.76,71.52,18.61,1.0,22.73,14.98
1956-12,36.81,20.88,9.06,64.49,16.72,0.42,21.7,26.37
1957-01,10.25,6.19,3.44,57.46,16.67,0.01,22.93,24.92
1957-02,16.12,11.67,7.2,54.87,17.61,0.1,23.85,21.56
1957-03,79.91,44.76,18.98,63.56,20.86,0.54,26.35,18.22
1957-04,85.26,47.33,24.89,65.55,23.08,0.77,28.02,12.52
1957-05,121.14,70.75,24.24,66.54,24.49,0.97,28.59,8.85
1957-06,262.35,96.95,32.4,83.45,23.98,2.82,26.88,2.66
1957-07,255.43,88.33,35.66,85.23,23.39,2.81,26.26,2.52
1957-08,312.23,105.04,41.3,86.65,23.3,3.68,26.15,1.48
1957-09,364.84,116.14,46.44,87.11,23.08,4.86,25.73,0.77
1957-10,205.59,97.86,36.78,84.77,22.1,2.34,25.0,3.39
1957-11,40.21,19.42,7.26,78.94,20.36,0.02,24.47,13.53
1957-12,20.47,8.95,3.54,74.33,18.16,0.09,23.22,25.81
1958-01,36.02,25.86,13.73,70.83,17.58,0.33,23.13,17.79
1958-02,13.57,20.77,6.32,62.93,18.26,0.04,24.14,21.2
1958-03,13.45,8.82,5.28,51.91,22.15,0.01,28.12,27.38
1958-04,34.83,18.91,9.7,56.58,23.81,0.06,29.14,18.77
1958-05,115.53,58.05,21.85,68.18,24.69,0.77,28.67,8.77
1958-06,239.17,88.82,32.6,82.96,24.16,2.53,27.09,2.5
1958-07,251.78,88.28,33.25,84.7,23.67,2.89,26.3,2.45
1958-08,211.57,97.37,39.19,83.4,23.1,2.03,26.11,3.44
1958-09,309.26,122.8,47.3,87.12,22.92,4.2,25.6,2.76
1958-10,151.0,53.18,20.45,82.89,21.96,0.65,24.92,6.02
1958-11,35.59,20.5,10.67,67.69,18.87,0.35,23.17,24.06
1958-12,4.67,2.22,0.94,57.37,15.72,0.0,21.35,28.51
1959-01,14.96,11.17,5.4,66.3,16.63,0.16,22.6,26.44
1959-02,18.31,13.16,6.06,63.24,19.07,0.01,25.21,21.86
1959-03,63.39,32.88,15.75,65.2,20.51,0.36,25.91,13.32
1959-04,68.12,29.51,14.1,67.39,23.82,0.2,28.44,7.87
1959-05,194.37,94.12,41.46,76.3,23.82,2.04,27.49,5.58
1959-06,153.32,71.46,27.06,76.39,24.15,1.3,27.68,8.63
1959-07,261.04,82.48,30.28,83.82,23.26,2.42,26.03,1.56
1959-08,238.05,84.61,34.2,83.84,23.33,2.49,25.91,2.87
1959-09,339.89,124.43,48.57,86.32,22.95,4.68,25.43,1.48
1959-10,137.08,63.31,22.57,81.08,21.83,1.03,25.14,9.9
1959-11,48.28,25.14,11.54,76.71,20.46,0.37,24.63,16.79
1959-12,30.57,14.92,7.32,72.72,19.39,0.17,24.27,23.13
1960-01,22.36,14.38,5.97,67.38,17.41,0.1,23.09,18.13
1960-02,12.68,13.04,5.33,62.09,18.35,0.04,24.37,24.69
1960-03,42.7,23.81,11.51,62.49,21.19,0.16,27.14,18.23
1960-04,57.71,25.4,12.72,62.8,23.95,0.13,28.96,15.21
1960-05,189.08,80.28,32.42,75.43,24.27,1.61,27.85,4.08
1960-06,189.98,66.98,26.88,79.77,24.14,1.8,27.14,3.15
1960-07,216.85,80.66,33.24,82.9,23.47,1.78,26.44,2.95
1960-08,260.62,90.95,34.7,84.27,23.83,3.01,26.39,2.02
1960-09,262.34,87.49,36.5,85.41,23.01,2.69,25.88,2.48
1960-10,208.48,104.19,47.1,83.64,22.49,2.61,25.39,6.09
1960-11,88.56,41.31,17.27,80.97,21.21,0.49,24.8,15.48
1960-12,20.78,16.21,5.68,74.68,17.2,0.09,22.09,25.49
1961-01,12.99,8.17,4.06,67.39,16.11,0.02,21.96,25.99
1961-02,34.07,21.4,10.72,69.32,19.91,0.16,25.15,17.86
1961-03,46.64,27.23,12.67,66.25,21.57,0.19,26.94,13.24
1961-04,98.68,47.34,26.04,70.21,23.49,0.81,27.97,8.93
1961-05,234.77,87.09,33.12,81.94,23.91,2.51,27.01,2.85
1961-06,222.41,82.62,31.02,81.88,23.58,2.7,26.43,4.03
1961-07,195.47,77.17,35.05,82.45,23.44,1.65,26.17,3.44
1961-08,262.09,91.45,38.21,84.7,23.45,2.89,26.01,2.96
1961-09,277.95,88.49,38.36,85.82,23.02,3.55,25.59,2.26
1961-10,188.59,78.01,37.32,84.49,22.07,1.71,25.25,3.95
1961-11,45.69,18.76,8.76,78.63,20.67,0.26,24.48,11.66
1961-12,33.53,17.45,6.56,74.06,18.34,0.18,23.13,24.81
1962-01,21.86,13.69,5.71,69.46,16.22,0.07,21.53,20.84
1962-02,12.46,10.46,5.49,64.45,17.18,0.03,23.38,25.49
1962-03,59.99,28.68,16.2,65.77,20.85,0.31,26.4,14.88
1962-04,110.63,44.63,18.82,69.21,23.26,0.58,28.11,9.67
1962-05,180.16,70.67,27.43,78.11,24.07,1.28,27.72,3.24
1962-06,189.41,62.96,24.16,81.11,23.67,1.37,26.79,2.9
1962-07,287.35,116.08,55.37,82.62,23.67,3.2,26.47,2.36
1962-08,249.3,80.04,28.83,84.8,23.18,2.44,26.02,1.91
1962-09,336.18,126.34,65.23,86.14,23.05,3.87,25.74,1.63
1962-10,146.3,69.08,27.09,82.47,22.18,0.85,25.39,8.51
1962-11,28.77,16.03,7.51,76.41,19.81,0.21,24.16,21.82
1962-12,14.48,7.55,3.42,71.44,16.19,0.08,21.56,26.02
1963-01,13.14,12.34,4.51,65.17,13.96,0.1,19.93,27.79
1963-02,11.06,6.65,3.83,64.84,17.54,0.01,23.55,26.2
1963-03,78.91,43.04,20.88,67.67,20.48,0.66,25.97,19.17
1963-04,59.54,26.77,14.38,65.81,22.7,0.22,27.9,9.28
1963-05,111.79,47.79,17.86,70.05,24.11,0.55,28.58,7.14
1963-06,209.89,66.82,25.78,81.02,23.77,2.01,26.82,2.5
1963-07,263.69,95.4,37.46,83.27,23.21,3.27,26.0,2.87
1963-08,252.15,80.31,26.86,85.38,23.35,2.28,26.11,1.69
1963-09,304.71,116.5,50.7,86.35,23.35,3.35,26.01,1.67
1963-10,244.49,107.86,43.68,85.22,22.39,2.91,25.36,4.61
1963-11,98.21,46.45,15.19,83.46,21.32,0.3,24.78,11.14
1963-12,24.94,15.76,6.14,75.38,17.49,0.12,22.28,19.93
1964-01,19.67,12.52,6.9,69.85,17.91,0.07,23.64,17.56
1964-02,24.04,13.85,7.76,64.76,18.56,0.11,24.42,21.97
1964-03,43.15,24.18,14.66,63.04,21.01,0.24,26.67,18.77
1964-04,77.71,34.75,14.01,67.05,23.38,0.26,28.25,9.43
1964-05,289.27,106.4,42.88,82.5,23.47,3.07,26.71,1.57
1964-06,175.53,56.11,20.24,80.72,23.63,1.03,26.82,2.25
1964-07,202.41,64.76,26.67,82.33,23.31,1.45,26.53,2.21
1964-08,229.53,75.7,28.69,82.84,23.36,2.21,26.2,2.18
1964-09,333.64,133.3,65.13,86.08,22.93,3.69,25.85,1.42
1964-10,192.89,75.19,32.23,85.24,22.19,1.59,25.54,2.91
1964-11,74.66,37.65,21.31,77.53,19.04,0.72,22.91,10.46
1964-12,30.11,20.89,11.96,73.61,16.49,0.2,21.21,23.46
1965-01,6.34,4.32,2.11,66.83,15.23,0.01,21.31,25.78
1965-02,45.09,26.13,11.59,70.32,19.72,0.16,24.94,23.11
1965-03,59.58,34.39,23.34,66.05,20.58,0.44,26.11,12.87
1965-04,103.56,44.52,18.63,69.13,23.33,0.61,27.92,8.64
1965-05,248.41,85.91,28.81,78.45,23.67,2.51,27.22,3.24
1965-06,278.93,81.68,28.55,83.47,23.37,3.27,26.2,1.72
1965-07,208.88,76.63,32.47,80.39,23.22,1.95,26.43,2.97
1965-08,278.62,98.69,40.14,83.87,22.88,2.2,26.14,1.09
1965-09,267.77,87.73,44.21,84.44,22.67,2.55,25.88,2.4
1965-10,172.04,65.62,22.42,83.24,22.03,1.11,25.62,4.75
1965-11,63.29,30.62,10.96,78.05,20.23,0.24,24.45,10.91
1965-12,54.8,23.64,12.68,74.23,19.22,0.5,23.74,20.23
1966-01,32.82,22.14,10.32,66.2,18.92,0.32,24.0,22.47
1966-02,65.16,38.21,20.88,69.34,20.23,0.62,25.03,15.06
1966-03,58.32,29.5,15.41,62.38,21.88,0.36,26.96,13.12
1966-04,63.04,28.81,10.96,65.54,23.99,0.12,28.44,7.93
1966-05,352.44,121.83,46.94,83.5,23.49,4.9,26.11,4.88
1966-06,177.09,59.41,21.68,83.2,23.35,1.12,26.04,2.3
1966-07,270.91,83.5,30.54,85.71,23.17,2.9,25.58,1.67
1966-08,284.39,77.96,27.71,87.3,23.0,2.64,25.24,1.65
1966-09,220.01,95.08,39.6,83.38,21.86,2.61,24.73,7.86
1966-10,154.26,71.21,37.32,81.03,21.85,1.41,25.13,9.9
1966-11,64.86,28.81,13.97,74.97,19.89,0.56,23.99,13.64
1966-12,51.44,23.72,11.37,69.39,19.29,0.5,23.8,18.98
1967-01,37.68,27.52,12.04,65.74,16.74,0.48,22.0,22.94
1967-02,16.21,11.48,4.85,62.85,17.77,0.07,23.72,21.74
1967-03,13.29,10.45,5.37,58.17,20.23,0.07,26.48,22.88
1967-04,117.03,49.46,18.23,68.83,22.83,0.71,27.58,21.72
1967-05,172.22,61.98,24.24,77.22,23.63,1.09,27.21,4.11
1967-06,160.54,75.49,31.66,78.33,23.71,1.49,27.1,5.59
1967-07,184.16,59.51,23.27,80.63,23.75,1.24,26.65,3.12
1967-08,249.97,79.94,33.41,82.06,23.57,3.09,26.26,2.24
1967-09,293.33,95.44,35.12,85.4,23.16,3.32,25.73,2.02
1967-10,123.04,62.82,32.03,80.13,21.53,1.11,25.01,8.89
1967-11,64.57,43.51,25.52,77.79,20.3,0.65,24.3,16.26
1967-12,11.23,11.37,3.98,71.49,16.48,0.1,21.62,27.25
1968-01,10.78,8.3,5.15,67.83,16.67,0.06,22.48,21.86
1968-02,26.06,19.12,9.33,64.66,17.83,0.13,23.73,22.82
1968-03,28.25,16.07,8.96,62.9,21.4,0.1,26.96,15.58
1968-04,125.29,58.73,23.45,69.25,22.53,0.92,27.11,13.35
1968-05,167.17,80.09,24.46,78.65,23.71,1.28,27.11,5.64
1968-06,224.82,79.17,28.52,81.69,23.79,2.15,26.79,2.29
1968-07,177.41,59.21,21.45,81.43,23.9,1.07,26.8,2.43
1968-08,233.21,76.79,30.8,82.54,23.84,2.36,26.48,2.47
1968-09,239.8,88.01,34.15,84.16,23.29,2.16,26.11,1.58
1968-10,109.88,45.12,18.14,80.6,22.04,0.4,25.36,8.62
1968-11,24.75,11.75,5.2,74.6,20.73,0.01,25.07,17.22
1968-12,20.76,8.91,4.07,70.06,18.73,0.12,24.1,26.39
1969-01,43.07,24.39,12.98,71.17,19.09,0.23,24.28,11.08
1969-02,12.03,8.81,4.91,62.29,18.91,0.06,25.17,22.89
1969-03,36.59,20.93,10.04,63.41,22.23,0.08,27.69,21.66
1969-04,64.34,34.45,19.53,65.21,23.86,0.42,28.67,11.38
1969-05,202.27,101.2,33.34,74.76,24.71,2.38,28.36,3.86
1969-06,209.0,76.05,22.42,81.93,24.28,1.57,27.15,1.68
1969-07,251.1,78.08,34.36,83.15,23.67,2.45,26.33,2.15
1969-08,213.13,75.44,24.05,83.77,23.28,1.5,26.17,1.69
1969-09,319.69,122.2,59.69,84.94,23.22,4.33,26.04,3.58
1969-10,123.52,56.04,19.66,81.79,22.66,0.52,25.89,5.84
1969-11,74.55,50.47,21.47,76.1,19.44,0.86,23.4,19.34
1969-12,15.15,7.3,3.5,70.61,16.42,0.03,21.63,26.39
1970-01,21.78,11.94,5.99,69.45,17.77,0.09,23.1,18.06
1970-02,14.29,10.91,6.28,64.09,18.76,0.06,24.78,24.54
1970-03,47.64,38.38,18.46,61.75,21.84,0.49,27.61,26.74
1970-04,87.59,36.66,17.63,70.61,23.24,0.4,27.75,7.57
1970-05,208.63,87.15,33.91,78.3,24.25,2.16,27.69,4.33
1970-06,263.9,77.25,31.54,83.43,23.91,2.57,26.74,1.42
1970-07,195.0,70.39,26.28,82.79,23.7,1.49,26.39,2.43
1970-08,296.79,101.95,45.93,84.93,23.41,3.46,26.02,1.59
1970-09,241.25,86.45,43.17,84.51,23.25,2.2,26.03,1.89
1970-10,143.47,63.57,32.42,79.96,22.19,1.12,25.37,6.6
1970-11,64.66,41.43,16.79,75.49,20.17,0.53,24.04,19.04
1970-12,63.43,43.32,14.51,76.94,19.19,0.41,23.34,15.39
1971-01,12.48,13.69,4.14,68.33,15.85,0.12,21.46,26.58
1971-02,29.73,22.96,10.08,65.89,17.99,0.18,23.74,23.17
1971-03,41.73,24.54,11.57,64.36,20.91,0.21,26.22,18.27
1971-04,67.05,30.31,13.68,66.24,22.99,0.19,27.99,11.41
1971-05,228.58,77.52,32.33,78.55,23.68,2.04,27.13,3.63
1971-06,242.56,85.07,32.66,82.91,23.58,2.25,26.3,2.04
1971-07,248.23,84.35,37.41,82.78,23.37,2.84,26.05,2.17
1971-08,258.2,84.32,30.29,83.97,22.95,2.54,25.76,3.16
1971-09,221.34,90.55,40.96,83.27,23.17,1.9,26.14,3.68
1971-10,173.15,89.26,36.05,79.95,21.27,1.86,24.57,8.49
1971-11,37.17,23.13,11.28,70.86,17.87,0.24,22.42,20.35
1971-12,40.48,21.74,9.68,71.88,17.91,0.28,22.44,22.33
1972-01,5.8,2.93,1.38,65.32,15.59,0.0,21.47,27.57
1972-02,20.97,11.58,5.41,64.54,18.83,0.02,24.73,25.26
1972-03,43.86,21.49,11.37,63.61,20.27,0.08,25.8,20.62
1972-04,123.51,48.69,20.2,72.65,22.63,0.62,26.94,6.41
1972-05,105.63,57.41,23.13,68.82,24.57,0.6,28.74,8.22
1972-06,263.75,119.59,48.26,80.26,23.81,2.9,26.97,2.88
1972-07,238.98,80.71,29.86,80.55,24.07,2.54,26.8,2.09
1972-08,278.51,85.87,30.51,82.51,23.42,3.26,26.19,2.11
1972-09,339.99,125.45,59.65,84.7,23.36,3.95,26.25,1.88
1972-10,212.44,79.44,32.77,83.78,23.05,1.62,26.17,4.43
1972-11,126.81,47.36,20.22,80.8,21.88,0.82,25.1,7.62
1972-12,44.73,26.51,13.25,74.99,18.83,0.29,23.14,17.38
1973-01,7.85,4.14,1.84,66.65,17.14,0.03,23.1,26.5
1973-02,6.68,4.28,2.32,61.7,19.86,0.0,26.03,25.1
1973-03,67.98,35.18,18.21,65.91,22.29,0.5,27.5,23.63
1973-04,44.98,26.22,11.03,62.51,24.34,0.19,29.51,14.76
1973-05,196.37,56.2,21.44,77.95,24.1,1.25,27.58,2.99
1973-06,245.64,95.55,31.91,81.37,24.32,2.62,27.28,2.0
1973-07,269.36,84.51,32.29,82.53,23.87,2.57,26.68,1.59
1973-08,277.99,93.24,37.25,83.41,23.63,2.81,26.31,1.54
1973-09,309.27,95.68,34.15,86.0,23.33,2.94,25.99,1.02
1973-10,144.52,72.32,28.22,80.72,22.09,1.33,25.41,6.44
1973-11,90.59,43.22,19.5,75.3,19.51,0.72,23.33,11.26
1973-12,34.25,12.4,5.64,68.18,15.72,0.41,20.9,26.53
1974-01,14.39,9.92,4.68,65.59,15.9,0.01,21.8,22.76
1974-02,23.47,13.71,7.69,63.16,17.54,0.06,23.48,18.06
1974-03,65.31,33.54,15.71,66.92,20.7,0.27,25.9,16.45
1974-04,135.2,58.41,25.44,72.74,22.89,0.8,27.14,5.48
1974-05,221.77,90.04,32.76,78.94,23.51,1.97,26.88,3.29
1974-06,192.06,69.87,29.74,79.72,23.74,1.59,26.76,2.55
1974-07,208.76,74.77,26.79,80.08,23.44,1.78,26.53,2.6
1974-08,311.94,106.45,41.37,83.93,23.62,3.53,26.25,1.63
1974-09,264.83,86.83,32.72,84.62,23.14,2.14,26.05,1.19
1974-10,223.74,86.53,33.66,83.34,22.55,2.1,25.59,4.65
1974-11,100.0,51.98,25.74,79.67,20.52,0.94,24.07,12.31
1974-12,29.15,13.96,6.74,73.64,18.65,0.27,23.17,22.65
1975-01,102.28,55.69,26.1,76.97,18.86,0.98,22.96,10.28
1975-02,29.65,22.55,11.48,68.31,19.23,0.08,24.77,17.74
1975-03,60.4,37.63,16.74,68.68,22.07,0.35,27.15,11.68
1975-04,64.2,40.42,15.54,65.09,24.13,0.29,28.88,10.81
1975-05,253.98,87.02,32.77,79.76,23.78,2.35,27.0,3.25
1975-06,268.09,95.65,37.99,83.1,23.88,2.76,26.56,1.92
1975-07,206.48,72.92,27.44,81.71,23.32,1.75,26.34,2.37
1975-08,333.38,102.29,38.49,83.88,23.57,4.95,26.16,1.35
1975-09,271.62,86.37,37.5,85.49,23.13,2.14,25.88,1.06
1975-10,230.63,81.47,29.06,83.2,22.43,2.02,25.43,4.94
1975-11,73.72,37.49,14.83,77.33,19.69,0.43,23.52,13.7
1975-12,34.73,17.82,8.99,68.1,15.14,0.29,20.16,21.4
1976-01,4.06,2.44,1.14,65.19,14.39,0.0,20.73,26.88
1976-02,27.01,21.52,13.32,65.56,18.38,0.21,24.31,26.27
1976-03,59.94,25.6,13.98,64.59,20.95,0.2,26.44,15.88
1976-04,114.84,64.15,22.38,67.51,23.36,0.98,28.03,9.7
1976-05,257.78,94.77,37.72,80.97,23.63,2.58,26.64,1.69
1976-06,211.93,104.02,45.09,78.22,23.69,2.18,27.01,3.61
1976-07,264.17,95.11,31.07,81.58,23.66,3.18,26.44,2.39
1976-08,279.52,92.08,33.49,84.66,23.07,2.91,25.74,1.46
1976-09,323.17,119.08,54.16,84.56,23.28,4.18,26.1,1.5
1976-10,202.5,67.36,28.7,83.79,22.79,1.5,25.84,2.96
1976-11,78.79,45.81,15.96,77.06,19.48,0.81,23.29,16.73
1976-12,15.24,9.41,5.01,72.03,17.91,0.04,22.82,27.74
1977-01,24.15,31.7,10.07,69.63,17.71,0.22,22.93,23.82
1977-02,12.07,7.31,3.64,62.8,17.83,0.04,23.47,24.45
1977-03,45.94,28.09,16.89,63.02,20.97,0.33,26.31,24.94
1977-04,80.66,42.1,22.34,68.75,23.27,0.63,27.79,9.79
1977-05,159.95,58.68,23.44,76.24,23.99,0.94,27.52,3.61
1977-06,133.69,44.04,19.23,73.81,24.63,0.76,28.23,4.09
1977-07,230.09,78.2,29.91,80.39,24.0,2.28,26.85,2.56
1977-08,268.61,98.57,36.18,81.41,23.93,3.23,26.71,3.13
1977-09,322.11,118.33,53.4,83.85,23.27,4.25,26.05,3.45
1977-10,140.76,45.09,18.4,81.75,22.61,0.5,25.98,4.38
1977-11,48.58,25.95,12.79,73.59,19.54,0.31,23.68,17.57
1977-12,23.77,14.53,8.01,70.75,18.32,0.08,23.22,21.52
1978-01,37.75,29.18,13.36,69.06,18.31,0.2,23.56,16.64
1978-02,47.42,27.19,15.51,68.9,19.92,0.31,24.7,14.58
1978-03,54.32,30.22,13.48,63.33,22.16,0.41,27.67,17.93
1978-04,105.57,44.24,17.79,67.45,23.79,0.54,28.47,10.64
1978-05,243.12,91.51,35.84,78.34,24.5,2.7,27.67,4.11
1978-06,212.96,81.71,27.02,80.1,24.45,1.93,27.34,1.84
1978-07,283.82,89.7,44.38,83.71,23.89,2.71,26.42,1.67
1978-08,311.06,109.97,42.07,83.08,24.05,3.77,26.47,1.49
1978-09,371.1,123.58,52.65,85.53,23.49,5.08,25.93,1.33
1978-10,131.18,64.07,22.73,79.02,22.19,0.8,25.53,7.73
1978-11,34.8,18.27,8.28,73.88,19.94,0.18,24.28,18.22
1978-12,13.02,6.65,3.15,68.94,17.7,0.07,22.89,27.14
1979-01,9.58,6.24,2.8,67.84,19.04,0.02,24.53,22.99
1979-02,25.35,16.81,11.29,63.49,20.25,0.23,26.0,23.63
1979-03,16.06,19.38,5.74,56.49,21.98,0.03,28.35,23.23
1979-04,138.63,56.64,21.87,66.32,23.93,0.98,28.77,15.18
1979-05,260.75,119.24,49.3,76.83,24.64,3.22,27.91,3.37
1979-06,245.56,76.49,28.64,82.73,24.37,1.97,27.11,1.35
1979-07,186.8,60.4,21.38,79.62,24.45,1.15,27.38,2.15
1979-08,238.43,94.97,35.35,81.64,24.13,2.56,26.75,2.67
1979-09,319.79,128.21,48.33,84.11,22.94,3.73,26.32,1.28
1979-10,65.16,44.16,14.6,74.52,21.1,0.33,25.29,15.94
1979-11,43.87,17.7,8.26,67.76,18.76,0.49,23.63,23.09
1979-12,9.37,5.28,2.15,65.15,17.07,0.04,22.63,28.3
1980-01,4.22,2.28,1.08,62.59,16.86,0.01,23.19,28.65
1980-02,13.9,8.71,4.52,59.99,19.16,0.01,25.19,27.23
1980-03,50.33,28.21,15.78,60.98,22.53,0.32,27.96,18.59
1980-04,69.25,31.36,18.02,64.99,24.86,0.35,29.3,7.37
1980-05,227.78,121.62,51.48,72.87,24.97,2.59,28.58,7.54
1980-06,294.2,93.73,37.69,83.06,24.38,3.36,26.85,1.45
1980-07,220.72,75.83,24.98,81.4,24.38,2.07,26.98,2.95
1980-08,264.4,89.18,38.62,82.27,24.04,2.91,26.67,2.12
1980-09,321.38,112.33,47.25,85.06,23.65,4.05,26.1,1.55
1980-10,175.13,66.26,30.55,82.68,23.04,1.24,25.93,4.02
1980-11,67.57,30.86,14.17,77.09,20.96,0.46,24.67,14.19
1980-12,32.13,20.77,9.49,71.96,18.55,0.27,23.3,24.26
1981-01,6.35,5.24,1.91,64.81,16.58,0.0,22.36,27.23
1981-02,27.79,22.24,11.55,63.45,19.6,0.14,25.34,23.38
1981-03,32.67,19.02,9.14,61.08,21.97,0.05,27.57,17.56
1981-04,94.64,36.06,15.64,69.26,23.84,0.46,28.13,9.34
1981-05,213.96,83.02,32.09,78.46,24.4,2.16,27.52,3.38
1981-06,253.62,88.71,31.13,81.4,24.33,2.96,26.86,2.08
1981-07,260.93,95.33,41.81,82.34,24.02,2.78,26.56,2.69
1981-08,229.8,75.53,30.46,81.52,24.16,2.45,26.7,3.11
1981-09,208.67,76.83,27.07,82.34,23.71,1.68,26.62,1.98
1981-10,180.33,77.08,34.88,81.74,23.15,1.59,26.0,5.09
1981-11,147.0,74.04,32.39,80.29,21.33,1.36,24.53,7.36
1981-12,23.48,17.81,7.48,71.04,16.88,0.18,21.41,24.08
1982-01,3.66,2.05,0.92,66.39,16.55,0.0,22.31,26.5
1982-02,13.56,8.87,3.66,64.56,19.6,0.0,25.22,26.11
1982-03,56.42,42.59,15.97,62.62,22.5,0.36,27.82,22.84
1982-04,113.76,48.75,22.52,70.93,23.35,0.85,27.37,7.85
1982-05,176.42,64.74,28.01,75.05,24.64,1.56,28.16,8.68
1982-06,200.85,70.94,23.16,79.61,24.49,1.46,27.17,2.52
1982-07,222.89,74.46,27.8,80.29,24.05,2.07,26.74,2.38
1982-08,268.67,79.97,30.7,83.41,23.83,3.3,26.15,2.11
1982-09,327.14,115.94,48.34,85.5,23.49,3.93,25.87,1.71
1982-10,143.98,55.12,21.47,82.72,22.83,0.56,25.92,3.92
1982-11,63.89,29.36,12.42,78.33,21.65,0.14,25.36,10.36
1982-12,20.94,15.94,7.07,70.52,16.08,0.19,21.18,26.55
1983-01,24.31,18.78,8.37,68.56,16.82,0.09,22.13,17.38
1983-02,7.14,3.78,2.12,63.12,19.88,0.0,25.72,26.23
1983-03,15.81,10.86,5.48,58.09,21.87,0.05,27.72,24.25
1983-04,35.74,28.71,10.39,58.41,25.01,0.17,30.27,22.76
1983-05,155.64,67.64,23.57,71.84,25.22,1.12,28.82,6.03
1983-06,201.29,86.13,36.6,77.91,24.87,2.13,27.76,3.92
1983-07,216.5,78.0,26.75,79.87,24.56,1.83,27.45,3.0
1983-08,291.7,90.02,30.47,84.1,24.05,2.98,26.66,1.43
1983-09,259.99,93.74,33.54,84.61,23.8,2.47,26.41,1.81
1983-10,262.06,102.01,46.57,84.6,23.13,2.93,25.72,2.9
1983-11,76.25,41.13,15.68,76.39,19.42,0.41,23.04,13.66
1983-12,37.09,28.27,11.55,72.74,17.21,0.36,21.69,27.75
1984-01,17.2,8.88,4.09,69.88,16.8,0.06,22.09,24.77
1984-02,36.07,18.53,8.78,68.92,20.65,0.08,25.42,23.07
1984-03,43.98,28.07,12.38,63.42,21.58,0.19,27.01,22.72
1984-04,105.38,44.92,17.99,69.01,24.39,0.51,28.66,9.97
1984-05,173.2,62.21,23.72,76.58,24.17,1.1,27.43,3.96
1984-06,244.9,79.44,30.32,81.19,24.23,2.46,26.85,1.61
1984-07,200.62,71.39,23.92,81.14,23.73,1.66,26.48,3.03
1984-08,258.56,88.22,35.66,81.66,23.98,3.39,26.44,2.59
1984-09,237.26,84.84,30.64,83.86,23.2,2.29,26.0,1.84
1984-10,182.21,74.53,29.43,82.11,22.11,1.33,25.11,8.86
1984-11,53.34,35.2,17.98,75.83,20.43,0.41,24.34,14.58
1984-12,33.93,21.22,6.1,70.41,17.88,0.39,22.85,26.87
1985-01,16.28,12.17,7.15,68.72,18.05,0.03,23.48,21.0
1985-02,35.92,18.62,9.99,65.72,20.16,0.1,25.73,16.25
1985-03,37.64,18.67,10.28,61.85,21.52,0.13,27.14,18.54
1985-04,121.97,55.87,24.1,68.14,23.85,1.11,28.25,9.11
1985-05,215.27,70.81,24.22,78.87,24.12,1.56,27.35,4.06
1985-06,217.02,77.75,25.57,80.92,24.2,2.08,26.7,2.64
1985-07,200.59,70.24,26.76,80.75,23.34,1.73,26.22,3.13
1985-08,232.02,70.15,26.81,82.47,23.27,2.07,26.12,1.84
1985-09,284.38,99.17,37.82,83.51,23.19,3.25,26.05,2.2
1985-10,185.24,78.95,37.12,82.13,22.56,1.52,25.52,4.59
1985-11,80.71,35.36,13.77,79.65,21.36,0.41,24.88,9.02
1985-12,19.41,11.62,2.91,69.8,17.03,0.1,22.22,26.71
1986-01,7.13,5.02,1.76,66.05,16.3,0.02,21.99,28.08
1986-02,7.84,6.5,2.93,63.65,19.05,0.01,24.99,26.76
1986-03,17.53,12.88,6.15,58.19,20.54,0.04,26.38,25.24
1986-04,102.45,40.74,16.88,68.94,23.95,0.4,28.3,13.66
1986-05,263.51,111.96,47.9,79.09,24.35,3.34,27.26,3.54
1986-06,202.6,70.28,28.2,79.54,24.58,1.95,27.37,3.9
1986-07,242.61,83.26,32.72,80.77,24.0,2.5,26.66,2.65
1986-08,288.8,97.58,37.56,81.51,24.15,3.56,26.81,1.89
1986-09,258.4,109.06,35.91,81.25,23.46,3.43,26.4,4.91
1986-10,192.48,81.55,34.66,82.06,22.8,1.47,25.85,3.65
1986-11,68.67,40.47,14.49,76.01,20.31,0.65,24.22,11.43
1986-12,34.42,30.91,12.8,72.73,18.32,0.23,22.92,21.36
1987-01,8.03,4.48,2.02,65.56,17.99,0.01,23.38,27.31
1987-02,8.23,16.1,3.03,62.64,19.63,0.0,25.21,27.3
1987-03,50.54,33.62,18.06,62.98,22.04,0.41,27.23,16.28
1987-04,73.49,32.91,16.54,64.89,24.14,0.31,28.76,11.76
1987-05,128.06,49.23,19.13,72.8,24.92,0.7,28.57,4.22
1987-06,234.28,79.77,29.47,79.77,24.86,2.31,27.75,2.9
1987-07,147.93,52.77,22.6,76.8,24.6,1.12,27.48,4.54
1987-08,306.51,119.65,55.87,80.46,24.38,3.74,27.16,2.25
1987-09,302.91,110.59,49.05,83.58,24.06,3.5,26.66,1.74
1987-10,161.14,59.05,20.52,81.93,23.23,0.71,26.46,5.59
1987-11,142.8,54.31,25.16,81.02,22.63,1.23,25.72,5.09
1987-12,26.31,18.53,5.51,68.43,16.05,0.38,20.97,27.39
1988-01,8.58,4.72,2.24,67.02,18.39,0.01,23.98,26.91
1988-02,36.14,19.49,10.61,66.83,20.99,0.15,26.1,20.6
1988-03,21.67,14.43,6.28,60.56,22.69,0.03,28.1,18.46
1988-04,131.73,60.99,23.66,69.43,24.35,1.08,28.57,16.36
1988-05,238.01,94.85,30.25,80.59,24.87,2.08,27.7,3.39
1988-06,242.28,115.3,45.37,80.3,24.58,2.82,27.26,3.11
1988-07,242.59,84.62,30.68,81.24,24.38,2.03,27.12,1.67
1988-08,219.94,73.07,25.97,83.11,24.18,1.5,26.77,1.54
1988-09,230.92,81.85,31.7,82.1,23.91,2.18,26.8,3.45
1988-10,275.12,107.34,46.6,82.88,22.95,3.29,25.54,4.69
1988-11,84.81,52.57,25.61,72.49,19.63,0.95,23.21,15.83
1988-12,9.98,11.05,3.37,68.78,17.35,0.06,22.13,27.88
1989-01,24.98,15.63,6.76,68.43,19.08,0.04,24.12,18.4
1989-02,6.71,4.17,2.28,62.38,19.08,0.0,24.89,23.61
1989-03,64.79,32.84,15.69,65.26,21.78,0.37,26.58,21.49
1989-04,70.47,36.23,16.44,62.98,24.37,0.6,29.12,12.2
1989-05,234.52,94.72,40.13,75.76,24.67,2.37,27.88,4.44
1989-06,195.33,66.67,26.16,79.38,24.32,1.45,27.04,2.89
1989-07,219.8,71.5,31.76,80.38,24.31,2.06,27.04,2.41
1989-08,256.65,77.03,29.53,81.73,24.13,2.73,26.69,1.95
1989-09,243.61,84.56,34.97,82.73,23.79,2.43,26.52,2.14
1989-10,197.53,79.4,34.6,82.3,22.77,2.03,25.72,6.74
1989-11,34.54,18.06,8.79,74.4,20.52,0.17,24.44,19.05
1989-12,5.37,3.34,1.41,68.21,16.81,0.01,22.17,28.23
1990-01,12.19,7.84,4.02,68.22,19.17,0.02,24.33,17.29
1990-02,14.09,8.25,4.08,65.38,20.4,0.01,25.69,23.85
1990-03,59.95,34.57,14.71,66.28,22.0,0.31,26.88,17.23
1990-04,61.3,29.63,15.82,63.4,24.43,0.27,29.03,12.4
1990-05,253.96,86.88,36.37,78.09,24.54,2.71,27.67,3.75
1990-06,202.31,66.67,23.87,78.86,24.82,1.82,27.47,2.43
1990-07,221.58,72.39,28.72,79.6,24.12,2.11,26.8,2.6
1990-08,216.83,81.71,35.85,79.19,24.35,1.83,27.19,2.65
1990-09,234.55,74.29,30.48,82.47,23.78,1.55,26.6,1.66
1990-10,204.94,90.53,39.3,81.97,23.12,2.34,25.97,5.15
1990-11,78.5,45.25,21.15,76.48,21.03,0.66,24.78,13.8
1990-12,13.89,5.85,2.36,70.6,18.11,0.07,22.92,26.47
1991-01,9.94,4.92,2.16,67.58,19.2,0.02,24.49,24.83
1991-02,7.2,6.81,2.55,60.41,19.17,0.02,25.18,24.85
1991-03,32.98,23.76,15.76,61.24,23.02,0.27,28.44,20.98
1991-04,70.74,45.53,22.78,65.25,24.66,0.46,29.06,11.91
1991-05,168.79,55.75,20.29,73.8,24.87,0.96,28.42,3.8
1991-06,213.19,81.67,31.79,79.07,24.66,2.5,27.38,3.63
1991-07,234.12,76.05,27.8,79.8,24.43,2.3,27.13,2.44
1991-08,345.67,126.52,58.77,83.45,24.1,4.53,26.43,1.7
1991-09,285.31,82.69,29.94,83.69,24.1,2.37,26.69,1.09
1991-10,169.53,65.37,23.16,81.9,22.58,1.05,25.64,6.28
1991-11,28.04,15.97,7.5,73.42,19.72,0.18,24.04,19.57
1991-12,37.43,27.71,16.4,70.95,18.75,0.44,23.07,27.05
1992-01,25.89,19.35,8.89,70.89,17.29,0.05,22.16,20.73
1992-02,23.95,18.13,11.41,64.34,18.67,0.21,24.35,25.42
1992-03,6.01,3.46,1.83,58.1,21.68,0.0,27.71,26.73
1992-04,30.62,17.03,8.29,57.63,24.76,0.11,30.06,22.42
1992-05,116.84,45.59,17.11,68.04,25.32,0.47,29.25,6.74
1992-06,231.44,74.32,27.17,77.82,24.83,2.19,27.62,2.49
1992-07,270.37,99.09,38.92,79.96,24.15,3.67,26.92,3.53
1992-08,291.28,90.97,31.95,82.57,24.08,3.2,26.66,1.65
1992-09,239.04,75.6,27.34,82.7,23.68,1.76,26.51,1.67
1992-10,193.2,75.97,33.08,81.06,21.93,1.85,24.78,5.77
1992-11,39.54,29.27,11.98,72.52,18.72,0.47,23.01,22.16
1992-12,39.98,30.25,18.69,71.62,17.76,0.5,22.58,27.07
1993-01,14.46,8.23,4.46,68.48,17.46,0.03,22.54,19.55
1993-02,5.68,4.27,1.76,61.26,17.94,0.0,24.02,24.89
1993-03,54.7,32.38,14.06,66.09,21.96,0.31,26.95,17.89
1993-04,87.16,40.64,21.26,67.56,23.91,0.8,28.36,10.88
1993-05,182.95,69.57,25.07,73.91,24.62,1.63,28.16,10.63
1993-06,168.62,62.93,24.3,76.99,24.87,1.19,27.91,2.79
1993-07,198.66,70.19,27.22,78.01,24.7,1.73,27.56,2.74
1993-08,236.42,74.36,28.91,81.27,23.98,2.34,26.51,2.27
1993-09,278.36,84.34,32.1,83.85,23.69,2.45,26.31,1.33
1993-10,147.24,54.27,21.42,79.43,22.48,1.2,25.63,6.39
1993-11,37.82,18.42,9.67,71.12,20.33,0.31,24.71,22.55
1993-12,38.49,17.88,9.71,66.65,17.34,0.37,22.35,22.65
1994-01,4.3,2.3,0.84,65.16,18.18,0.0,23.98,27.77
1994-02,30.51,18.56,9.24,63.69,21.09,0.18,26.58,25.48
1994-03,103.22,54.79,26.26,68.13,21.74,1.0,26.42,20.85
1994-04,62.15,27.98,11.32,67.96,24.37,0.12,28.78,10.19
1994-05,252.33,99.0,43.39,78.98,24.8,2.92,27.8,3.99
1994-06,307.52,99.28,42.32,82.42,24.5,3.78,26.87,1.53
1994-07,276.4,99.91,34.39,81.39,24.4,3.56,26.76,2.31
1994-08,332.05,110.18,43.21,84.12,23.91,4.5,26.17,2.23
1994-09,264.88,88.17,32.03,84.08,23.92,2.58,26.45,1.54
1994-10,111.05,46.6,16.77,78.08,21.64,0.37,25.15,10.15
1994-11,46.12,28.64,10.9,71.77,20.4,0.28,24.54,25.22
1994-12,22.91,19.65,7.8,70.45,19.06,0.04,23.85,19.75
1995-01,16.02,10.45,4.9,66.39,17.9,0.01,23.62,22.65
1995-02,7.11,5.33,2.25,60.5,18.42,0.0,24.62,24.95
1995-03,50.28,31.91,17.91,61.42,22.46,0.35,27.96,23.42
1995-04,67.94,29.46,13.28,65.22,24.71,0.2,29.42,8.42
1995-05,191.33,79.23,31.67,75.92,24.75,1.94,28.12,5.67
1995-06,222.73,84.71,30.25,79.07,24.96,2.22,27.84,2.27
1995-07,288.62,86.39,39.06,82.0,24.15,3.53,26.79,1.99
1995-08,339.35,111.44,41.83,84.75,24.17,4.09,26.61,1.19
1995-09,310.07,116.59,41.48,84.24,23.89,3.6,26.49,2.14
1995-10,170.41,72.78,25.89,81.18,23.09,1.35,26.15,5.88
1995-11,91.56,47.4,24.5,76.03,20.63,1.22,24.4,14.62
1995-12,18.43,10.29,5.55,68.85,17.08,0.15,22.09,26.38
1996-01,10.18,6.71,2.98,66.24,17.31,0.03,23.16,25.39
1996-02,33.41,29.47,16.24,64.3,18.23,0.31,23.82,25.25
1996-03,32.41,23.05,11.38,62.67,21.99,0.19,27.58,20.76
1996-04,167.84,66.72,26.45,72.93,23.75,1.61,27.77,7.81
1996-05,186.32,65.67,21.41,79.84,24.41,0.97,27.51,2.2
1996-06,229.04,78.15,27.09,81.2,24.42,1.81,27.26,1.71
1996-07,237.91,83.52,28.15,80.89,24.25,2.35,26.97,2.54
1996-08,218.09,76.51,31.57,82.42,23.95,1.75,26.65,2.31
1996-09,350.61,137.34,58.8,85.38,23.83,4.27,26.24,1.37
1996-10,185.33,87.01,29.2,81.6,22.95,1.59,25.95,5.81
1996-11,122.12,78.16,31.57,79.94,21.58,1.25,24.88,11.83
1996-12,46.46,25.17,11.35,71.38,17.66,0.62,22.37,25.98
1997-01,5.03,3.57,1.69,66.48,17.01,0.0,22.79,24.76
1997-02,26.34,13.7,7.14,64.16,19.05,0.1,24.9,20.35
1997-03,42.09,25.35,12.27,63.49,21.66,0.18,27.18,23.59
1997-04,89.49,42.82,18.26,69.0,22.89,0.49,27.37,8.78
1997-05,144.64,59.01,25.88,71.43,24.92,1.35,28.66,6.32
1997-06,149.48,62.24,21.75,73.3,24.91,1.13,28.24,4.32
1997-07,308.33,107.04,37.93,80.83,24.53,4.0,27.01,2.21
1997-08,266.0,91.66,37.09,81.97,24.34,3.23,26.84,2.71
1997-09,248.23,96.61,42.12,82.99,23.64,2.63,26.43,1.85
1997-10,146.41,72.16,30.39,81.48,23.27,1.04,26.45,4.89
1997-11,57.87,29.98,16.31,75.08,21.34,0.47,25.42,13.42
1997-12,14.61,6.79,2.57,69.91,19.66,0.09,24.75,27.13
1998-01,7.51,4.59,2.34,66.41,19.26,0.0,25.09,23.27
1998-02,12.18,8.56,4.66,62.62,20.61,0.01,26.56,23.62
1998-03,17.42,14.3,5.86,57.84,23.08,0.02,28.94,25.13
1998-04,45.2,25.93,13.53,62.8,24.81,0.23,29.77,12.43
1998-05,174.82,77.22,36.27,72.01,25.78,1.64,29.42,14.37
1998-06,200.38,89.02,28.81,77.22,25.45,1.86,28.48,2.93
1998-07,180.0,73.6,24.77,80.0,24.79,1.25,27.68,3.19
1998-08,229.18,72.73,25.99,81.8,24.42,1.88,27.32,2.85
1998-09,246.87,91.82,37.27,83.16,23.95,2.65,26.73,2.46
1998-10,166.27,69.24,30.37,79.71,23.06,1.68,26.35,8.59
1998-11,117.01,54.77,31.62,76.19,21.17,1.53,24.94,13.04
1998-12,40.15,20.54,10.02,71.32,19.08,0.3,23.51,19.38
1999-01,31.22,21.44,10.6,69.28,18.85,0.16,23.88,16.77
1999-02,28.16,19.79,11.37,64.71,19.96,0.28,25.48,20.71
1999-03,75.88,39.92,19.92,63.56,22.47,0.61,27.81,20.24
1999-04,220.67,82.02,35.47,77.04,24.19,2.08,27.54,5.14
1999-05,269.73,89.41,32.79,82.56,24.02,2.5,26.69,2.16
1999-06,199.36,68.39,24.58,80.78,24.38,1.52,27.02,3.51
1999-07,234.71,76.43,34.15,80.65,24.45,2.25,27.08,2.63
1999-08,250.12,86.92,29.1,82.32,23.98,2.32,26.55,1.82
1999-09,262.07,88.0,34.16,83.72,23.75,2.34,26.37,1.84
1999-10,215.99,75.51,29.98,83.2,23.04,1.74,25.8,3.24
1999-11,102.66,62.37,23.31,78.93,21.12,0.83,24.66,13.47
1999-12,49.92,31.4,14.11,68.36,16.31,0.63,20.9,21.48
2000-01,19.02,9.38,4.38,68.25,18.53,0.02,23.92,18.46
2000-02,52.88,32.83,15.01,66.77,18.96,0.23,24.52,24.13
2000-03,55.2,29.99,13.84,64.17,21.6,0.24,26.93,15.75
2000-04,198.38,73.22,29.53,76.3,23.88,1.89,27.55,6.1
2000-05,284.24,102.88,40.86,81.46,24.24,3.22,27.13,1.88
2000-06,245.68,87.15,31.44,82.46,24.35,2.47,26.88,1.59
2000-07,231.58,72.01,27.44,81.67,24.17,2.39,26.79,2.51
2000-08,295.87,123.72,54.54,81.87,24.16,3.31,26.85,2.27
2000-09,265.61,93.18,39.28,83.52,23.4,2.76,26.1,4.23
2000-10,187.86,66.55,26.77,82.54,23.29,1.52,26.14,3.13
2000-11,66.92,39.84,20.21,73.17,19.78,0.7,24.17,19.42
2000-12,33.03,15.49,6.4,70.92,19.32,0.31,24.13,23.85
2001-01,35.52,17.02,9.64,70.01,19.69,0.17,24.84,12.64
2001-02,10.93,6.71,3.76,63.37,19.79,0.02,25.69,21.84
2001-03,150.77,71.65,35.25,73.92,22.53,1.49,26.56,21.33
2001-04,65.55,46.35,11.89,66.87,25.07,0.22,29.68,9.92
2001-05,269.9,90.92,40.48,80.69,24.55,2.98,27.27,2.16
2001-06,189.14,64.62,24.02,80.0,24.5,1.56,27.21,3.47
2001-07,204.53,71.21,30.37,80.48,24.56,1.86,27.11,2.77
2001-08,297.06,101.42,44.9,82.65,24.46,3.68,26.92,1.9
2001-09,220.9,79.55,32.37,82.9,23.98,1.76,26.75,2.5
2001-10,212.49,73.25,28.31,83.11,23.53,1.72,26.34,3.74
2001-11,39.63,27.12,12.48,73.48,19.24,0.2,23.31,17.64
2001-12,24.62,12.58,6.21,71.67,19.05,0.17,23.61,25.1
2002-01,8.41,5.12,3.22,68.79,18.04,0.01,23.38,20.74
2002-02,9.84,7.45,3.86,65.94,20.27,0.01,25.81,23.8
2002-03,51.05,29.07,15.25,66.11,22.23,0.32,27.43,17.14
2002-04,72.65,32.59,15.36,65.71,23.98,0.29,28.87,10.1
2002-05,271.66,107.92,40.93,78.54,24.59,3.53,27.74,2.71
2002-06,195.78,63.46,22.65,79.59,24.89,1.42,27.73,2.28
2002-07,203.16,66.2,25.33,79.92,24.77,1.85,27.38,2.69
2002-08,314.83,108.85,42.33,82.92,24.1,3.9,26.61,1.82
2002-09,342.51,131.59,49.89,84.91,23.89,4.56,26.32,1.74
2002-10,150.76,58.11,27.44,80.11,22.86,0.97,26.25,7.49
2002-11,82.8,36.25,15.9,78.25,21.61,0.65,25.29,9.97
2002-12,49.14,27.31,14.09,77.22,20.78,0.25,24.86,13.86
2003-01,15.97,13.86,6.1,70.8,17.78,0.05,23.08,25.81
2003-02,23.72,14.02,7.13,68.71,20.06,0.02,25.53,25.74
2003-03,91.1,41.52,16.72,70.63,21.84,0.4,26.74,13.51
2003-04,60.59,35.72,13.21,68.95,24.31,0.14,29.06,10.5
2003-05,177.43,84.51,33.87,74.55,25.03,1.8,28.59,4.74
2003-06,197.33,86.81,29.18,79.31,24.72,1.88,27.57,3.51
2003-07,218.36,78.41,29.27,81.08,24.43,1.9,27.33,2.35
2003-08,232.9,85.4,30.92,81.78,24.5,2.6,27.2,2.7
2003-09,299.93,106.47,40.36,84.62,24.02,3.32,26.56,1.4
2003-10,134.59,53.35,23.76,79.39,23.07,1.4,26.39,9.54
2003-11,25.36,12.3,5.58,72.49,20.68,0.15,25.47,22.83
2003-12,18.04,11.46,5.95,67.72,17.4,0.22,22.71,27.0
2004-01,21.02,14.0,7.21,68.98,18.24,0.02,23.79,14.21
2004-02,28.03,24.46,12.41,67.43,18.77,0.19,24.42,20.41
2004-03,28.22,18.14,8.83,62.2,22.15,0.07,27.98,25.91
2004-04,76.25,38.59,19.16,65.68,24.35,0.46,29.21,11.8
2004-05,224.59,73.8,28.96,78.17,24.73,2.19,27.89,2.65
2004-06,255.39,114.96,51.66,80.12,24.53,2.99,27.26,3.65
2004-07,230.42,84.13,35.92,81.07,24.16,2.24,26.98,2.82
2004-08,216.17,69.84,25.46,81.53,24.51,1.91,27.09,2.24
2004-09,223.35,81.09,31.66,82.71,23.76,2.07,26.61,3.5
2004-10,64.37,32.8,13.29,75.19,22.11,0.37,26.06,17.65
2004-11,27.15,14.51,7.44,70.21,20.84,0.09,25.5,25.07
2004-12,9.16,6.22,2.04,65.71,16.92,0.06,22.62,29.0
2005-01,7.63,5.49,2.7,66.72,18.03,0.0,23.74,20.51
2005-02,5.49,4.03,2.17,62.05,20.7,0.0,26.93,25.2
2005-03,39.6,25.22,12.57,62.89,21.7,0.17,27.25,24.95
2005-04,82.07,38.51,21.11,68.39,24.33,0.48,28.87,6.78
2005-05,167.1,61.89,26.61,74.45,25.27,1.24,28.75,4.2
2005-06,205.28,62.61,22.8,79.99,25.14,1.62,27.87,1.61
2005-07,254.65,91.21,31.85,80.79,24.59,2.94,27.34,2.63
2005-08,243.7,84.88,31.23,82.22,24.44,2.46,27.01,2.22
2005-09,302.47,104.99,50.06,84.43,24.15,3.63,26.71,1.8
2005-10,134.78,55.41,23.11,79.54,23.19,1.15,26.45,7.67
2005-11,95.33,53.62,25.8,78.0,21.78,0.6,25.37,11.7
2005-12,81.38,40.05,23.03,71.52,18.85,0.89,23.05,19.99
2006-01,11.54,8.5,3.02,67.84,17.93,0.04,23.76,27.3
2006-02,31.32,20.16,9.41,67.09,20.65,0.15,25.94,24.35
2006-03,68.79,41.54,18.61,66.23,22.71,0.54,27.87,17.28
2006-04,119.73,50.28,22.68,72.79,24.17,0.86,28.24,6.01
2006-05,231.42,99.74,38.88,78.56,24.14,2.53,27.34,3.34
2006-06,199.75,74.97,25.89,79.26,24.94,1.44,27.83,2.95
2006-07,248.05,74.46,31.49,81.87,24.68,2.59,27.15,2.06
2006-08,292.99,97.82,40.97,82.57,24.34,3.71,26.86,2.11
2006-09,265.93,104.56,40.53,82.8,23.97,2.98,26.77,2.19
2006-10,194.47,99.95,43.33,80.93,23.31,2.5,26.47,11.18
2006-11,24.35,10.08,3.44,73.01,21.44,0.0,26.02,23.45
2006-12,13.02,7.19,3.95,68.12,18.34,0.07,23.44,26.23
2007-01,18.9,13.7,6.23,66.0,17.83,0.17,23.4,23.33
2007-02,11.4,8.43,3.96,62.65,19.39,0.01,25.45,25.9
2007-03,39.52,24.34,12.46,63.14,22.43,0.23,28.03,18.26
2007-04,106.52,57.13,21.36,67.62,24.1,0.82,28.63,9.97
2007-05,279.53,108.49,43.0,80.47,24.62,3.54,27.4,4.25
2007-06,204.15,76.44,28.21,78.97,25.15,1.66,28.17,2.58
2007-07,215.74,73.69,27.68,80.01,24.59,1.75,27.41,2.24
2007-08,302.72,100.64,45.46,81.59,24.46,3.43,27.11,1.99
2007-09,251.6,93.81,35.08,82.92,24.06,2.61,26.9,3.77
2007-10,249.3,130.65,55.43,81.39,23.0,3.1,25.87,9.83
2007-11,65.94,40.89,20.05,72.88,19.67,0.58,23.77,12.57
2007-12,16.08,6.71,3.04,71.14,19.34,0.11,24.34,27.42
2008-01,20.66,20.44,8.65,68.66,18.18,0.13,23.71,23.71
2008-02,31.2,27.18,11.67,68.33,18.97,0.26,24.06,18.26
2008-03,47.68,33.11,10.62,65.86,21.79,0.12,26.95,20.9
2008-04,150.22,71.16,32.57,73.17,24.11,1.59,28.2,5.8
2008-05,232.85,94.33,38.55,80.62,24.25,2.38,27.06,2.59
2008-06,212.29,71.68,26.88,81.28,24.47,1.94,27.26,2.6
2008-07,229.31,70.22,26.69,81.77,24.26,2.15,26.93,1.94
2008-08,248.31,82.58,31.82,82.38,24.13,2.11,26.89,2.08
2008-09,293.42,117.55,49.29,83.72,23.9,3.59,26.56,2.78
2008-10,197.47,76.1,32.93,83.17,23.67,1.39,26.54,3.83
2008-11,100.65,77.98,24.47,76.92,20.52,1.22,24.24,14.45
2008-12,28.65,16.57,8.25,72.8,17.45,0.32,22.24,28.03
2009-01,9.52,9.3,3.72,67.82,16.01,0.09,21.78,28.58
2009-02,12.13,9.94,5.15,65.66,20.24,0.03,26.19,26.26
2009-03,89.35,35.37,17.89,69.59,22.12,0.55,27.12,13.47
2009-04,116.16,56.03,22.3,72.29,24.29,0.79,28.34,7.3
2009-05,245.22,83.13,28.95,79.63,24.44,2.22,27.57,4.15
2009-06,191.73,67.31,27.1,80.4,24.71,1.63,27.46,2.65
2009-07,243.24,77.89,37.1,81.77,24.41,2.71,27.01,2.46
2009-08,227.34,76.53,28.82,81.89,24.45,2.01,27.31,2.05
2009-09,293.64,107.61,49.4,83.43,24.22,3.67,26.98,1.89
2009-10,150.07,80.24,22.03,82.34,23.6,0.8,26.7,5.5
2009-11,40.7,20.86,10.61,73.57,20.32,0.39,24.79,15.98
2009-12,13.82,8.88,3.87,72.23,18.68,0.06,23.86,27.72
2010-01,53.84,36.35,18.81,74.11,19.76,0.4,24.61,12.17
2010-02,13.75,8.96,4.42,67.22,20.77,0.01,26.53,19.35
2010-03,19.95,12.7,6.12,62.12,22.09,0.04,27.88,25.2
2010-04,58.95,28.89,13.51,64.54,24.96,0.25,29.98,15.6
2010-05,125.98,50.73,21.72,72.09,25.97,0.73,29.72,5.32
2010-06,192.77,73.14,31.62,77.41,25.4,1.65,28.63,2.91
2010-07,231.0,75.37,32.48,81.39,24.78,2.01,27.65,2.27
2010-08,323.27,93.58,38.19,85.13,24.21,3.95,26.78,1.33
2010-09,252.9,82.03,29.14,84.49,24.25,2.25,26.96,1.4
2010-10,261.94,126.34,48.94,83.09,23.21,3.4,25.95,4.7
2010-11,73.94,34.63,17.96,74.6,20.69,0.81,24.71,20.73
2010-12,63.7,31.02,16.17,75.22,19.43,0.67,23.86,23.21
2011-01,25.23,12.18,5.65,70.56,17.74,0.19,22.63,21.47
2011-02,26.71,18.35,8.59,68.53,19.63,0.1,25.23,23.56
2011-03,160.65,96.61,37.98,72.57,20.67,2.13,24.87,12.32
2011-04,132.25,60.67,23.59,74.72,23.32,0.94,27.4,6.71
2011-05,229.24,76.93,31.11,80.88,24.49,2.3,27.52,2.61
2011-06,220.89,78.04,29.51,81.91,24.77,1.79,27.38,1.82
2011-07,270.89,98.17,45.72,82.52,24.32,3.07,27.02,3.03
2011-08,290.09,114.48,36.91,84.32,24.11,3.46,26.67,2.3
2011-09,352.13,110.67,47.01,85.54,24.15,5.24,26.5,1.21
2011-10,169.45,79.82,31.91,82.6,23.08,1.75,25.97,8.11
2011-11,34.14,17.25,7.25,75.15,20.9,0.24,25.17,18.52
2011-12,29.87,12.32,8.11,71.85,18.03,0.25,22.72,25.31
2012-01,60.69,33.56,15.08,73.77,19.43,0.39,24.17,10.8
2012-02,30.1,21.72,11.09,69.37,20.24,0.18,25.89,18.34
2012-03,62.67,33.69,16.44,68.01,22.12,0.39,27.27,15.3
2012-04,94.51,36.51,14.82,71.71,24.04,0.32,28.4,9.67
2012-05,221.21,77.41,32.71,78.95,24.77,2.22,27.91,3.36
2012-06,167.09,63.21,23.77,79.92,24.83,1.33,27.5,3.5
2012-07,219.89,72.96,27.47,81.96,24.27,2.25,26.92,2.45
2012-08,234.8,81.66,30.78,82.09,24.16,2.22,26.81,2.56
2012-09,295.26,98.42,37.14,84.3,24.02,3.53,26.71,1.64
2012-10,113.01,61.68,22.57,79.75,23.13,0.8,26.7,10.45
2012-11,95.53,37.52,16.53,79.79,22.9,0.63,26.56,9.47
2012-12,35.52,19.69,6.6,74.9,20.34,0.29,25.08,21.75
2013-01,28.03,23.56,12.07,71.37,18.59,0.19,23.9,21.28
2013-02,26.02,23.31,9.94,68.46,21.17,0.18,26.53,16.73
2013-03,32.68,21.2,13.33,65.14,22.22,0.19,27.82,20.04
2013-04,89.93,46.76,20.09,66.91,24.38,0.75,29.19,18.32
2013-05,151.08,49.86,18.78,74.94,24.97,0.53,28.67,3.35
2013-06,215.42,79.87,37.34,80.19,24.73,2.3,27.62,3.49
2013-07,283.63,95.51,35.42,82.67,24.29,3.44,26.88,2.87
2013-08,231.78,78.08,30.07,82.9,24.15,2.31,26.81,2.6
2013-09,343.69,122.87,55.5,85.16,23.95,4.73,26.5,2.13
2013-10,165.52,83.41,37.64,81.41,22.72,1.93,25.9,8.24
2013-11,83.71,48.23,27.08,78.18,21.81,0.76,25.56,11.64
2013-12,35.05,27.68,18.81,74.05,16.34,0.45,21.11,19.31
2014-01,4.31,2.68,1.1,68.27,15.58,0.02,21.57,28.73
2014-02,5.78,3.77,2.28,66.51,18.93,0.0,25.02,27.85
2014-03,22.84,16.88,8.7,64.54,22.09,0.05,27.85,26.13
2014-04,99.77,41.44,17.82,71.04,24.21,0.48,28.71,8.48
2014-05,146.1,47.58,20.55,74.85,25.14,0.77,28.82,3.32
2014-06,205.91,67.21,29.65,79.74,25.2,2.01,28.06,2.45
2014-07,259.87,76.99,30.11,82.01,24.72,2.85,27.35,2.2
2014-08,266.02,89.05,31.84,83.36,24.22,2.8,26.92,2.03
2014-09,222.57,79.81,33.45,83.48,24.12,2.1,26.95,2.31
2014-10,147.19,58.53,24.4,81.29,23.08,1.11,26.36,6.12
2014-11,76.11,41.21,17.92,78.75,21.86,0.58,25.83,16.68
2014-12,37.68,18.07,7.15,72.34,18.85,0.39,23.56,23.58
2015-01,30.36,27.11,16.34,69.32,17.02,0.36,22.53,19.68
2015-02,18.18,12.52,5.99,67.1,19.12,0.05,24.89,26.14
2015-03,40.82,25.34,11.34,67.83,22.7,0.1,27.89,19.27
2015-04,78.97,39.11,17.17,66.8,23.56,0.46,28.56,9.62
2015-05,117.0,45.86,19.33,72.65,25.5,0.57,29.27,3.89
2015-06,169.54,72.14,27.8,75.11,25.17,1.5,28.59,3.54
2015-07,279.16,89.4,37.55,79.92,24.8,3.53,27.59,5.02
2015-08,238.3,85.06,32.83,81.76,24.57,2.25,27.36,2.25
2015-09,241.58,93.64,39.06,83.41,24.43,2.49,27.22,2.32
2015-10,162.87,78.1,31.42,81.93,23.27,1.56,26.48,7.77
2015-11,73.46,29.26,13.18,78.6,22.69,0.37,26.5,12.36
2015-12,35.0,21.22,11.47,74.86,20.31,0.2,24.89,17.94
2016-01,38.4,25.46,12.35,72.63,18.68,0.13,23.87,13.79
2016-02,10.9,7.4,3.22,64.1,18.13,0.06,24.26,24.92
2016-03,10.6,10.5,4.47,61.42,22.39,0.04,28.32,29.57
2016-04,20.34,13.77,6.53,60.25,25.66,0.03,30.92,20.92
2016-05,159.73,72.22,30.18,71.42,25.69,1.63,29.66,6.95
2016-06,226.27,84.78,31.81,79.86,24.95,2.25,27.95,2.96
2016-07,239.8,79.66,34.37,83.32,24.42,2.15,27.21,1.92
2016-08,254.33,82.38,33.75,82.74,24.77,2.44,27.4,2.03
2016-09,282.9,97.79,42.24,84.58,24.36,3.35,26.95,1.68
2016-10,194.48,69.45,32.81,83.56,23.99,1.78,26.86,3.93
2016-11,95.23,68.98,26.69,79.92,22.26,0.87,25.97,9.89
2016-12,68.43,38.79,18.57,74.1,19.77,0.71,24.16,18.0
2017-01,82.57,49.24,19.21,74.68,20.19,0.94,24.52,15.24
2017-02,14.18,9.74,5.44,65.12,18.93,0.04,24.99,23.05
2017-03,70.05,41.3,16.78,67.15,22.16,0.48,27.54,18.84
2017-04,104.33,48.59,24.17,71.66,24.03,0.87,28.34,7.51
2017-05,264.1,101.85,44.27,80.39,24.77,2.91,28.0,2.33
2017-06,194.63,67.11,25.38,80.99,24.92,1.57,27.81,2.97
2017-07,320.42,117.91,52.42,84.3,24.38,3.78,26.88,1.84
2017-08,255.86,86.81,36.05,83.51,24.66,2.73,27.33,2.62
2017-09,233.32,86.45,37.53,83.9,24.52,2.05,27.4,1.64
2017-10,212.72,86.96,38.04,82.99,23.52,2.04,26.51,6.82
2017-11,102.56,50.66,26.76,78.04,21.98,1.0,25.52,9.41
2017-12,47.01,43.87,14.65,73.93,18.83,0.42,23.31,19.84
2018-01,47.37,22.96,11.2,74.14,19.36,0.27,24.18,16.15
2018-02,27.94,21.73,10.75,69.8,19.25,0.09,24.65,20.26
2018-03,44.71,24.45,11.71,68.94,21.79,0.13,26.95,11.74
2018-04,122.42,64.73,26.39,72.73,23.22,1.21,27.64,8.0
2018-05,202.93,68.07,25.49,79.93,24.37,1.53,27.74,2.33
2018-06,230.08,83.04,34.34,81.52,24.85,2.2,27.55,2.12
2018-07,315.68,105.12,42.9,83.1,24.69,4.41,27.08,2.34
2018-08,288.19,85.18,35.98,83.76,24.35,3.4,26.78,1.52
2018-09,215.56,77.94,32.36,82.78,24.07,2.07,27.13,2.42
2018-10,135.33,61.75,24.41,80.08,23.35,1.05,26.84,6.93
2018-11,63.11,31.56,16.24,76.72,21.77,0.52,25.89,11.74
2018-12,56.97,30.17,16.08,74.84,20.61,0.44,25.12,15.65
2019-01,41.04,39.93,19.96,70.92,19.58,0.4,24.6,20.3
2019-02,15.62,9.64,6.51,66.64,21.01,0.03,26.79,25.21
2019-03,25.07,18.74,9.22,62.51,22.38,0.12,28.33,23.97
2019-04,50.28,22.15,10.38,64.62,24.93,0.13,30.08,11.54
2019-05,170.35,69.94,27.98,74.06,25.55,1.33,29.16,6.7
2019-06,172.45,66.74,25.28,78.47,25.47,1.37,28.52,3.65
2019-07,179.74,74.95,30.29,77.67,24.82,2.0,27.9,5.23
2019-08,385.81,141.18,59.6,83.55,24.55,5.6,27.03,1.35
2019-09,221.75,131.96,43.59,81.79,23.91,2.72,26.92,5.53
2019-10,105.09,42.26,17.85,78.7,23.35,0.52,27.07,8.33
2019-11,45.89,28.46,10.73,74.03,21.04,0.18,25.58,15.48
2019-12,13.67,8.46,3.64,68.23,17.81,0.06,23.36,27.99
2020-01,6.74,4.03,2.0,67.46,19.28,0.0,25.15,24.52
2020-02,8.53,5.75,3.02,61.85,19.66,0.04,25.86,26.13
2020-03,25.13,14.47,7.83,63.23,22.9,0.09,28.62,27.01
2020-04,72.52,38.84,18.27,65.75,24.24,0.57,29.12,16.3
2020-05,114.56,47.62,19.96,71.94,25.77,0.73,29.74,6.91
2020-06,192.95,77.89,29.4,78.93,25.09,1.65,28.25,2.43
2020-07,182.94,76.52,24.73,79.52,24.86,1.27,28.1,2.31
2020-08,261.84,95.59,43.56,83.23,24.54,3.09,27.26,3.12
2020-09,281.56,116.63,58.19,84.22,24.55,2.9,27.39,1.69
2020-10,271.68,96.96,44.7,84.86,22.98,3.66,25.58,4.94
2020-11,52.7,30.37,11.61,75.87,21.49,0.36,25.57,14.55
2020-12,35.53,17.94,9.96,72.32,18.48,0.39,23.53,24.9
2021-01,9.41,5.81,2.25,67.97,16.84,0.04,22.64,27.54
2021-02,14.41,13.05,10.17,64.73,18.89,0.14,25.12,24.44
2021-03,29.34,17.12,9.39,66.32,22.89,0.08,28.18,21.99
2021-04,194.0,75.09,31.66,76.88,24.01,2.09,27.73,7.91
2021-05,139.18,64.22,31.56,76.88,25.18,1.11,28.78,5.05
2021-06,178.49,76.48,30.84,78.37,25.03,2.0,28.09,4.96
2021-07,267.37,101.15,40.88,81.92,24.75,3.31,27.51,3.1
2021-08,218.26,79.39,30.46,81.89,24.68,2.05,27.57,3.1
2021-09,337.55,116.75,51.45,85.91,24.11,4.77,26.68,2.04
2021-10,226.41,98.96,42.52,83.89,23.62,2.74,26.46,3.89
2021-11,100.47,46.24,19.67,78.36,22.06,1.15,25.73,13.95
2021-12,20.38,17.09,5.83,70.95,18.18,0.18,23.22,25.75
2022-01,15.48,12.93,6.03,69.86,18.78,0.01,24.37,19.03
2022-02,82.63,54.36,25.79,72.84,19.98,0.81,24.85,12.13
2022-03,95.0,47.21,23.74,73.4,23.32,0.71,27.83,11.67
2022-04,85.75,52.64,24.57,71.31,23.43,0.64,27.8,10.4
2022-05,250.62,104.29,44.82,80.69,24.38,2.83,27.27,3.23
2022-06,145.86,53.81,21.6,78.63,24.75,0.63,27.97,2.73
2022-07,262.79,95.48,39.43,82.67,24.75,3.15,27.57,2.69
2022-08,267.83,83.35,38.58,83.82,24.34,3.2,27.08,2.16
2022-09,326.86,110.03,44.9,85.7,24.07,4.0,26.62,1.28
2022-10,172.51,94.93,34.96,80.01,22.61,2.07,25.89,8.67
2022-11,99.08,48.66,18.58,78.15,22.0,0.79,25.92,16.37
2022-12,53.92,31.31,13.74,73.96,18.75,0.7,23.4,25.93
2023-01,26.88,16.16,10.36,69.08,17.46,0.22,22.94,21.54
2023-02,21.81,14.48,10.2,67.18,19.95,0.16,25.52,22.64
2023-03,13.44,10.04,5.44,63.94,21.87,0.02,27.47,26.17
2023-04,40.01,22.55,12.37,63.87,25.09,0.16,30.17,19.1
2023-05,130.26,61.92,25.72,72.34,25.66,1.25,29.53,6.96
2023-06,178.55,62.65,22.81,78.44,25.31,1.33,28.32,3.57
2023-07,228.86,85.35,34.04,79.85,25.17,2.32,28.08,2.67
2023-08,193.64,75.61,23.8,81.66,24.97,1.67,27.69,2.83
2023-09,374.47,120.18,46.29,85.81,24.58,5.66,27.05,1.45
2023-10,213.52,85.63,33.8,83.66,24.15,2.1,26.98,4.86
2023-11,76.58,36.97,15.35,77.47,21.99,0.73,25.84,13.28
2023-12,28.41,14.9,6.67,73.34,20.49,0.19,25.05,24.08
