Month,pr,r20mm,r50mm,tasmin,tas,tasmax,hurs,rx5day
1950-01,16.36,0.04,0.0,-12.1,-6.42,-0.69,60.92,9.29
1950-02,23.37,0.1,0.0,-11.77,-5.96,-0.46,60.51,13.21
1950-03,43.86,0.25,0.01,-3.97,1.7,7.01,57.39,19.7
1950-04,65.52,0.64,0.07,1.36,7.07,12.39,55.65,31.72
1950-05,115.25,1.42,0.16,8.12,13.6,18.75,59.49,45.66
1950-06,148.72,1.7,0.29,12.04,16.83,21.45,64.25,60.77
1950-07,150.72,1.58,0.23,15.27,19.83,24.37,67.46,64.39
1950-08,143.27,1.4,0.15,13.73,18.3,22.87,66.77,54.0
1950-09,106.5,1.0,0.11,9.19,13.78,18.49,66.39,43.8
1950-10,55.19,0.33,0.02,3.5,8.21,13.21,64.25,26.33
1950-11,25.99,0.1,0.01,-5.4,-0.59,4.45,60.78,14.67
1950-12,15.63,0.03,0.0,-12.39,-7.27,-1.96,59.66,8.36
1951-01,19.13,0.03,0.0,-14.61,-9.22,-3.76,61.16,11.67
1951-02,31.89,0.1,0.0,-11.63,-5.76,-0.32,60.87,14.35
1951-03,52.37,0.45,0.01,-6.59,-0.77,4.52,58.95,21.65
1951-04,90.16,1.03,0.09,-0.01,5.64,10.77,58.55,33.13
1951-05,93.32,1.05,0.1,7.83,13.61,18.97,57.9,40.47
1951-06,139.68,1.56,0.27,12.49,17.25,21.99,65.61,61.51
1951-07,161.79,1.6,0.22,14.74,18.96,23.33,69.09,65.57
1951-08,134.53,1.31,0.2,14.76,19.24,23.86,66.9,54.89
1951-09,105.9,1.01,0.16,8.9,13.59,18.33,66.71,52.94
1951-10,70.47,0.57,0.06,3.93,8.71,13.66,67.47,37.6
1951-11,45.81,0.38,0.02,-4.89,-0.02,4.96,64.51,22.53
1951-12,22.75,0.11,0.0,-9.74,-4.53,0.95,63.14,15.05
1952-01,23.5,0.12,0.0,-13.12,-7.43,-1.89,63.73,12.04
1952-02,39.81,0.25,0.01,-11.87,-6.32,-1.14,63.49,18.95
1952-03,62.45,0.5,0.04,-5.57,0.16,5.29,62.98,23.58
1952-04,74.82,0.75,0.06,2.24,8.13,13.63,58.6,33.59
1952-05,115.98,1.28,0.13,8.73,13.91,18.94,62.0,45.24
1952-06,122.77,1.29,0.22,12.94,17.82,22.63,62.63,57.46
1952-07,158.76,1.6,0.22,15.46,19.69,24.04,70.29,69.7
1952-08,147.44,1.41,0.23,13.68,18.05,22.52,70.54,58.23
1952-09,116.49,1.19,0.2,9.67,14.31,19.09,66.75,49.87
1952-10,58.78,0.47,0.02,1.58,6.54,11.59,62.79,27.4
1952-11,29.37,0.1,0.0,-5.29,-0.44,4.5,64.02,15.6
1952-12,18.5,0.07,0.0,-14.0,-8.76,-3.45,60.41,11.02
1953-01,35.48,0.24,0.03,-14.85,-9.3,-3.98,64.51,16.54
1953-02,31.0,0.11,0.01,-11.07,-5.14,0.36,66.03,15.14
1953-03,56.12,0.39,0.02,-3.62,2.09,7.46,60.67,21.47
1953-04,66.91,0.47,0.01,1.28,6.65,11.67,59.66,25.38
1953-05,113.37,1.19,0.19,8.74,13.99,19.06,60.94,43.98
1953-06,123.74,1.23,0.24,13.47,18.28,23.03,63.68,55.68
1953-07,129.47,1.26,0.15,15.96,20.44,24.95,66.45,55.43
1953-08,126.51,1.1,0.19,15.07,19.32,23.83,70.94,59.26
1953-09,97.17,0.79,0.09,9.97,14.54,19.34,68.19,41.07
1953-10,61.25,0.38,0.01,3.68,8.41,13.34,65.78,27.98
1953-11,28.55,0.13,0.0,-5.43,-0.6,4.29,63.78,17.23
1953-12,24.05,0.15,0.01,-11.17,-6.06,-0.83,65.31,15.66
1954-01,29.89,0.14,0.0,-13.84,-8.59,-3.34,67.06,14.0
1954-02,31.51,0.17,0.0,-10.47,-4.72,0.73,64.41,16.62
1954-03,39.25,0.18,0.0,-6.81,-0.89,4.56,60.98,18.24
1954-04,81.28,0.84,0.08,2.32,7.82,13.02,60.0,32.2
1954-05,116.94,1.35,0.2,6.83,12.22,17.32,59.74,46.71
1954-06,158.84,1.84,0.47,12.13,16.78,21.4,66.45,65.91
1954-07,168.2,1.79,0.51,14.82,19.15,23.55,67.88,64.23
1954-08,157.04,1.67,0.28,14.38,18.67,23.15,70.69,63.34
1954-09,90.28,0.73,0.07,10.11,14.79,19.68,66.64,40.6
1954-10,49.57,0.31,0.01,1.74,6.76,11.92,62.21,26.38
1954-11,27.3,0.13,0.01,-4.98,0.11,5.43,61.75,14.53
1954-12,24.12,0.04,0.0,-14.9,-10.0,-4.96,63.55,11.87
1955-01,14.72,0.02,0.0,-16.42,-10.67,-5.08,63.37,8.0
1955-02,29.74,0.16,0.0,-11.7,-5.54,0.17,58.47,12.27
1955-03,51.64,0.38,0.01,-5.34,0.5,5.94,58.44,23.11
1955-04,54.32,0.28,0.02,-0.04,5.48,10.68,59.99,28.61
1955-05,100.74,1.13,0.13,6.79,12.26,17.43,60.41,39.63
1955-06,139.15,1.48,0.25,12.44,17.28,22.03,64.18,64.67
1955-07,156.38,1.66,0.21,14.82,19.18,23.6,68.6,64.18
1955-08,131.69,1.2,0.13,14.18,18.65,23.26,70.36,57.89
1955-09,98.57,0.87,0.12,10.27,14.82,19.6,68.15,42.56
1955-10,43.85,0.23,0.0,2.31,7.26,12.47,61.53,22.53
1955-11,26.28,0.24,0.01,-6.28,-0.88,4.69,57.67,16.55
1955-12,15.05,0.02,0.0,-10.07,-4.49,1.23,59.65,8.82
1956-01,19.32,0.06,0.0,-15.41,-9.94,-4.47,59.46,11.84
1956-02,24.57,0.07,0.0,-11.75,-5.81,-0.17,58.22,10.89
1956-03,52.17,0.41,0.02,-5.33,0.49,5.79,59.3,22.01
1956-04,65.42,0.69,0.07,1.86,7.76,13.24,56.64,33.67
1956-05,117.98,1.49,0.19,7.29,12.76,17.92,57.37,48.45
1956-06,152.83,1.87,0.43,12.39,17.14,21.87,64.26,66.2
1956-07,116.86,1.08,0.08,14.66,19.52,24.24,63.93,50.11
1956-08,127.52,1.25,0.17,13.42,18.12,22.94,66.38,52.98
1956-09,76.71,0.65,0.12,8.75,14.2,19.85,61.3,37.28
1956-10,41.5,0.26,0.01,0.39,6.03,11.82,59.91,23.94
1956-11,17.32,0.05,0.0,-8.79,-3.04,2.95,58.23,9.77
1956-12,13.41,0.04,0.0,-14.54,-8.96,-3.33,60.9,7.37
1957-01,22.53,0.07,0.0,-14.71,-9.12,-3.71,63.47,11.79
1957-02,24.45,0.11,0.0,-14.62,-8.78,-3.51,60.75,13.23
1957-03,36.81,0.21,0.01,-6.85,-0.57,5.12,57.21,16.07
1957-04,68.72,0.72,0.08,1.12,6.8,12.08,56.41,31.13
1957-05,98.0,1.09,0.17,6.05,11.55,16.69,57.3,39.89
1957-06,123.96,1.43,0.17,11.53,16.5,21.31,62.08,50.62
1957-07,160.67,1.78,0.38,14.57,19.11,23.71,65.85,65.5
1957-08,123.0,1.17,0.18,13.36,18.1,22.97,66.11,56.17
1957-09,78.08,0.53,0.05,8.04,12.95,18.1,62.76,34.46
1957-10,41.83,0.31,0.04,0.43,6.17,12.17,56.91,23.15
1957-11,26.91,0.09,0.0,-5.39,0.18,6.06,61.19,14.46
1957-12,19.87,0.06,0.0,-11.17,-5.71,-0.06,66.32,10.89
1958-01,25.35,0.09,0.01,-14.52,-8.95,-3.56,60.75,14.18
1958-02,23.28,0.08,0.0,-12.14,-5.9,0.15,59.98,13.11
1958-03,40.78,0.27,0.01,-5.03,1.16,6.77,55.93,18.58
1958-04,68.17,0.73,0.06,2.48,8.39,13.85,55.09,31.55
1958-05,91.68,0.95,0.09,6.89,12.22,17.23,59.07,43.06
1958-06,115.76,1.19,0.2,12.05,17.13,22.08,59.86,54.53
1958-07,159.73,1.91,0.31,15.3,19.93,24.67,66.0,70.35
1958-08,145.44,1.54,0.25,13.18,17.54,22.11,69.31,61.17
1958-09,87.11,0.77,0.06,9.06,14.16,19.52,64.74,41.05
1958-10,49.01,0.32,0.03,1.21,6.43,11.96,62.02,27.52
1958-11,17.17,0.06,0.0,-5.25,-0.04,5.78,58.19,10.52
1958-12,13.66,0.01,0.0,-9.93,-4.45,1.41,59.01,7.79
1959-01,18.37,0.05,0.0,-14.05,-8.54,-3.09,57.54,10.56
1959-02,42.94,0.36,0.01,-10.83,-5.24,-0.02,62.9,20.05
1959-03,41.23,0.31,0.01,-4.38,1.55,7.05,56.93,19.44
1959-04,58.26,0.59,0.05,2.3,8.19,13.69,52.21,29.05
1959-05,93.9,1.04,0.12,6.73,12.08,17.16,56.01,38.26
1959-06,131.86,1.66,0.27,11.76,16.67,21.53,61.89,55.34
1959-07,127.42,1.38,0.17,14.95,19.64,24.46,65.27,56.36
1959-08,133.61,1.45,0.19,14.06,18.71,23.67,67.23,57.24
1959-09,81.73,0.86,0.07,8.75,14.02,19.55,61.95,41.35
1959-10,44.75,0.36,0.02,2.55,8.13,14.15,59.52,24.88
1959-11,25.24,0.12,0.0,-6.89,-1.62,3.88,62.37,16.04
1959-12,19.99,0.02,0.0,-11.52,-6.45,-1.13,63.17,9.94
1960-01,17.64,0.02,0.0,-14.48,-8.86,-2.99,59.42,9.58
1960-02,17.03,0.02,0.0,-9.03,-2.7,3.51,55.56,9.56
1960-03,52.33,0.47,0.03,-4.02,1.73,7.07,54.49,19.35
1960-04,51.77,0.42,0.03,1.03,6.72,12.02,52.3,25.02
1960-05,95.11,1.0,0.1,6.77,12.16,17.29,55.22,38.0
1960-06,125.88,1.4,0.3,12.33,17.3,22.18,60.62,55.82
1960-07,155.91,1.82,0.23,14.95,19.48,24.06,67.0,63.15
1960-08,137.19,1.44,0.21,13.9,18.6,23.48,67.02,56.03
1960-09,99.86,0.98,0.1,9.38,14.34,19.63,64.78,49.72
1960-10,40.57,0.19,0.01,0.93,6.33,12.07,62.26,21.54
1960-11,32.14,0.18,0.0,-6.44,-1.3,4.3,62.51,17.01
1960-12,12.72,0.0,0.0,-12.31,-7.05,-1.33,60.64,9.01
1961-01,18.17,0.02,0.0,-14.35,-8.68,-2.91,57.89,9.25
1961-02,30.8,0.19,0.0,-11.28,-5.47,0.21,59.85,16.27
1961-03,52.83,0.33,0.03,-4.96,0.68,5.96,58.21,23.89
1961-04,73.73,0.97,0.1,2.34,8.37,14.0,52.68,33.07
1961-05,89.63,0.95,0.15,6.91,12.72,18.17,54.05,40.75
1961-06,120.01,1.35,0.27,12.76,17.98,23.12,58.77,63.9
1961-07,151.78,1.67,0.21,15.3,20.03,24.92,65.91,61.58
1961-08,159.34,1.73,0.24,13.98,18.58,23.36,69.7,63.86
1961-09,108.23,1.17,0.16,9.03,14.15,19.49,65.3,47.68
1961-10,58.31,0.38,0.02,2.19,7.07,12.33,64.13,30.61
1961-11,38.89,0.29,0.01,-5.54,-0.46,4.95,64.92,20.17
1961-12,23.73,0.07,0.0,-12.83,-7.55,-1.92,64.74,12.68
1962-01,15.46,0.02,0.0,-14.7,-9.06,-3.18,62.35,8.62
1962-02,23.86,0.12,0.0,-11.01,-4.84,1.29,60.02,14.43
1962-03,34.88,0.22,0.0,-6.56,-0.11,5.88,52.87,17.36
1962-04,58.36,0.6,0.02,0.97,6.94,12.53,51.94,25.97
1962-05,103.37,1.22,0.2,7.44,12.97,18.24,55.08,40.94
1962-06,138.43,1.75,0.35,11.8,17.01,22.09,60.02,55.75
1962-07,153.52,1.64,0.28,15.19,19.65,24.38,67.81,69.4
1962-08,138.51,1.34,0.17,13.73,18.46,23.48,68.05,55.17
1962-09,89.91,0.79,0.12,9.2,14.12,19.37,66.41,45.73
1962-10,51.37,0.39,0.03,1.48,6.81,12.71,61.86,25.34
1962-11,29.23,0.14,0.01,-7.12,-2.11,3.28,63.16,19.85
1962-12,14.54,0.03,0.0,-11.96,-6.3,-0.2,62.18,8.54
1963-01,5.82,0.0,0.0,-15.35,-9.27,-2.76,52.4,3.47
1963-02,17.03,0.04,0.0,-11.29,-4.83,1.52,54.33,9.06
1963-03,34.03,0.14,0.0,-4.32,1.97,8.0,53.5,16.44
1963-04,62.21,0.52,0.04,1.23,6.94,12.33,54.52,29.35
1963-05,101.57,1.17,0.14,8.19,13.66,18.95,56.8,42.04
1963-06,108.98,1.01,0.1,11.88,17.12,22.22,60.11,49.7
1963-07,176.12,2.09,0.32,14.9,19.39,24.07,67.95,68.35
1963-08,150.93,1.39,0.22,14.35,18.84,23.72,69.82,61.93
1963-09,93.25,0.72,0.06,9.38,14.26,19.44,66.45,42.38
1963-10,47.34,0.3,0.0,0.79,6.37,12.23,62.52,24.13
1963-11,40.86,0.26,0.0,-6.21,-0.74,4.93,66.6,18.43
1963-12,19.04,0.07,0.0,-12.52,-6.78,-0.67,65.66,11.62
1964-01,27.67,0.11,0.0,-13.58,-8.29,-2.86,68.22,13.98
1964-02,28.45,0.12,0.0,-14.05,-8.4,-3.12,65.06,14.0
1964-03,42.07,0.21,0.01,-5.01,1.07,6.66,58.37,20.47
1964-04,90.87,1.08,0.07,3.41,8.73,13.87,60.56,42.22
1964-05,98.39,1.06,0.17,7.58,12.84,17.85,59.81,44.24
1964-06,139.42,1.59,0.35,11.71,16.68,21.61,62.06,64.09
1964-07,156.87,1.75,0.25,14.73,19.26,24.02,67.79,67.39
1964-08,156.16,1.61,0.23,13.95,18.6,23.56,68.93,63.05
1964-09,105.72,0.97,0.11,9.11,13.88,18.97,67.61,44.37
1964-10,67.35,0.51,0.05,2.59,7.52,12.9,62.9,31.76
1964-11,15.85,0.02,0.0,-5.48,-0.08,6.01,57.41,10.13
1964-12,13.1,0.01,0.0,-11.69,-6.4,-0.56,59.4,7.24
1965-01,14.22,0.01,0.0,-12.36,-6.73,-1.01,58.78,7.68
1965-02,28.74,0.12,0.0,-10.79,-5.23,0.12,57.52,14.61
1965-03,37.77,0.21,0.0,-5.83,0.08,5.61,53.53,19.75
1965-04,82.97,0.94,0.11,1.36,7.11,12.48,54.49,32.59
1965-05,84.91,0.8,0.1,7.18,12.98,18.42,55.21,38.66
1965-06,122.24,1.35,0.18,11.74,16.93,21.91,59.2,51.6
1965-07,150.24,1.54,0.24,14.53,19.17,23.8,65.57,61.31
1965-08,131.15,1.41,0.21,13.06,17.85,22.67,64.55,55.26
1965-09,81.28,0.64,0.07,8.56,13.59,18.67,61.28,38.18
1965-10,68.15,0.64,0.05,2.17,7.35,12.63,62.92,34.93
1965-11,33.06,0.24,0.01,-6.38,-1.07,4.22,63.94,19.81
1965-12,25.43,0.16,0.01,-13.61,-8.25,-2.9,60.26,14.63
1966-01,18.89,0.02,0.0,-13.34,-7.73,-2.19,61.4,10.02
1966-02,25.55,0.12,0.0,-10.16,-3.97,1.82,59.77,13.43
1966-03,45.51,0.36,0.02,-4.76,1.18,6.7,56.89,21.62
1966-04,74.94,0.8,0.07,1.14,6.83,12.17,55.57,30.18
1966-05,80.54,0.77,0.04,6.82,12.52,17.89,54.09,38.89
1966-06,130.26,1.54,0.28,11.86,17.13,22.19,59.44,56.79
1966-07,158.54,1.77,0.29,14.67,19.15,23.71,66.83,70.15
1966-08,139.22,1.44,0.18,14.55,18.99,23.53,68.36,57.24
1966-09,63.61,0.4,0.05,8.27,13.41,18.51,61.88,32.51
1966-10,58.34,0.45,0.02,1.04,6.31,11.56,64.41,29.17
1966-11,25.57,0.1,0.01,-7.12,-1.81,3.39,60.98,14.89
1966-12,20.89,0.05,0.0,-12.91,-8.04,-3.07,63.06,10.45
1967-01,16.48,0.07,0.0,-15.28,-9.33,-3.56,58.31,10.84
1967-02,26.46,0.12,0.0,-12.55,-6.31,-0.74,58.24,14.8
1967-03,50.53,0.4,0.07,-5.8,0.58,6.22,55.98,27.55
1967-04,66.2,0.63,0.05,0.97,7.1,12.54,56.25,33.66
1967-05,104.89,1.2,0.14,8.12,13.91,19.24,59.0,43.36
1967-06,119.73,1.32,0.22,11.58,17.12,22.33,60.55,56.25
1967-07,140.39,1.45,0.21,14.78,19.47,24.33,66.98,57.92
1967-08,148.39,1.59,0.24,14.22,18.86,23.8,68.77,59.25
1967-09,95.88,0.91,0.08,8.13,13.34,18.76,63.92,41.09
1967-10,38.36,0.18,0.0,1.16,6.67,12.64,60.98,20.49
1967-11,43.78,0.25,0.01,-8.18,-3.18,2.02,66.22,22.22
1967-12,14.2,0.01,0.0,-14.9,-9.42,-3.57,65.84,6.94
1968-01,22.88,0.07,0.0,-14.67,-9.06,-3.33,64.86,11.43
1968-02,23.4,0.06,0.0,-14.15,-8.32,-2.66,59.92,10.77
1968-03,50.91,0.42,0.03,-4.43,1.49,7.07,57.28,26.07
1968-04,57.12,0.55,0.05,1.03,7.08,12.76,52.08,26.49
1968-05,91.33,1.01,0.08,7.48,13.0,18.22,55.46,37.71
1968-06,128.22,1.46,0.27,12.0,17.16,22.21,60.45,57.82
1968-07,144.39,1.58,0.28,14.45,19.27,24.13,66.19,66.98
1968-08,140.23,1.56,0.2,12.84,17.76,22.73,66.17,58.16
1968-09,86.53,0.65,0.06,8.52,13.61,19.03,63.38,38.52
1968-10,50.77,0.35,0.02,0.78,5.97,11.63,63.68,32.39
1968-11,26.73,0.13,0.0,-5.72,-0.33,5.6,63.14,15.55
1968-12,24.1,0.06,0.0,-10.13,-4.98,0.53,61.55,11.15
1969-01,32.42,0.24,0.02,-14.95,-9.63,-4.27,60.61,15.69
1969-02,24.5,0.08,0.0,-13.64,-8.04,-2.75,59.45,12.86
1969-03,39.91,0.27,0.01,-4.87,1.16,6.85,54.31,18.96
1969-04,69.67,0.66,0.05,1.93,7.74,13.23,52.26,35.69
1969-05,92.22,1.09,0.16,8.1,13.8,19.25,54.82,40.99
1969-06,116.62,1.26,0.19,11.29,16.49,21.5,59.59,48.96
1969-07,159.54,1.7,0.36,14.65,19.23,23.95,67.58,67.88
1969-08,141.24,1.58,0.22,13.34,18.11,23.07,66.68,59.5
1969-09,82.74,0.74,0.11,8.51,13.56,18.91,64.77,42.11
1969-10,47.93,0.36,0.03,2.03,7.46,13.27,62.06,24.75
1969-11,21.18,0.08,0.0,-6.86,-1.56,4.19,58.12,14.36
1969-12,8.78,0.0,0.0,-12.46,-6.96,-0.95,57.81,4.56
1970-01,18.39,0.04,0.0,-14.7,-9.06,-3.3,59.75,8.61
1970-02,26.23,0.08,0.0,-11.22,-5.14,0.74,58.13,14.22
1970-03,45.52,0.32,0.01,-7.7,-2.07,3.1,56.54,19.45
1970-04,67.08,0.75,0.08,0.86,6.84,12.39,53.52,28.81
1970-05,99.66,1.17,0.18,7.69,13.19,18.42,56.38,45.54
1970-06,104.7,1.07,0.13,11.33,16.56,21.57,60.91,48.31
1970-07,161.51,1.74,0.23,14.8,19.29,23.91,68.53,66.04
1970-08,119.62,1.03,0.11,13.78,18.7,23.81,67.44,49.29
1970-09,99.53,0.87,0.09,8.66,13.64,18.9,65.11,44.21
1970-10,44.41,0.36,0.06,0.95,6.59,12.5,59.72,28.34
1970-11,23.8,0.13,0.01,-6.73,-1.34,4.52,58.37,14.49
1970-12,23.41,0.16,0.0,-11.44,-6.33,-0.81,61.28,12.75
1971-01,18.97,0.06,0.0,-14.4,-8.69,-2.7,59.18,11.69
1971-02,27.57,0.08,0.0,-11.89,-6.01,-0.4,60.05,14.48
1971-03,32.31,0.19,0.0,-6.03,0.1,5.8,55.22,18.69
1971-04,59.16,0.48,0.04,2.18,8.05,13.58,52.76,28.82
1971-05,102.76,1.12,0.16,7.06,12.59,17.81,56.96,43.45
1971-06,143.94,1.7,0.25,12.17,17.2,22.14,62.62,59.93
1971-07,130.41,1.29,0.16,14.9,19.61,24.41,66.75,56.3
1971-08,132.71,1.17,0.13,13.5,18.19,23.14,68.33,54.0
1971-09,99.32,0.72,0.07,8.72,13.4,18.39,68.11,43.02
1971-10,48.47,0.42,0.01,0.96,6.46,12.43,61.25,29.94
1971-11,23.62,0.15,0.0,-6.27,-0.68,5.51,63.22,15.81
1971-12,23.28,0.14,0.01,-11.83,-6.3,-0.49,63.17,14.43
1972-01,19.29,0.04,0.0,-12.74,-7.14,-1.52,64.25,13.04
1972-02,35.32,0.2,0.0,-13.47,-7.86,-2.62,62.87,17.53
1972-03,44.58,0.39,0.02,-4.17,1.94,7.66,55.07,20.2
1972-04,63.23,0.56,0.04,1.13,6.99,12.41,53.49,27.24
1972-05,95.38,1.07,0.12,7.79,13.4,18.81,54.64,39.9
1972-06,110.68,1.16,0.16,12.18,17.49,22.68,58.47,48.82
1972-07,132.78,1.34,0.2,14.72,19.32,24.1,66.13,56.27
1972-08,130.27,1.21,0.17,13.56,18.4,23.49,66.46,56.77
1972-09,86.98,0.72,0.05,7.78,12.89,18.25,64.98,41.37
1972-10,64.35,0.61,0.03,0.73,6.28,12.05,61.73,28.9
1972-11,46.25,0.45,0.03,-7.03,-1.62,4.01,65.46,23.32
1972-12,22.84,0.08,0.0,-12.14,-6.91,-1.59,65.53,11.38
1973-01,23.99,0.07,0.0,-13.22,-7.92,-2.55,66.76,11.94
1973-02,32.06,0.16,0.0,-10.29,-4.44,1.09,62.37,14.86
1973-03,45.41,0.29,0.02,-4.61,1.19,6.62,58.08,24.71
1973-04,95.51,1.29,0.21,2.61,8.41,13.83,54.42,38.4
1973-05,119.36,1.51,0.19,7.49,12.7,17.64,57.8,44.45
1973-06,130.17,1.44,0.21,11.94,16.89,21.71,63.38,59.51
1973-07,141.68,1.38,0.16,14.68,19.41,24.25,66.11,56.52
1973-08,133.13,1.28,0.17,13.73,18.51,23.47,67.8,54.74
1973-09,100.54,0.91,0.1,9.09,14.13,19.55,66.7,43.33
1973-10,52.68,0.42,0.06,0.9,6.13,11.68,63.63,31.76
1973-11,22.88,0.14,0.01,-6.38,-0.67,5.5,59.96,12.69
1973-12,9.17,0.01,0.0,-12.46,-6.73,-0.45,57.5,4.44
1974-01,21.81,0.02,0.0,-14.04,-8.45,-2.64,61.29,9.63
1974-02,22.76,0.11,0.0,-12.46,-6.61,-1.04,58.04,11.93
1974-03,40.85,0.26,0.01,-6.21,-0.2,5.28,54.84,17.91
1974-04,65.25,0.73,0.08,2.11,8.35,14.03,52.29,27.5
1974-05,95.3,1.09,0.13,7.95,13.49,18.73,55.09,43.89
1974-06,125.4,1.44,0.21,11.73,16.72,21.51,61.58,51.24
1974-07,150.07,1.54,0.19,14.9,19.41,24.02,67.89,61.75
1974-08,127.62,1.28,0.17,13.43,18.04,22.84,68.86,56.92
1974-09,84.12,0.63,0.06,8.62,13.62,18.85,64.98,38.5
1974-10,50.65,0.33,0.04,1.65,6.86,12.39,59.19,29.73
1974-11,25.31,0.1,0.0,-5.38,-0.05,5.6,59.67,15.62
1974-12,25.72,0.12,0.01,-13.24,-8.46,-3.56,64.99,13.77
1975-01,20.9,0.07,0.0,-13.28,-7.74,-2.19,64.59,11.75
1975-02,27.57,0.16,0.01,-11.2,-5.26,0.37,59.01,15.67
1975-03,42.63,0.29,0.01,-4.4,1.53,7.04,53.78,16.86
1975-04,81.73,1.0,0.14,2.24,7.91,13.19,53.47,34.86
1975-05,99.38,1.17,0.12,6.71,12.27,17.4,55.48,38.86
1975-06,130.97,1.5,0.27,12.41,17.33,22.17,62.77,57.01
1975-07,141.74,1.42,0.17,14.57,19.19,23.84,66.96,57.23
1975-08,124.3,1.07,0.18,14.11,19.05,24.13,66.54,57.56
1975-09,96.63,0.73,0.07,10.05,14.86,20.0,67.68,42.61
1975-10,60.06,0.48,0.05,2.85,7.98,13.53,62.49,30.48
1975-11,28.42,0.08,0.0,-5.68,-0.64,4.82,61.23,15.77
1975-12,20.85,0.13,0.0,-13.5,-8.1,-2.17,59.41,15.6
1976-01,12.06,0.01,0.0,-13.4,-7.6,-1.51,56.64,6.85
1976-02,32.63,0.13,0.0,-9.35,-3.61,1.86,59.78,16.05
1976-03,41.21,0.19,0.0,-6.16,-0.38,4.84,55.29,16.69
1976-04,70.67,0.72,0.08,0.81,6.58,11.85,55.31,32.36
1976-05,91.94,1.04,0.11,7.22,12.78,17.97,54.69,38.78
1976-06,138.07,1.51,0.27,11.58,16.32,20.94,63.81,54.85
1976-07,138.8,1.57,0.23,13.71,18.48,23.24,66.07,65.11
1976-08,132.39,1.31,0.18,12.79,17.53,22.42,67.86,55.69
1976-09,79.86,0.58,0.08,8.29,13.48,18.86,64.61,37.52
1976-10,56.84,0.52,0.02,1.44,6.91,12.73,62.29,25.95
1976-11,25.53,0.1,0.0,-7.58,-2.4,3.04,59.19,14.25
1976-12,16.86,0.01,0.0,-12.6,-7.46,-2.05,60.22,8.92
1977-01,20.59,0.03,0.0,-15.9,-10.73,-5.65,62.45,9.61
1977-02,17.43,0.07,0.0,-12.87,-6.58,-0.62,55.21,9.76
1977-03,37.05,0.23,0.0,-4.9,1.34,7.06,51.16,16.82
1977-04,77.68,0.87,0.08,1.8,7.54,12.84,54.53,32.93
1977-05,95.5,1.13,0.08,6.52,12.14,17.32,57.35,39.18
1977-06,126.69,1.51,0.23,11.89,16.83,21.64,63.03,56.75
1977-07,162.56,1.89,0.26,14.83,19.5,24.18,67.84,63.61
1977-08,112.5,1.03,0.17,13.58,18.43,23.37,66.89,52.65
1977-09,75.63,0.49,0.03,9.28,14.31,19.63,64.49,35.37
1977-10,61.79,0.55,0.03,1.87,7.39,13.1,63.51,31.4
1977-11,23.59,0.09,0.0,-6.44,-0.96,4.77,67.11,13.98
1977-12,26.53,0.1,0.0,-11.45,-6.04,-0.66,67.75,14.98
1978-01,20.14,0.1,0.0,-15.24,-9.58,-3.92,62.76,10.67
1978-02,21.25,0.05,0.0,-12.53,-6.63,-1.09,61.41,13.67
1978-03,48.36,0.33,0.03,-5.43,0.29,5.46,57.87,19.03
1978-04,54.92,0.54,0.05,1.85,8.15,13.9,51.07,24.08
1978-05,103.24,1.27,0.18,7.93,13.51,18.75,54.96,43.68
1978-06,120.23,1.38,0.17,12.71,17.82,22.82,60.8,54.97
1978-07,126.57,1.23,0.13,14.91,19.75,24.66,64.31,55.2
1978-08,120.66,1.2,0.12,13.74,18.68,23.8,65.27,50.59
1978-09,82.71,0.77,0.06,8.69,13.98,19.53,63.06,41.49
1978-10,47.57,0.29,0.03,1.15,6.8,12.72,59.01,25.83
1978-11,31.24,0.17,0.02,-5.47,-0.29,5.18,63.53,15.6
1978-12,12.61,0.01,0.0,-11.14,-5.49,0.49,60.57,7.99
1979-01,21.22,0.05,0.0,-13.12,-7.22,-1.59,58.66,10.57
1979-02,27.8,0.16,0.01,-10.24,-3.82,1.89,57.42,16.94
1979-03,50.75,0.38,0.02,-6.37,-0.1,5.27,55.7,22.92
1979-04,67.91,0.7,0.04,1.03,7.24,12.51,54.53,28.54
1979-05,72.85,0.78,0.09,6.85,12.88,18.23,52.15,32.28
1979-06,130.37,1.53,0.25,11.74,17.33,22.53,59.69,58.5
1979-07,149.62,1.7,0.2,13.82,18.79,23.51,67.74,62.13
1979-08,131.65,1.21,0.12,13.35,18.3,23.15,67.45,54.56
1979-09,92.99,0.79,0.08,7.46,12.74,17.9,65.69,42.07
1979-10,28.99,0.16,0.02,1.13,7.44,13.94,57.04,16.73
1979-11,18.19,0.03,0.0,-7.56,-1.52,4.19,56.38,9.85
1979-12,20.38,0.08,0.0,-10.89,-5.26,0.2,64.12,12.59
1980-01,19.82,0.06,0.0,-14.53,-8.9,-3.3,59.85,9.73
1980-02,25.97,0.13,0.0,-11.81,-6.0,-0.61,57.24,12.71
1980-03,51.54,0.42,0.04,-5.94,-0.09,5.17,56.07,21.37
1980-04,72.68,0.85,0.1,0.94,6.95,12.31,52.86,32.99
1980-05,94.66,1.14,0.16,7.61,13.33,18.7,52.91,39.51
1980-06,119.49,1.26,0.18,12.45,17.49,22.42,61.76,52.82
1980-07,144.05,1.48,0.26,14.69,19.43,24.19,65.92,60.64
1980-08,144.04,1.39,0.22,13.45,18.01,22.74,69.23,56.37
1980-09,74.55,0.5,0.03,8.27,13.42,18.76,64.02,35.98
1980-10,58.09,0.54,0.04,1.24,6.68,12.34,63.04,27.96
1980-11,20.2,0.1,0.0,-4.5,1.36,7.63,61.26,11.56
1980-12,13.23,0.01,0.0,-11.64,-6.12,-0.31,57.84,7.27
1981-01,20.34,0.04,0.0,-13.98,-8.55,-2.95,60.57,10.16
1981-02,27.7,0.16,0.01,-10.9,-4.94,0.66,57.82,15.06
1981-03,55.16,0.54,0.03,-4.33,1.88,7.49,54.89,24.46
1981-04,74.88,0.84,0.1,2.57,8.44,13.84,55.12,32.75
1981-05,91.27,1.08,0.15,7.32,13.06,18.38,52.72,37.25
1981-06,119.18,1.25,0.21,12.72,17.69,22.56,60.91,59.84
1981-07,155.57,1.62,0.23,15.76,20.09,24.61,69.29,64.73
1981-08,133.76,1.15,0.15,14.13,18.48,23.12,70.33,53.91
1981-09,83.51,0.64,0.07,8.66,13.63,18.88,65.08,39.58
1981-10,55.6,0.43,0.04,0.52,5.85,11.35,58.8,28.63
1981-11,36.29,0.28,0.01,-7.83,-2.59,2.72,62.09,20.65
1981-12,10.1,0.01,0.0,-12.73,-7.13,-1.15,58.67,6.55
1982-01,15.61,0.01,0.0,-12.53,-6.63,-0.77,58.34,9.39
1982-02,33.6,0.14,0.0,-10.66,-4.89,0.39,61.16,15.05
1982-03,46.06,0.33,0.02,-4.89,1.13,6.52,55.47,22.21
1982-04,66.13,0.69,0.05,1.32,7.29,12.69,53.51,30.01
1982-05,89.28,1.03,0.16,7.28,13.04,18.39,54.55,44.17
1982-06,116.34,1.32,0.21,11.76,16.87,21.74,60.26,52.35
1982-07,147.3,1.67,0.29,14.52,19.32,24.07,64.7,64.31
1982-08,135.82,1.32,0.15,13.95,18.64,23.5,67.33,61.5
1982-09,92.69,0.78,0.04,8.54,13.37,18.43,65.81,40.41
1982-10,47.37,0.23,0.0,2.58,8.08,13.88,61.86,23.78
1982-11,45.3,0.38,0.03,-5.85,-0.68,4.58,64.16,20.43
1982-12,17.21,0.04,0.0,-12.52,-7.12,-1.56,60.77,8.78
1983-01,28.9,0.23,0.02,-14.1,-8.5,-2.97,62.85,17.01
1983-02,35.66,0.29,0.02,-12.52,-6.55,-0.95,58.23,16.67
1983-03,49.07,0.44,0.05,-5.46,0.37,5.62,55.34,23.39
1983-04,84.38,1.0,0.15,1.0,6.87,12.16,53.06,38.97
1983-05,101.59,1.19,0.16,7.44,13.1,18.35,57.89,44.42
1983-06,134.71,1.53,0.33,11.53,16.36,21.05,62.38,57.8
1983-07,144.73,1.61,0.31,14.48,18.99,23.55,66.53,67.21
1983-08,119.1,1.16,0.12,13.71,18.61,23.64,66.54,54.68
1983-09,103.99,1.0,0.14,9.72,14.65,19.87,66.71,45.71
1983-10,67.24,0.67,0.07,2.26,7.35,12.76,63.4,33.41
1983-11,24.51,0.15,0.01,-5.66,-0.03,6.1,58.31,15.66
1983-12,17.08,0.1,0.01,-11.65,-6.35,-0.6,60.4,10.09
1984-01,16.55,0.06,0.0,-15.26,-9.77,-4.17,58.65,9.7
1984-02,18.21,0.02,0.0,-12.44,-6.94,-1.77,54.74,8.39
1984-03,37.64,0.21,0.0,-5.42,0.65,6.14,52.56,16.49
1984-04,73.13,0.69,0.11,1.89,7.62,12.79,54.41,31.83
1984-05,101.25,1.19,0.16,7.95,13.44,18.62,56.4,40.02
1984-06,138.56,1.64,0.23,12.51,17.45,22.25,62.59,59.97
1984-07,146.14,1.44,0.17,14.48,18.99,23.57,68.01,55.92
1984-08,129.85,1.38,0.18,13.31,18.4,23.59,64.2,56.8
1984-09,93.44,0.81,0.1,8.36,13.34,18.52,65.03,44.31
1984-10,44.59,0.28,0.02,1.37,6.87,12.75,58.07,23.0
1984-11,23.64,0.14,0.01,-5.4,0.04,5.74,58.86,15.72
1984-12,23.45,0.06,0.0,-12.69,-7.88,-3.0,60.56,13.48
1985-01,17.3,0.01,0.0,-14.47,-8.93,-3.47,62.36,7.91
1985-02,40.9,0.34,0.04,-11.26,-5.46,0.03,58.68,17.89
1985-03,45.76,0.26,0.01,-6.05,-0.46,4.52,55.66,19.3
1985-04,58.42,0.55,0.06,2.01,8.11,13.67,51.75,29.06
1985-05,98.27,1.06,0.11,7.82,13.32,18.41,56.98,43.36
1985-06,115.73,1.12,0.14,12.08,16.96,21.69,62.37,49.82
1985-07,139.7,1.44,0.15,14.3,19.15,23.95,65.52,53.14
1985-08,153.75,1.56,0.23,14.2,19.07,23.91,67.37,60.51
1985-09,107.39,1.05,0.1,8.29,13.1,18.09,65.97,47.51
1985-10,48.46,0.32,0.01,1.85,7.23,12.97,62.19,26.01
1985-11,31.98,0.2,0.01,-7.29,-1.77,3.89,62.79,16.63
1985-12,17.2,0.02,0.0,-13.04,-7.4,-1.97,62.1,9.98
1986-01,13.72,0.01,0.0,-14.03,-8.07,-1.98,58.57,7.44
1986-02,21.75,0.07,0.01,-11.71,-5.72,-0.03,55.05,11.67
1986-03,45.57,0.37,0.03,-5.26,0.74,6.17,53.62,20.54
1986-04,70.53,0.73,0.07,1.34,6.98,12.12,53.26,31.44
1986-05,77.24,0.74,0.1,7.76,13.43,18.72,55.08,35.68
1986-06,130.39,1.51,0.24,12.46,17.48,22.41,61.77,56.63
1986-07,156.02,1.7,0.26,14.73,19.37,24.1,66.11,63.6
1986-08,108.34,0.98,0.09,13.18,18.26,23.43,64.44,46.51
1986-09,80.37,0.71,0.05,8.07,13.53,19.21,61.76,39.27
1986-10,52.89,0.47,0.04,0.38,5.96,11.69,60.79,29.38
1986-11,27.76,0.2,0.02,-6.39,-1.16,4.18,60.59,17.05
1986-12,19.36,0.04,0.0,-11.27,-5.91,-0.47,63.69,10.95
1987-01,18.86,0.04,0.0,-13.05,-7.19,-1.29,60.53,9.46
1987-02,25.4,0.09,0.0,-9.34,-3.39,2.29,56.73,13.57
1987-03,56.15,0.55,0.06,-5.27,0.72,6.04,54.72,23.71
1987-04,67.39,0.7,0.09,1.93,7.83,13.24,53.01,31.57
1987-05,96.59,1.15,0.17,7.02,12.63,17.77,55.94,38.19
1987-06,119.91,1.3,0.14,11.83,16.87,21.78,61.55,51.27
1987-07,153.85,1.71,0.25,14.88,19.44,24.11,66.19,61.62
1987-08,138.5,1.41,0.16,13.77,18.49,23.41,66.89,53.52
1987-09,90.62,0.9,0.09,9.04,14.12,19.4,64.1,40.91
1987-10,63.39,0.52,0.04,2.11,7.26,12.59,62.93,32.08
1987-11,37.0,0.28,0.01,-6.0,-0.66,4.85,60.94,20.48
1987-12,10.34,0.01,0.0,-11.07,-5.41,0.55,58.83,6.68
1988-01,19.0,0.01,0.0,-12.46,-7.03,-1.64,60.35,8.9
1988-02,33.71,0.17,0.0,-11.35,-5.85,-0.71,56.92,17.29
1988-03,44.31,0.31,0.02,-6.32,-0.74,4.26,56.86,19.49
1988-04,52.43,0.42,0.02,1.45,7.52,13.01,51.04,21.51
1988-05,111.45,1.21,0.14,7.57,12.79,17.74,58.91,46.79
1988-06,103.51,1.1,0.16,12.72,17.86,22.89,60.17,50.04
1988-07,143.04,1.49,0.16,15.46,20.04,24.77,67.38,56.41
1988-08,155.48,1.63,0.18,14.16,18.54,23.15,70.86,61.49
1988-09,90.76,0.75,0.1,9.3,14.17,19.3,66.59,43.57
1988-10,45.25,0.3,0.02,2.33,7.54,13.06,60.99,22.9
1988-11,16.23,0.07,0.0,-5.55,0.17,6.29,54.4,10.09
1988-12,14.98,0.07,0.0,-10.32,-4.84,0.98,59.55,11.99
1989-01,33.24,0.15,0.0,-13.23,-7.9,-2.66,65.26,15.59
1989-02,30.19,0.15,0.0,-10.81,-5.18,0.1,59.81,16.16
1989-03,38.85,0.2,0.01,-4.78,1.05,6.33,54.1,19.38
1989-04,73.21,0.8,0.08,1.57,7.37,12.58,53.32,30.27
1989-05,91.86,1.08,0.17,7.8,13.29,18.4,54.3,39.94
1989-06,128.84,1.38,0.21,12.21,16.88,21.46,63.6,56.36
1989-07,141.27,1.51,0.28,14.75,19.22,23.77,67.19,66.6
1989-08,114.99,0.98,0.11,13.6,18.32,23.21,67.41,47.87
1989-09,89.71,0.73,0.07,9.22,14.14,19.31,66.07,44.02
1989-10,52.49,0.41,0.04,2.47,7.81,13.44,61.12,25.4
1989-11,27.68,0.14,0.01,-6.17,-0.98,4.41,61.9,16.21
1989-12,18.04,0.03,0.0,-10.56,-5.24,0.4,65.75,10.46
1990-01,26.96,0.08,0.0,-13.06,-7.66,-2.34,63.7,13.03
1990-02,45.14,0.34,0.03,-9.93,-4.48,0.48,65.61,22.58
1990-03,53.5,0.41,0.03,-3.76,1.88,7.1,60.56,27.75
1990-04,76.9,0.79,0.07,1.18,6.76,11.81,55.22,34.12
1990-05,100.45,1.25,0.18,7.34,12.95,18.14,56.27,43.58
1990-06,131.97,1.57,0.25,12.64,17.69,22.61,60.75,55.81
1990-07,150.26,1.52,0.18,15.01,19.47,24.09,68.35,61.74
1990-08,115.03,1.14,0.17,13.89,18.85,24.0,65.75,53.66
1990-09,97.58,0.89,0.12,9.35,14.41,19.7,64.12,44.55
1990-10,45.69,0.24,0.01,2.17,7.73,13.66,61.42,22.84
1990-11,41.39,0.46,0.05,-4.53,1.0,6.82,60.21,22.2
1990-12,16.63,0.03,0.0,-10.55,-5.19,0.52,59.53,11.7
1991-01,26.73,0.06,0.0,-13.08,-7.79,-2.43,64.63,12.92
1991-02,25.97,0.15,0.0,-10.17,-4.43,0.97,59.21,13.41
1991-03,57.42,0.57,0.02,-4.86,0.87,6.04,58.15,25.38
1991-04,67.35,0.68,0.06,1.62,7.31,12.52,55.78,30.86
1991-05,84.56,0.9,0.11,7.42,12.96,18.18,55.09,40.75
1991-06,135.32,1.63,0.26,12.8,17.64,22.44,62.95,60.97
1991-07,164.69,1.78,0.36,15.43,19.86,24.47,67.33,70.0
1991-08,120.19,1.04,0.11,13.95,18.71,23.69,68.44,52.72
1991-09,79.81,0.6,0.05,9.03,14.23,19.69,63.11,37.38
1991-10,44.01,0.22,0.01,1.86,7.28,13.03,58.58,22.4
1991-11,23.39,0.1,0.0,-6.13,-0.65,5.23,57.37,14.02
1991-12,23.5,0.09,0.0,-11.43,-6.29,-0.96,64.2,15.22
1992-01,21.72,0.14,0.02,-12.93,-7.46,-1.83,64.96,14.2
1992-02,32.79,0.17,0.0,-11.18,-5.23,0.39,57.97,17.49
1992-03,67.01,0.68,0.06,-4.66,0.6,5.42,59.69,26.38
1992-04,60.97,0.64,0.08,2.49,8.54,14.04,51.67,27.76
1992-05,97.02,1.06,0.16,7.61,12.99,18.02,57.49,42.13
1992-06,130.42,1.43,0.25,11.75,16.64,21.49,62.56,53.68
1992-07,139.75,1.51,0.28,14.1,18.93,23.78,65.34,69.61
1992-08,121.12,1.08,0.16,13.52,18.28,23.26,67.86,50.39
1992-09,84.37,0.58,0.07,8.76,13.7,18.89,65.52,41.51
1992-10,42.3,0.3,0.02,0.7,6.25,12.17,60.05,23.5
1992-11,20.3,0.09,0.0,-6.97,-1.17,4.88,57.36,11.87
1992-12,21.39,0.09,0.0,-11.0,-5.58,0.08,63.68,10.47
1993-01,25.55,0.12,0.0,-14.35,-8.99,-3.54,66.12,13.93
1993-02,31.66,0.22,0.0,-8.66,-2.77,2.85,59.53,17.14
1993-03,45.11,0.31,0.02,-3.95,1.7,6.92,57.0,23.79
1993-04,61.45,0.55,0.06,1.54,7.53,12.99,52.02,29.65
1993-05,99.73,1.14,0.15,7.1,12.63,17.73,55.45,40.31
1993-06,139.69,1.71,0.28,12.33,17.24,22.07,62.51,56.39
1993-07,160.04,1.65,0.23,14.81,19.01,23.4,69.95,67.12
1993-08,145.85,1.35,0.16,13.31,17.74,22.39,70.29,53.57
1993-09,89.86,0.76,0.08,8.8,14.08,19.53,64.41,38.14
1993-10,44.72,0.24,0.0,1.31,6.8,12.63,58.69,23.87
1993-11,37.96,0.25,0.01,-5.93,-0.66,4.73,62.85,20.16
1993-12,13.67,0.0,0.0,-11.7,-6.21,-0.53,60.43,8.94
1994-01,18.87,0.03,0.0,-12.82,-7.23,-1.71,60.86,8.82
1994-02,30.03,0.21,0.0,-10.56,-4.75,0.62,59.32,14.62
1994-03,46.54,0.32,0.01,-5.87,0.12,5.37,54.5,20.41
1994-04,66.22,0.66,0.06,2.75,8.54,13.81,54.27,32.4
1994-05,88.19,1.05,0.13,8.22,13.94,19.27,53.14,38.17
1994-06,142.93,1.76,0.37,13.06,17.92,22.7,61.94,66.83
1994-07,151.69,1.74,0.25,15.49,20.35,25.27,65.28,63.78
1994-08,139.69,1.4,0.23,14.41,19.3,24.39,67.25,58.73
1994-09,85.76,0.69,0.05,9.09,14.08,19.37,64.29,37.89
1994-10,52.27,0.37,0.01,1.41,6.75,12.46,59.41,29.26
1994-11,28.19,0.14,0.01,-3.52,1.84,7.57,62.2,19.49
1994-12,34.0,0.25,0.03,-10.32,-5.42,-0.38,66.41,18.13
1995-01,21.3,0.08,0.0,-13.88,-8.25,-2.86,61.64,11.28
1995-02,27.5,0.12,0.0,-10.48,-4.4,1.07,60.23,13.77
1995-03,41.39,0.31,0.01,-5.29,1.0,6.38,52.96,17.23
1995-04,62.69,0.66,0.07,0.96,6.95,12.06,52.95,27.21
1995-05,86.04,0.93,0.13,7.66,13.58,18.9,52.62,37.57
1995-06,140.33,1.65,0.4,12.81,18.17,23.26,58.99,59.19
1995-07,148.22,1.66,0.27,14.7,19.49,24.23,66.54,67.37
1995-08,147.38,1.53,0.2,13.83,18.6,23.4,68.38,59.56
1995-09,83.81,0.67,0.06,9.42,14.39,19.46,66.61,43.3
1995-10,59.45,0.52,0.07,2.75,7.97,13.26,63.66,32.06
1995-11,21.51,0.12,0.01,-5.52,0.17,5.97,57.2,11.13
1995-12,13.88,0.01,0.0,-11.73,-6.3,-0.86,61.02,7.98
1996-01,21.05,0.04,0.0,-14.2,-8.48,-3.12,59.82,9.4
1996-02,18.87,0.06,0.0,-11.52,-5.31,0.27,53.24,11.56
1996-03,58.39,0.59,0.04,-5.13,0.71,5.87,54.65,29.09
1996-04,52.11,0.38,0.06,1.08,6.96,11.99,53.11,27.68
1996-05,88.46,0.91,0.14,7.66,13.37,18.43,55.96,39.6
1996-06,127.97,1.42,0.2,12.23,17.34,22.19,61.37,55.84
1996-07,181.67,2.04,0.41,15.0,19.44,23.88,70.22,76.24
1996-08,143.23,1.52,0.21,13.75,18.55,23.35,69.29,62.01
1996-09,79.11,0.6,0.08,9.07,14.34,19.73,63.98,35.32
1996-10,51.53,0.4,0.02,1.84,7.32,12.79,61.72,26.75
1996-11,35.16,0.24,0.02,-6.13,-1.03,4.0,63.28,22.28
1996-12,11.66,0.01,0.0,-11.61,-5.71,0.25,57.09,7.84
1997-01,23.55,0.15,0.0,-13.34,-7.33,-1.65,58.43,12.23
1997-02,28.19,0.14,0.0,-10.86,-4.86,0.49,57.78,14.72
1997-03,49.67,0.37,0.01,-3.4,2.59,7.75,56.97,24.28
1997-04,58.56,0.57,0.03,1.84,8.13,13.49,52.94,23.76
1997-05,91.35,0.94,0.09,8.08,13.82,18.97,56.38,40.65
1997-06,115.86,1.21,0.14,12.27,17.52,22.46,60.96,49.87
1997-07,155.31,1.78,0.22,15.01,20.0,24.81,64.61,67.59
1997-08,126.99,1.34,0.22,14.11,19.19,24.16,64.33,57.69
1997-09,79.56,0.72,0.05,7.98,13.35,18.67,60.94,38.2
1997-10,45.88,0.28,0.01,0.98,6.76,12.5,59.8,21.45
1997-11,34.87,0.25,0.02,-6.66,-0.97,4.66,63.1,18.65
1997-12,26.62,0.17,0.01,-11.99,-6.6,-1.38,65.65,13.57
1998-01,31.46,0.2,0.01,-14.29,-8.71,-3.54,63.47,14.21
1998-02,32.51,0.24,0.02,-8.72,-2.72,2.68,60.79,17.94
1998-03,60.75,0.62,0.05,-4.72,1.1,6.22,58.23,27.21
1998-04,72.63,0.87,0.11,3.41,9.79,15.43,55.19,36.45
1998-05,104.19,1.3,0.17,8.09,13.79,18.91,56.61,44.44
1998-06,153.09,1.86,0.37,13.17,18.17,22.94,63.29,65.93
1998-07,178.73,1.99,0.32,15.65,20.08,24.5,69.83,70.73
1998-08,156.39,1.56,0.23,14.47,18.93,23.48,70.79,58.63
1998-09,67.5,0.48,0.04,10.08,15.46,20.89,63.57,35.22
1998-10,52.11,0.39,0.04,3.29,8.73,14.23,61.88,29.84
1998-11,18.93,0.05,0.0,-4.88,0.87,6.78,59.03,13.56
1998-12,17.2,0.03,0.0,-10.24,-4.73,0.75,62.18,11.72
1999-01,18.3,0.04,0.0,-12.28,-6.62,-1.21,59.86,9.23
1999-02,13.02,0.01,0.0,-8.62,-2.2,3.62,51.4,7.75
1999-03,44.12,0.26,0.01,-4.98,0.97,6.12,54.18,18.74
1999-04,68.83,0.78,0.11,2.85,9.02,14.42,51.82,33.07
1999-05,99.3,1.02,0.15,7.98,13.61,18.62,55.9,44.54
1999-06,128.45,1.36,0.26,12.9,18.01,22.8,61.26,54.54
1999-07,149.81,1.44,0.2,15.49,20.1,24.7,68.4,60.42
1999-08,143.03,1.3,0.13,13.97,18.73,23.55,67.55,53.41
1999-09,82.92,0.59,0.06,10.05,15.19,20.4,64.26,40.64
1999-10,60.3,0.46,0.04,2.34,7.55,12.74,62.85,30.18
1999-11,26.86,0.11,0.01,-5.19,0.24,5.74,62.66,17.81
1999-12,12.04,0.01,0.0,-11.65,-5.8,0.01,59.52,7.37
2000-01,29.4,0.07,0.0,-14.08,-8.51,-3.31,64.39,14.55
2000-02,24.09,0.07,0.0,-12.22,-6.18,-0.8,60.09,12.23
2000-03,37.36,0.16,0.01,-5.09,1.23,6.63,52.68,18.81
2000-04,69.48,0.69,0.06,1.87,7.98,13.14,52.18,27.54
2000-05,80.74,0.78,0.1,8.51,14.55,19.91,54.03,40.71
2000-06,131.05,1.42,0.27,13.01,18.17,23.03,62.02,58.98
2000-07,137.03,1.31,0.18,15.94,20.72,25.45,65.32,56.96
2000-08,142.04,1.29,0.16,14.15,18.84,23.56,68.75,56.0
2000-09,83.29,0.62,0.07,9.28,14.4,19.58,64.42,41.53
2000-10,68.79,0.68,0.05,1.88,7.05,12.04,62.33,34.24
2000-11,29.74,0.12,0.0,-6.81,-1.38,3.88,62.26,15.52
2000-12,17.1,0.03,0.0,-11.3,-5.81,-0.33,63.95,9.75
2001-01,29.16,0.16,0.01,-13.66,-8.03,-2.71,62.68,15.52
2001-02,23.65,0.06,0.0,-10.13,-4.21,1.23,58.65,11.99
2001-03,35.2,0.24,0.01,-4.61,1.71,7.28,49.94,16.03
2001-04,66.31,0.68,0.07,1.94,7.78,12.97,53.07,26.87
2001-05,83.5,0.85,0.05,8.22,13.85,18.98,54.22,34.62
2001-06,124.75,1.4,0.2,13.13,18.14,22.92,60.55,52.37
2001-07,142.47,1.55,0.23,15.74,20.57,25.39,64.05,60.84
2001-08,122.95,1.05,0.11,14.21,18.85,23.59,68.11,52.64
2001-09,71.91,0.49,0.04,9.73,14.7,19.8,64.32,33.49
2001-10,54.77,0.36,0.02,3.16,8.44,13.89,62.29,25.08
2001-11,20.41,0.12,0.0,-4.64,0.92,6.94,57.56,16.08
2001-12,23.73,0.07,0.0,-11.99,-6.91,-1.75,61.46,12.69
2002-01,22.36,0.08,0.0,-11.68,-6.0,-0.31,61.91,12.19
2002-02,20.98,0.06,0.0,-8.27,-2.11,3.64,57.5,11.81
2002-03,43.62,0.33,0.01,-3.29,2.94,8.48,53.08,19.53
2002-04,73.93,0.71,0.03,2.81,8.47,13.56,54.17,31.14
2002-05,99.26,1.13,0.16,7.97,13.36,18.27,57.66,41.58
2002-06,139.27,1.63,0.28,13.43,18.22,22.93,63.16,61.05
2002-07,144.36,1.38,0.15,15.66,20.05,24.56,67.88,59.72
2002-08,123.66,1.21,0.16,14.22,19.03,23.96,66.15,55.25
2002-09,74.0,0.53,0.04,8.81,13.93,19.22,64.01,34.96
2002-10,55.66,0.45,0.05,1.3,6.85,12.48,60.54,27.93
2002-11,25.43,0.18,0.01,-6.18,-0.63,5.2,61.27,16.1
2002-12,31.06,0.19,0.01,-11.56,-6.67,-1.67,65.66,15.15
2003-01,21.82,0.14,0.0,-13.09,-7.25,-1.42,61.74,12.5
2003-02,28.6,0.13,0.0,-9.22,-3.37,2.1,61.85,14.12
2003-03,43.49,0.25,0.01,-4.38,1.44,6.64,57.3,19.84
2003-04,62.61,0.58,0.07,2.58,8.33,13.5,53.77,29.96
2003-05,91.47,0.93,0.09,7.74,13.05,17.96,57.81,40.34
2003-06,130.45,1.47,0.22,12.68,17.58,22.31,61.84,57.57
2003-07,135.0,1.39,0.21,14.96,19.48,24.04,66.54,58.48
2003-08,132.27,1.22,0.15,14.34,18.81,23.44,68.41,53.31
2003-09,87.08,0.61,0.04,9.98,14.9,20.02,66.03,38.09
2003-10,44.41,0.27,0.04,2.51,7.82,13.41,59.22,26.26
2003-11,27.83,0.13,0.01,-5.37,-0.03,5.33,60.43,15.83
2003-12,14.23,0.02,0.0,-11.21,-5.83,-0.26,60.73,8.73
2004-01,20.28,0.07,0.0,-13.1,-7.59,-2.15,62.0,10.35
2004-02,27.64,0.19,0.0,-9.56,-3.24,2.61,54.92,15.57
2004-03,37.54,0.16,0.0,-3.41,2.45,7.71,51.79,18.33
2004-04,56.27,0.56,0.03,3.43,9.59,15.2,49.5,30.47
2004-05,96.28,1.11,0.16,7.91,13.4,18.51,53.76,42.98
2004-06,103.36,0.93,0.1,12.65,17.6,22.39,59.83,44.56
2004-07,143.8,1.49,0.2,15.0,19.63,24.33,65.09,57.67
2004-08,123.85,1.06,0.12,13.88,18.48,23.3,67.49,50.61
2004-09,79.15,0.65,0.07,9.42,14.56,19.93,62.42,35.33
2004-10,28.17,0.08,0.0,1.59,7.19,13.09,57.2,16.85
2004-11,28.03,0.16,0.0,-5.16,0.35,6.18,59.28,16.69
2004-12,20.2,0.03,0.01,-10.65,-5.36,0.1,62.37,11.38
2005-01,18.98,0.03,0.0,-13.24,-7.89,-2.55,61.21,9.45
2005-02,33.86,0.2,0.01,-11.74,-6.26,-1.19,59.81,17.32
2005-03,40.17,0.29,0.01,-4.57,1.4,6.78,53.21,18.73
2005-04,54.77,0.48,0.04,2.72,8.66,14.14,49.94,26.27
2005-05,101.49,1.08,0.1,7.91,13.22,18.22,56.78,40.14
2005-06,123.25,1.35,0.21,13.47,18.45,23.39,59.17,54.94
2005-07,135.05,1.21,0.15,15.83,20.2,24.76,66.18,57.22
2005-08,134.37,1.22,0.18,14.17,18.65,23.34,68.31,55.12
2005-09,77.71,0.65,0.09,10.41,15.45,20.76,63.06,38.21
2005-10,39.59,0.17,0.01,2.37,7.71,13.34,58.82,20.87
2005-11,26.48,0.18,0.03,-4.67,0.62,6.37,59.28,16.92
2005-12,12.95,0.01,0.0,-12.47,-7.23,-1.66,56.92,8.12
2006-01,18.85,0.08,0.0,-12.2,-6.92,-1.57,62.45,11.27
2006-02,30.22,0.08,0.0,-9.24,-3.58,1.62,60.62,13.48
2006-03,33.13,0.21,0.0,-4.61,1.67,7.25,50.42,16.15
2006-04,58.06,0.56,0.06,2.05,7.99,13.32,50.32,27.87
2006-05,89.91,1.1,0.12,8.21,13.78,19.0,52.58,39.73
2006-06,112.21,1.06,0.11,13.12,17.97,22.79,59.89,48.27
2006-07,141.85,1.4,0.25,15.81,20.39,25.09,64.81,62.38
2006-08,103.33,0.75,0.1,14.94,19.75,24.82,64.4,45.03
2006-09,66.33,0.51,0.04,9.28,14.54,20.07,61.25,33.06
2006-10,41.93,0.27,0.01,3.68,9.15,14.99,60.19,21.29
2006-11,31.46,0.18,0.02,-4.52,0.88,6.63,61.45,17.72
2006-12,13.06,0.04,0.0,-11.13,-5.76,-0.07,62.49,8.44
2007-01,16.67,0.03,0.0,-12.61,-6.95,-1.01,58.29,9.81
2007-02,28.09,0.15,0.0,-7.96,-1.59,4.46,56.52,17.34
2007-03,44.52,0.33,0.01,-4.08,1.74,6.96,55.26,23.15
2007-04,54.74,0.54,0.04,2.74,8.58,13.92,48.89,24.95
2007-05,76.38,0.76,0.06,8.99,14.75,20.19,51.12,34.71
2007-06,109.65,1.17,0.15,13.18,18.28,23.23,58.13,53.12
2007-07,138.55,1.5,0.24,15.31,19.91,24.58,64.44,58.29
2007-08,127.76,1.24,0.17,14.93,19.57,24.46,65.35,57.27
2007-09,78.32,0.59,0.06,9.76,14.72,19.97,63.55,39.22
2007-10,43.08,0.23,0.03,2.41,7.61,13.16,60.1,23.78
2007-11,12.25,0.03,0.0,-5.22,0.52,6.77,55.29,9.25
2007-12,16.11,0.06,0.0,-9.82,-4.8,0.65,61.02,9.61
2008-01,27.66,0.14,0.0,-13.72,-8.89,-3.89,61.01,15.56
2008-02,17.12,0.07,0.0,-12.38,-6.55,-0.93,56.13,10.95
2008-03,40.51,0.25,0.01,-2.59,3.56,9.24,51.43,18.34
2008-04,52.78,0.46,0.04,2.93,8.9,14.35,50.69,28.25
2008-05,85.85,0.82,0.08,8.73,14.16,19.31,53.48,36.88
2008-06,126.48,1.43,0.23,13.14,18.06,22.9,60.38,53.38
2008-07,142.13,1.44,0.21,15.49,20.03,24.67,65.15,59.15
2008-08,124.36,1.21,0.15,13.81,18.57,23.48,64.87,51.35
2008-09,76.1,0.53,0.06,9.69,14.66,19.96,64.39,37.03
2008-10,54.67,0.47,0.07,2.98,8.21,13.8,61.42,31.91
2008-11,25.5,0.26,0.04,-5.16,0.21,5.92,58.78,18.87
2008-12,9.69,0.0,0.0,-10.63,-5.05,0.66,55.0,5.86
2009-01,11.77,0.0,0.0,-12.56,-6.87,-1.1,55.93,6.31
2009-02,27.68,0.15,0.0,-8.06,-2.19,3.42,54.56,15.09
2009-03,41.08,0.26,0.01,-4.18,1.94,7.38,51.16,18.28
2009-04,56.13,0.53,0.04,3.73,9.63,15.1,49.84,25.3
2009-05,78.51,0.75,0.08,8.23,13.84,19.07,51.52,37.46
2009-06,109.95,1.1,0.14,12.84,17.89,22.85,57.37,45.82
2009-07,130.22,1.31,0.24,15.42,20.01,24.67,63.25,57.22
2009-08,111.49,1.06,0.13,14.07,18.91,23.9,63.37,49.84
2009-09,69.39,0.43,0.06,10.11,15.05,20.35,63.29,35.1
2009-10,35.37,0.12,0.01,2.92,8.37,14.33,57.48,20.3
2009-11,30.1,0.22,0.01,-6.83,-1.62,3.9,60.64,20.45
2009-12,18.92,0.04,0.0,-11.76,-6.57,-1.2,61.48,9.69
2010-01,20.84,0.12,0.02,-12.46,-6.83,-1.16,58.29,11.59
2010-02,29.95,0.16,0.0,-9.89,-4.3,1.12,57.98,15.87
2010-03,48.88,0.41,0.02,-4.91,1.06,6.44,52.03,22.82
2010-04,69.12,0.74,0.06,1.11,6.68,11.72,51.5,30.82
2010-05,104.26,1.21,0.14,8.5,13.63,18.58,56.77,41.44
2010-06,114.68,1.24,0.2,13.37,18.22,23.03,60.61,48.71
2010-07,140.55,1.49,0.25,16.43,20.88,25.55,65.06,61.31
2010-08,121.45,1.2,0.13,14.89,19.5,24.44,64.86,50.71
2010-09,98.81,0.85,0.12,10.3,15.04,20.16,66.45,47.32
2010-10,46.14,0.32,0.02,2.41,7.55,13.1,62.26,24.99
2010-11,17.83,0.03,0.0,-4.97,0.65,6.73,58.5,9.23
2010-12,23.2,0.19,0.0,-11.91,-6.33,-0.56,55.08,15.49
2011-01,13.71,0.02,0.0,-15.89,-10.72,-5.49,56.57,6.34
2011-02,18.89,0.02,0.0,-9.59,-3.62,2.18,56.5,11.21
2011-03,28.08,0.16,0.01,-6.01,-0.08,5.28,50.03,15.84
2011-04,35.38,0.16,0.01,2.54,8.58,14.17,48.24,20.33
2011-05,77.64,0.79,0.06,7.93,13.48,18.68,52.94,35.55
2011-06,121.08,1.24,0.21,13.38,18.19,22.95,61.03,52.33
2011-07,124.59,1.13,0.15,15.55,20.15,24.88,64.06,51.89
2011-08,99.75,0.9,0.08,14.56,19.36,24.42,64.34,48.1
2011-09,82.4,0.69,0.09,9.34,14.23,19.45,62.37,39.93
2011-10,43.9,0.25,0.02,2.69,8.06,13.77,60.06,27.33
2011-11,34.88,0.25,0.04,-3.97,1.24,6.83,63.71,18.81
2011-12,10.81,0.01,0.0,-11.23,-6.26,-0.89,60.42,7.22
2012-01,22.82,0.11,0.01,-14.54,-9.55,-4.29,62.17,11.91
2012-02,23.56,0.1,0.0,-11.09,-5.63,-0.41,55.38,11.06
2012-03,42.41,0.3,0.03,-5.0,0.78,6.09,53.28,19.69
2012-04,65.06,0.69,0.06,2.93,8.86,14.29,50.08,28.32
2012-05,84.39,0.84,0.1,8.52,14.1,19.32,54.81,36.98
2012-06,126.62,1.32,0.13,13.41,17.95,22.62,62.92,56.14
2012-07,155.27,1.67,0.29,15.93,20.19,24.68,67.26,67.71
2012-08,114.18,0.99,0.2,14.57,19.21,24.13,65.84,53.83
2012-09,82.86,0.76,0.08,9.26,14.26,19.59,63.2,39.76
2012-10,41.34,0.18,0.03,1.89,7.32,13.15,57.42,20.92
2012-11,40.99,0.34,0.01,-6.26,-0.94,4.5,58.71,19.29
2012-12,23.36,0.05,0.0,-12.47,-7.34,-2.13,60.06,11.2
2013-01,13.26,0.02,0.0,-13.82,-8.13,-2.25,60.31,7.77
2013-02,23.81,0.07,0.0,-10.09,-4.22,1.38,58.15,11.83
2013-03,37.68,0.33,0.03,-3.14,3.29,9.25,49.19,19.05
2013-04,55.79,0.51,0.04,1.99,7.91,13.33,50.45,26.01
2013-05,96.5,1.05,0.11,8.85,14.18,19.3,55.67,41.15
2013-06,115.16,1.16,0.15,13.49,18.32,23.22,60.89,56.91
2013-07,147.61,1.64,0.24,15.89,20.29,24.88,65.42,58.18
2013-08,118.43,1.15,0.18,15.09,19.87,24.96,63.66,53.12
2013-09,80.69,0.67,0.09,9.25,14.36,19.73,62.22,39.54
2013-10,37.78,0.19,0.03,2.64,8.26,14.27,57.9,21.78
2013-11,27.75,0.19,0.03,-5.31,0.04,5.8,59.44,17.35
2013-12,18.69,0.24,0.04,-11.29,-5.85,0.08,59.41,15.44
2014-01,9.98,0.0,0.0,-12.48,-6.3,0.0,54.64,5.9
2014-02,28.69,0.11,0.0,-10.85,-5.25,0.11,58.18,12.9
2014-03,39.69,0.32,0.03,-3.49,2.62,8.34,51.66,20.14
2014-04,53.96,0.46,0.03,3.13,9.08,14.51,51.13,27.37
2014-05,90.94,0.95,0.09,8.12,13.59,18.76,52.85,37.58
2014-06,118.07,1.16,0.11,13.17,17.88,22.62,61.61,49.84
2014-07,129.77,1.2,0.17,15.53,20.16,24.99,64.56,54.69
2014-08,123.97,1.11,0.12,13.93,18.5,23.38,66.36,49.24
2014-09,93.13,0.83,0.1,9.74,14.7,19.93,65.2,42.19
2014-10,39.13,0.29,0.03,2.9,8.36,14.25,59.8,23.73
2014-11,28.44,0.15,0.01,-4.65,0.56,6.09,60.6,15.23
2014-12,12.17,0.03,0.0,-11.8,-6.5,-0.92,55.99,8.62
2015-01,21.43,0.13,0.01,-11.82,-6.23,-0.49,59.82,13.13
2015-02,23.9,0.12,0.0,-8.93,-3.02,2.67,56.08,13.54
2015-03,36.61,0.2,0.01,-3.16,2.83,8.39,50.85,21.11
2015-04,56.55,0.46,0.03,2.74,8.57,13.96,51.97,29.9
2015-05,98.71,1.14,0.13,8.53,13.9,19.0,54.96,40.71
2015-06,129.78,1.4,0.2,12.89,17.53,22.18,63.16,52.25
2015-07,106.64,1.09,0.16,14.96,19.95,24.91,61.04,51.98
2015-08,121.9,1.13,0.12,14.25,18.97,23.94,64.75,53.02
2015-09,87.32,0.68,0.05,9.72,14.5,19.64,65.85,37.01
2015-10,45.91,0.38,0.06,3.05,8.55,14.44,56.19,28.63
2015-11,44.28,0.39,0.05,-3.45,1.25,6.32,65.28,22.77
2015-12,29.96,0.24,0.02,-10.11,-5.2,-0.05,64.11,15.54
2016-01,32.12,0.23,0.03,-13.48,-8.25,-2.96,61.16,13.6
2016-02,18.2,0.06,0.0,-10.36,-4.25,1.66,53.59,12.28
2016-03,40.53,0.35,0.03,-2.72,3.31,8.85,51.05,22.44
2016-04,79.96,0.92,0.12,3.97,9.62,14.84,52.87,32.5
2016-05,100.22,1.14,0.11,8.2,13.61,18.73,55.1,41.57
2016-06,127.38,1.4,0.2,13.42,18.35,23.26,61.21,53.35
2016-07,139.92,1.4,0.25,16.09,20.68,25.42,65.73,66.55
2016-08,119.57,0.97,0.12,15.37,19.85,24.72,68.17,52.07
2016-09,87.67,0.68,0.09,10.58,15.34,20.47,66.08,41.27
2016-10,63.37,0.47,0.06,2.92,7.81,12.96,63.06,32.99
2016-11,33.97,0.23,0.01,-5.07,0.04,5.51,60.33,17.48
2016-12,15.79,0.05,0.0,-8.56,-3.32,2.36,61.61,9.0
2017-01,19.43,0.06,0.0,-11.48,-6.2,-0.65,61.2,11.47
2017-02,20.45,0.08,0.0,-8.44,-2.58,3.17,55.68,12.41
2017-03,47.72,0.38,0.01,-4.07,1.62,6.87,55.3,19.32
2017-04,57.24,0.47,0.01,3.47,9.19,14.51,51.96,27.22
2017-05,71.78,0.7,0.06,8.57,14.31,19.7,51.86,32.77
2017-06,132.08,1.53,0.23,12.93,17.76,22.49,61.52,55.58
2017-07,128.38,1.18,0.15,16.33,20.96,25.81,64.98,59.44
2017-08,136.45,1.31,0.17,14.87,19.23,23.96,67.96,59.38
2017-09,81.07,0.58,0.05,10.47,15.43,20.73,64.0,32.6
2017-10,51.37,0.41,0.02,2.94,7.97,13.38,61.63,27.16
2017-11,22.11,0.07,0.0,-5.13,0.19,5.88,57.24,11.52
2017-12,9.13,0.0,0.0,-10.2,-4.95,0.79,55.64,5.5
2018-01,26.73,0.17,0.01,-13.01,-7.83,-2.49,57.15,18.51
2018-02,16.06,0.03,0.0,-10.59,-4.58,1.17,52.37,9.85
2018-03,39.51,0.24,0.01,-2.19,4.03,9.89,51.76,18.24
2018-04,53.82,0.42,0.02,3.46,9.43,14.98,49.31,25.56
2018-05,81.07,0.72,0.05,8.8,14.41,19.68,53.5,35.59
2018-06,114.02,1.14,0.14,13.83,18.59,23.35,60.39,51.99
2018-07,146.32,1.37,0.18,16.52,20.81,25.33,68.02,60.83
2018-08,140.48,1.29,0.17,15.5,19.84,24.57,69.56,55.67
2018-09,86.44,0.64,0.07,9.63,14.4,19.49,64.71,40.7
2018-10,36.67,0.13,0.0,1.34,6.89,12.77,57.67,19.09
2018-11,30.74,0.16,0.0,-5.32,-0.13,5.39,61.45,17.0
2018-12,24.95,0.05,0.0,-12.04,-7.1,-2.01,59.45,12.27
2019-01,20.12,0.1,0.01,-12.56,-7.17,-1.75,61.23,10.34
2019-02,32.69,0.17,0.01,-9.92,-4.34,1.0,58.43,14.78
2019-03,41.04,0.37,0.03,-3.75,2.38,8.12,51.0,18.71
2019-04,57.21,0.51,0.03,3.77,9.72,15.24,52.16,24.06
2019-05,82.96,0.82,0.06,7.99,13.4,18.52,53.66,37.75
2019-06,121.29,1.36,0.21,13.13,17.98,22.8,61.21,51.64
2019-07,142.85,1.43,0.18,15.41,19.94,24.63,65.91,56.91
2019-08,119.39,1.11,0.15,14.9,19.59,24.55,65.79,52.63
2019-09,68.36,0.52,0.06,10.39,15.66,21.31,61.81,36.38
2019-10,45.23,0.19,0.0,3.02,8.27,13.95,60.95,21.12
2019-11,20.62,0.04,0.0,-4.31,0.99,6.53,58.0,9.96
2019-12,16.04,0.02,0.0,-11.16,-5.91,-0.19,60.85,9.69
2020-01,32.21,0.27,0.01,-11.83,-6.65,-1.24,66.24,18.23
2020-02,30.02,0.22,0.01,-8.99,-2.93,3.01,57.35,16.22
2020-03,45.04,0.38,0.02,-2.96,2.99,8.45,52.05,19.33
2020-04,45.27,0.32,0.01,2.35,8.34,13.87,48.16,24.15
2020-05,83.74,0.84,0.08,8.75,14.2,19.41,54.4,39.26
2020-06,132.45,1.61,0.22,13.34,18.11,22.87,61.4,53.88
2020-07,143.33,1.46,0.28,15.57,20.02,24.65,66.23,57.99
2020-08,141.77,1.62,0.23,14.92,19.5,24.36,66.96,56.81
2020-09,102.45,0.93,0.1,10.41,15.08,20.15,65.56,43.54
2020-10,39.83,0.25,0.03,2.83,7.93,13.57,56.92,21.36
2020-11,23.11,0.13,0.01,-3.95,1.1,6.66,57.78,16.16
2020-12,10.97,0.0,0.0,-11.69,-6.77,-1.4,60.44,6.0
2021-01,12.26,0.0,0.0,-13.04,-7.2,-1.25,53.65,6.43
2021-02,26.55,0.19,0.02,-7.66,-1.41,4.77,52.75,16.55
2021-03,40.4,0.18,0.0,-1.79,3.99,9.4,53.01,20.57
2021-04,53.6,0.32,0.01,2.46,7.96,13.04,53.48,24.99
2021-05,98.32,1.03,0.12,8.62,13.93,19.02,56.01,42.53
2021-06,117.09,1.17,0.11,13.51,18.26,23.05,61.64,53.72
2021-07,140.14,1.43,0.25,16.51,21.02,25.74,65.95,62.41
2021-08,137.27,1.39,0.18,14.5,18.92,23.64,67.7,58.05
2021-09,91.96,0.85,0.13,10.88,15.97,21.47,64.6,41.31
2021-10,61.02,0.53,0.07,3.01,8.02,13.48,61.85,33.63
2021-11,28.83,0.2,0.0,-5.77,-0.38,5.52,59.12,17.51
2021-12,13.78,0.05,0.0,-10.98,-5.5,0.38,59.21,8.62
2022-01,26.25,0.09,0.0,-12.3,-7.0,-1.38,63.35,12.57
2022-02,31.37,0.23,0.01,-11.81,-6.16,-0.74,58.95,14.88
2022-03,49.1,0.47,0.03,-1.69,4.39,10.15,51.19,24.95
2022-04,58.21,0.63,0.05,3.46,9.47,15.11,47.94,29.85
2022-05,93.32,0.93,0.11,8.83,14.21,19.34,54.67,40.22
2022-06,134.44,1.63,0.21,14.12,18.93,23.74,61.06,55.72
2022-07,112.02,1.11,0.16,16.18,21.06,26.06,62.1,51.97
2022-08,103.06,0.83,0.1,15.54,20.11,25.08,66.25,44.03
2022-09,66.2,0.47,0.06,10.42,15.66,21.27,60.46,33.45
2022-10,43.84,0.3,0.03,2.32,7.64,13.38,59.24,27.87
2022-11,36.09,0.25,0.01,-3.83,1.49,7.15,60.93,19.66
2022-12,11.24,0.01,0.0,-11.94,-6.73,-1.09,54.69,8.37
2023-01,13.08,0.04,0.0,-12.86,-7.07,-1.04,54.25,8.53
2023-02,23.16,0.05,0.0,-7.97,-2.33,3.22,56.53,12.72
2023-03,35.56,0.25,0.03,-2.25,3.99,9.88,49.15,21.39
2023-04,61.78,0.6,0.07,2.5,8.28,13.64,50.11,29.25
2023-05,76.38,0.67,0.06,7.83,13.22,18.28,54.88,34.27
2023-06,104.37,1.04,0.13,13.47,18.54,23.52,58.42,48.1
2023-07,135.24,1.39,0.19,16.27,20.86,25.6,64.4,57.32
2023-08,130.52,1.23,0.14,15.33,19.87,24.7,67.01,51.6
2023-09,85.85,0.73,0.11,10.98,15.95,21.31,64.67,39.79
2023-10,45.81,0.3,0.03,3.64,9.1,15.11,60.43,24.88
2023-11,27.25,0.21,0.0,-5.09,0.52,6.53,57.88,17.64
2023-12,18.73,0.06,0.0,-11.01,-5.6,0.13,59.02,11.84
