Month,hurs,pr,r20mm,rx5day,hd35,rx1day,tasmax,cdd
1950-01,82.65,118.41,0.52,47.14,0.0,17.19,28.08,6.83
1950-02,84.97,171.55,1.76,73.02,0.01,35.92,28.43,4.11
1950-03,85.37,181.17,0.77,61.47,0.03,21.04,29.31,2.76
1950-04,88.62,262.1,1.82,75.31,0.0,28.01,29.01,1.03
1950-05,88.13,184.22,0.61,59.54,0.0,22.16,29.2,1.36
1950-06,88.29,204.35,0.76,61.5,0.0,22.36,29.28,1.19
1950-07,87.57,204.74,0.87,59.85,0.0,22.1,28.96,1.31
1950-08,88.3,275.65,1.96,82.89,0.0,26.85,28.61,1.15
1950-09,88.72,259.95,1.69,81.32,0.0,26.76,28.93,0.83
1950-10,87.95,218.39,1.01,69.18,0.0,23.97,28.66,1.61
1950-11,89.2,225.81,1.32,65.17,0.0,24.88,28.01,0.66
1950-12,87.47,186.43,1.32,66.49,0.0,26.44,27.41,3.44
1951-01,86.88,195.26,1.34,75.53,0.0,26.97,27.44,2.89
1951-02,86.08,181.79,1.23,61.83,0.0,20.69,28.05,2.87
1951-03,81.56,99.53,0.39,36.56,0.0,16.65,29.3,5.47
1951-04,85.52,197.81,1.19,60.74,0.03,21.54,29.37,2.73
1951-05,83.96,122.11,0.15,39.23,0.0,14.32,29.44,3.17
1951-06,84.22,128.27,0.31,46.38,0.0,16.28,29.58,3.53
1951-07,85.83,187.05,1.01,62.55,0.0,23.87,28.79,2.12
1951-08,84.31,153.86,0.61,57.42,0.0,19.31,29.47,4.86
1951-09,85.73,198.31,1.03,60.32,0.0,21.24,28.83,3.75
1951-10,86.57,211.25,1.16,68.55,0.0,24.08,28.82,2.06
1951-11,87.48,197.48,0.9,62.56,0.0,24.49,28.98,1.89
1951-12,88.25,227.86,1.29,69.67,0.0,23.66,28.21,1.77
1952-01,86.79,218.43,2.21,92.96,0.0,37.59,28.15,4.6
1952-02,86.23,195.44,1.65,77.99,0.0,32.96,28.51,3.81
1952-03,87.33,226.29,1.37,64.2,0.0,22.66,29.34,1.16
1952-04,87.67,204.19,1.07,70.16,0.0,23.86,29.53,1.3
1952-05,87.64,188.26,0.5,53.04,0.0,17.94,29.59,1.99
1952-06,85.59,122.01,0.16,40.64,0.0,13.73,29.6,3.34
1952-07,85.58,150.21,0.58,54.03,0.0,18.44,29.12,2.75
1952-08,84.21,156.08,0.55,56.82,0.0,18.79,29.25,3.6
1952-09,86.56,229.36,1.81,73.98,0.0,25.81,29.07,2.49
1952-10,89.41,299.35,2.32,87.88,0.0,31.34,28.8,0.77
1952-11,89.25,264.91,1.57,72.05,0.0,29.81,28.33,0.59
1952-12,87.14,181.07,1.05,66.68,0.0,25.53,27.97,2.5
1953-01,86.6,178.74,1.02,61.97,0.0,26.39,27.94,2.24
1953-02,86.68,187.28,1.23,69.8,0.0,27.08,28.39,1.97
1953-03,86.01,181.77,1.0,62.33,0.0,23.48,29.15,2.32
1953-04,86.46,198.09,1.14,59.46,0.0,22.72,29.8,2.18
1953-05,88.53,233.88,0.85,63.55,0.01,22.82,29.37,0.8
1953-06,88.2,170.12,0.4,50.96,0.0,17.31,29.31,1.5
1953-07,87.98,215.34,0.84,58.33,0.0,20.08,28.79,1.52
1953-08,85.21,131.37,0.27,46.27,0.0,16.25,29.59,4.43
1953-09,86.94,226.59,1.44,71.89,0.0,24.58,28.91,1.95
1953-10,87.86,266.8,1.66,75.97,0.0,28.19,29.06,0.6
1953-11,88.01,205.74,0.93,63.3,0.0,23.23,28.86,0.86
1953-12,87.61,202.31,0.96,65.14,0.0,26.72,28.38,1.96
1954-01,87.73,224.19,1.41,65.93,0.0,24.75,28.29,1.3
1954-02,86.33,174.18,0.98,61.74,0.0,26.28,28.53,2.33
1954-03,87.31,262.88,2.26,90.61,0.02,33.07,28.85,2.27
1954-04,89.73,325.24,3.48,91.54,0.0,33.51,28.94,0.6
1954-05,88.72,218.76,0.8,63.29,0.0,23.41,29.2,0.92
1954-06,89.33,255.82,1.56,75.5,0.0,30.47,28.82,0.86
1954-07,89.48,276.39,2.18,86.78,0.0,30.25,28.3,1.05
1954-08,88.12,222.4,0.96,67.66,0.0,21.34,28.95,1.61
1954-09,88.87,255.55,1.88,79.37,0.0,27.74,28.43,1.17
1954-10,90.07,356.65,3.39,91.55,0.0,30.93,28.2,0.15
1954-11,89.37,263.91,1.72,78.88,0.0,26.27,28.0,1.21
1954-12,88.89,273.63,3.0,95.34,0.0,33.65,27.71,2.33
1955-01,89.46,340.06,4.15,104.14,0.0,37.33,27.47,1.41
1955-02,86.5,180.29,1.33,62.11,0.04,23.7,28.33,2.89
1955-03,84.63,170.17,0.87,60.63,0.22,24.58,29.22,5.66
1955-04,88.15,260.57,1.87,78.23,0.09,28.24,29.47,0.97
1955-05,87.2,204.14,1.23,68.83,0.0,22.78,29.88,4.3
1955-06,87.85,215.89,1.73,73.31,0.01,27.63,29.28,2.38
1955-07,86.55,208.7,1.33,69.5,0.0,24.64,29.19,2.62
1955-08,88.86,281.62,1.91,81.84,0.0,26.29,28.64,1.06
1955-09,88.87,288.55,2.37,93.39,0.0,36.21,28.87,1.09
1955-10,89.53,327.11,2.87,92.8,0.0,31.24,29.0,0.95
1955-11,89.56,302.26,2.93,111.95,0.0,41.78,28.48,1.45
1955-12,89.12,310.02,3.3,106.53,0.0,41.42,27.3,2.98
1956-01,88.37,263.8,2.48,90.76,0.0,33.33,27.45,3.02
1956-02,86.7,203.3,1.45,72.13,0.05,26.48,28.54,2.94
1956-03,85.47,197.12,1.34,66.15,0.07,22.32,29.33,2.85
1956-04,88.18,241.28,1.48,74.91,0.02,27.5,29.48,1.96
1956-05,89.13,276.25,1.74,75.15,0.0,27.79,29.38,0.83
1956-06,87.01,159.47,0.79,62.98,0.0,26.16,29.0,4.53
1956-07,87.22,205.52,1.46,74.1,0.0,27.17,28.75,4.63
1956-08,87.55,205.15,1.47,72.89,0.0,25.07,28.75,2.2
1956-09,88.97,317.87,3.37,110.84,0.0,41.84,28.69,1.04
1956-10,90.69,379.72,3.73,99.06,0.0,34.1,28.11,0.17
1956-11,90.7,363.53,3.81,118.97,0.0,49.23,27.87,0.71
1956-12,90.44,347.36,3.89,99.76,0.0,34.24,27.18,0.97
1957-01,86.63,206.97,2.1,84.04,0.0,30.17,27.65,5.52
1957-02,85.02,147.98,0.99,64.8,0.0,24.83,28.52,4.23
1957-03,87.09,248.1,1.89,74.9,0.05,27.26,28.93,2.42
1957-04,88.31,241.97,1.73,81.66,0.0,29.19,29.3,1.97
1957-05,89.95,291.18,2.17,95.66,0.0,28.31,29.25,0.58
1957-06,87.87,190.85,1.56,87.42,0.0,29.79,29.45,4.71
1957-07,87.1,213.68,2.12,85.62,0.0,28.81,29.34,3.62
1957-08,86.32,159.11,0.88,61.57,0.0,20.61,29.31,4.49
1957-09,86.14,218.54,1.16,69.54,0.0,26.08,29.34,1.37
1957-10,87.34,264.69,1.98,86.57,0.0,27.76,29.14,1.28
1957-11,86.57,189.49,0.98,70.28,0.0,27.44,28.91,2.13
1957-12,88.56,323.01,3.29,87.53,0.0,37.98,28.35,0.81
1958-01,85.54,226.24,2.29,92.96,0.03,35.92,28.79,3.39
1958-02,83.81,144.47,0.75,55.11,0.11,23.91,29.24,4.28
1958-03,84.71,231.13,1.94,80.84,0.22,34.67,29.85,4.99
1958-04,83.14,163.28,0.84,55.38,0.5,24.85,30.65,3.8
1958-05,87.79,265.99,1.81,83.22,0.04,32.96,30.05,2.4
1958-06,85.95,176.1,1.27,64.33,0.02,23.07,30.11,3.32
1958-07,80.73,84.3,0.26,46.75,0.25,18.28,30.64,7.22
1958-08,88.15,303.45,3.27,98.83,0.0,39.57,29.07,1.25
1958-09,87.46,246.98,1.79,75.07,0.0,26.27,29.71,1.36
1958-10,90.05,361.7,3.85,113.21,0.0,43.58,28.8,0.58
1958-11,89.85,320.93,3.29,106.26,0.0,42.83,27.96,2.12
1958-12,86.99,219.97,1.67,78.09,0.0,29.8,28.17,3.79
1959-01,84.16,169.41,1.21,69.77,0.02,30.09,28.27,3.99
1959-02,81.39,121.51,0.81,57.14,0.23,23.75,29.61,5.11
1959-03,82.52,214.71,2.16,88.89,0.33,38.37,29.62,4.4
1959-04,86.83,257.69,1.78,79.04,0.0,31.28,29.44,1.63
1959-05,88.41,298.17,2.51,88.71,0.0,31.78,29.28,1.31
1959-06,87.82,248.42,1.92,81.57,0.0,26.85,29.13,2.46
1959-07,85.65,168.62,0.74,54.46,0.0,20.71,29.3,3.63
1959-08,85.6,167.9,0.6,53.8,0.0,17.67,29.11,2.69
1959-09,86.13,243.17,2.2,78.05,0.02,31.71,29.15,2.09
1959-10,87.28,277.03,2.43,89.14,0.0,34.19,28.91,1.05
1959-11,88.89,289.98,2.13,84.47,0.0,28.4,28.37,0.43
1959-12,86.66,194.58,1.27,73.34,0.0,27.65,28.44,3.71
1960-01,86.04,208.49,1.4,67.79,0.0,26.67,28.18,2.75
1960-02,84.8,187.97,1.57,72.73,0.14,30.64,28.58,3.74
1960-03,82.61,159.89,0.95,64.05,0.49,23.74,29.88,4.98
1960-04,86.74,251.85,1.67,73.6,0.04,27.74,29.65,1.22
1960-05,86.46,212.89,1.25,68.53,0.11,22.9,29.94,3.08
1960-06,84.68,140.63,0.56,49.25,0.09,19.76,29.96,3.59
1960-07,86.17,240.77,2.07,81.66,0.05,31.73,29.29,3.55
1960-08,84.71,170.21,0.74,62.51,0.04,19.58,30.14,2.58
1960-09,87.61,312.43,2.92,96.31,0.01,40.12,29.22,0.48
1960-10,86.37,217.34,1.16,69.72,0.02,23.29,29.46,2.16
1960-11,88.9,294.98,1.8,76.27,0.0,26.81,28.46,0.52
1960-12,87.3,245.13,2.01,83.64,0.0,29.25,28.3,2.31
1961-01,84.86,163.69,1.19,67.16,0.01,26.71,27.84,6.33
1961-02,84.46,192.46,1.7,75.14,0.09,33.8,28.86,4.22
1961-03,83.62,183.62,1.12,57.45,0.39,22.49,29.81,4.12
1961-04,86.43,253.89,1.82,76.58,0.18,29.25,29.81,0.98
1961-05,85.86,194.02,1.1,68.43,0.13,23.39,30.15,3.73
1961-06,84.63,167.11,1.25,78.3,0.13,26.87,29.62,5.18
1961-07,82.34,130.45,0.66,53.94,0.11,19.77,29.92,8.19
1961-08,83.64,131.8,0.5,49.0,0.09,17.29,29.71,4.52
1961-09,84.76,208.88,1.48,63.95,0.01,25.11,29.57,2.12
1961-10,85.94,220.39,1.21,71.57,0.02,22.72,29.3,1.65
1961-11,86.57,208.98,1.29,71.59,0.0,25.33,28.98,1.41
1961-12,88.38,316.96,2.84,92.51,0.0,34.84,28.23,0.89
1962-01,87.8,332.64,4.2,115.78,0.0,44.4,27.56,2.72
1962-02,84.35,178.79,1.4,70.12,0.09,24.8,28.25,4.3
1962-03,87.56,348.31,4.02,114.17,0.04,38.74,28.88,0.83
1962-04,86.3,256.39,2.69,102.04,0.15,37.95,29.64,2.14
1962-05,86.1,212.03,1.18,72.86,0.17,25.13,30.25,2.43
1962-06,85.23,200.89,1.33,67.31,0.11,22.89,29.79,2.34
1962-07,82.89,90.2,0.24,50.1,0.06,13.08,30.03,5.73
1962-08,85.95,258.38,2.2,76.44,0.03,28.49,29.12,2.86
1962-09,86.18,217.54,1.66,76.21,0.02,29.15,29.31,2.0
1962-10,86.69,263.5,2.11,95.56,0.0,37.42,29.34,1.35
1962-11,87.44,248.21,2.05,91.41,0.0,34.42,28.74,1.47
1962-12,87.72,262.94,2.29,88.15,0.0,36.13,28.09,2.21
1963-01,87.83,356.45,4.71,140.68,0.0,60.09,26.78,4.01
1963-02,85.51,256.4,2.79,83.27,0.06,38.9,27.67,2.77
1963-03,84.7,242.33,2.48,80.53,0.42,32.64,29.01,2.41
1963-04,80.09,115.57,0.46,41.65,2.52,17.6,30.64,5.56
1963-05,85.48,267.17,2.23,85.47,0.91,38.32,30.25,3.12
1963-06,83.13,111.12,0.2,39.19,0.14,15.18,30.42,3.93
1963-07,83.67,169.4,1.1,66.5,0.05,26.68,29.87,3.38
1963-08,85.83,207.8,1.03,60.91,0.04,22.75,29.51,2.05
1963-09,85.22,200.67,1.1,66.78,0.03,27.27,29.86,2.06
1963-10,87.5,290.39,2.31,86.49,0.02,30.78,29.11,1.6
1963-11,86.73,223.33,1.48,70.0,0.0,25.41,29.25,1.41
1963-12,86.29,211.12,1.42,74.4,0.0,26.64,28.75,2.8
1964-01,83.81,184.32,1.48,59.39,0.17,23.69,29.49,3.88
1964-02,84.69,236.04,2.31,86.14,0.21,29.11,28.92,3.36
1964-03,84.6,244.12,2.88,91.24,0.38,38.96,29.36,2.91
1964-04,84.44,230.03,1.64,67.78,0.81,25.37,30.35,2.01
1964-05,85.46,218.57,2.04,88.24,0.28,30.62,30.14,4.44
1964-06,84.64,153.28,0.8,59.6,0.2,20.47,29.75,3.62
1964-07,86.7,275.85,1.99,79.73,0.01,30.31,29.21,2.17
1964-08,83.06,131.23,0.4,51.67,0.09,18.08,29.8,5.38
1964-09,86.15,270.66,2.65,90.17,0.07,31.13,29.34,1.69
1964-10,87.11,264.9,1.71,74.38,0.08,25.42,28.94,1.07
1964-11,87.93,266.12,1.95,81.21,0.0,29.28,28.39,1.56
1964-12,87.28,250.02,1.85,80.78,0.0,34.13,27.64,2.86
1965-01,82.16,138.59,1.31,69.86,0.03,25.8,27.52,10.06
1965-02,83.9,182.66,1.49,76.72,0.09,28.81,28.61,4.26
1965-03,85.94,278.21,2.61,82.85,0.13,32.36,28.81,1.87
1965-04,86.93,239.86,1.26,76.02,0.0,25.56,29.3,1.09
1965-05,87.32,235.33,1.35,78.68,0.01,26.4,29.47,1.58
1965-06,85.3,156.4,0.51,49.74,0.02,19.02,29.74,2.55
1965-07,83.15,103.89,0.1,35.14,0.04,12.85,29.62,5.02
1965-08,86.11,258.06,2.31,85.51,0.02,31.95,28.98,1.88
1965-09,85.31,203.02,0.96,63.23,0.03,24.84,29.51,2.1
1965-10,86.86,275.0,2.56,90.12,0.01,33.25,29.22,1.54
1965-11,86.97,233.06,1.25,73.79,0.01,28.22,29.14,1.14
1965-12,87.93,297.94,2.94,97.17,0.0,36.45,28.37,0.94
1966-01,88.35,296.98,3.36,101.09,0.0,43.94,27.61,2.13
1966-02,86.47,201.58,1.72,82.16,0.0,31.01,28.33,2.96
1966-03,86.11,245.6,2.06,95.8,0.0,38.79,29.02,3.83
1966-04,86.62,238.2,1.8,71.03,0.01,26.44,29.53,1.93
1966-05,87.71,235.37,1.39,68.88,0.0,29.47,29.46,1.36
1966-06,88.54,248.84,1.91,79.06,0.0,27.02,28.63,1.19
1966-07,87.67,241.46,2.2,78.06,0.0,34.56,28.6,2.59
1966-08,88.15,327.48,3.55,104.59,0.0,42.9,28.66,1.39
1966-09,87.01,258.57,2.06,92.52,0.0,33.55,28.93,1.7
1966-10,89.88,369.64,3.94,101.04,0.0,39.29,28.02,0.4
1966-11,89.92,321.23,2.96,101.02,0.0,37.97,27.92,0.45
1966-12,90.08,325.92,2.89,99.06,0.0,38.59,27.55,0.67
1967-01,87.62,268.98,2.55,113.46,0.0,52.88,27.56,3.0
1967-02,84.72,230.54,3.16,103.11,0.01,43.88,27.89,6.59
1967-03,84.29,182.59,1.85,81.92,0.25,31.14,28.82,6.28
1967-04,86.08,229.85,1.53,72.3,0.05,26.21,29.58,2.53
1967-05,87.89,279.28,2.87,88.44,0.0,29.88,29.22,3.1
1967-06,85.77,199.21,1.83,96.62,0.01,37.48,29.36,4.41
1967-07,84.88,160.08,1.0,65.02,0.0,28.06,29.41,4.01
1967-08,83.8,148.92,0.39,46.43,0.0,17.09,29.76,5.17
1967-09,85.88,240.68,1.74,78.49,0.0,31.08,29.27,1.81
1967-10,87.22,255.99,1.67,74.96,0.0,27.32,28.81,1.1
1967-11,89.5,352.07,3.43,109.97,0.0,38.67,27.92,0.36
1967-12,86.65,220.76,2.11,80.88,0.0,32.92,27.58,4.37
1968-01,84.5,171.07,1.65,95.11,0.04,36.84,27.62,7.84
1968-02,78.07,80.35,0.56,43.43,0.38,17.72,29.14,11.14
1968-03,84.58,294.32,3.53,97.89,0.28,39.61,29.15,8.21
1968-04,84.6,213.51,1.67,78.17,0.12,28.87,29.66,2.51
1968-05,86.88,229.77,1.15,64.51,0.01,21.66,29.64,1.21
1968-06,86.62,227.34,1.69,70.37,0.0,27.4,29.51,2.01
1968-07,86.14,198.93,1.12,65.25,0.0,24.54,29.36,2.15
1968-08,84.88,150.49,0.46,51.36,0.02,18.58,29.66,2.95
1968-09,85.79,228.61,2.05,84.1,0.0,28.95,29.41,2.01
1968-10,88.48,325.46,2.96,102.54,0.0,35.06,28.72,0.76
1968-11,87.2,250.65,2.24,103.17,0.0,38.5,28.55,2.08
1968-12,88.56,320.72,3.55,94.93,0.0,34.12,28.11,1.92
1969-01,84.96,155.58,0.83,66.7,0.02,24.99,28.83,4.1
1969-02,82.5,133.58,0.63,51.47,0.24,22.28,29.43,4.5
1969-03,83.83,220.33,2.1,82.66,0.35,27.61,29.87,3.04
1969-04,85.01,220.74,1.57,69.21,0.22,27.34,30.1,2.87
1969-05,87.96,322.09,3.3,91.5,0.02,33.5,29.88,0.89
1969-06,87.21,232.07,1.62,84.88,0.0,41.72,29.5,1.89
1969-07,84.82,183.48,1.57,74.15,0.01,28.01,29.33,5.94
1969-08,86.59,291.89,3.01,93.75,0.01,32.32,29.05,3.46
1969-09,85.3,181.49,0.92,63.9,0.06,25.52,29.56,3.67
1969-10,87.09,297.42,2.44,84.88,0.01,33.1,29.38,0.49
1969-11,90.15,374.89,4.54,115.89,0.0,43.29,27.84,0.77
1969-12,88.81,303.84,2.56,100.15,0.0,41.37,27.87,1.66
1970-01,87.31,254.86,2.17,83.85,0.0,34.04,28.18,2.78
1970-02,82.83,126.38,1.2,69.9,0.3,29.95,29.12,6.54
1970-03,82.08,188.29,1.53,70.43,0.54,29.99,30.13,5.32
1970-04,87.04,271.76,2.26,78.46,0.21,28.69,29.77,0.83
1970-05,87.71,306.71,3.0,98.35,0.04,31.16,29.73,0.71
1970-06,86.74,233.84,2.04,90.11,0.01,34.75,29.5,2.07
1970-07,85.96,190.32,1.34,68.35,0.02,24.93,29.22,3.85
1970-08,85.98,218.9,1.59,71.23,0.03,26.08,29.39,2.11
1970-09,86.92,308.41,3.16,96.69,0.0,38.16,29.17,1.04
1970-10,87.62,300.84,3.08,95.01,0.01,35.45,29.03,1.41
1970-11,88.74,278.96,1.77,77.59,0.0,25.67,28.51,0.88
1970-12,88.17,310.37,3.21,130.81,0.0,51.27,28.18,1.88
1971-01,86.96,304.23,3.67,183.97,0.0,58.26,27.26,4.15
1971-02,86.44,272.59,2.92,98.62,0.04,38.19,27.88,3.41
1971-03,84.51,161.85,0.77,64.62,0.02,24.81,28.86,2.92
1971-04,82.21,122.77,0.48,50.08,0.43,17.29,30.05,4.47
1971-05,86.14,230.7,1.11,65.09,0.03,23.9,29.78,1.61
1971-06,85.18,159.85,0.58,54.0,0.02,18.93,29.55,2.81
1971-07,84.0,140.74,0.48,49.52,0.01,18.1,29.69,3.81
1971-08,87.17,316.48,3.49,96.63,0.0,37.59,28.7,1.38
1971-09,86.02,256.96,2.36,88.11,0.01,39.97,29.39,1.56
1971-10,86.1,252.71,2.1,81.61,0.03,30.57,29.07,4.67
1971-11,87.66,256.66,1.84,75.49,0.0,27.3,28.32,1.11
1971-12,89.18,320.97,2.69,95.67,0.0,34.96,27.62,0.87
1972-01,83.73,133.89,0.65,53.42,0.0,19.66,27.87,5.73
1972-02,84.83,181.34,1.35,71.02,0.02,29.03,28.79,3.44
1972-03,83.36,160.09,0.99,62.28,0.09,25.49,29.03,4.39
1972-04,86.05,231.43,1.34,70.35,0.0,22.52,29.56,0.95
1972-05,85.98,198.72,0.97,61.57,0.02,22.18,29.98,1.56
1972-06,85.64,190.83,1.52,86.36,0.0,40.4,29.6,3.51
1972-07,82.31,86.9,0.1,31.84,0.02,12.57,30.38,6.59
1972-08,84.76,220.21,1.2,62.09,0.06,21.38,29.86,1.5
1972-09,86.9,296.64,2.68,91.45,0.0,36.2,29.31,1.12
1972-10,86.35,266.1,2.13,78.21,0.02,27.15,29.69,1.33
1972-11,87.25,278.21,2.17,77.58,0.01,29.94,29.31,1.24
1972-12,88.3,257.31,1.98,84.04,0.0,28.83,28.26,1.42
1973-01,83.63,164.05,1.34,71.34,0.03,30.2,28.88,6.63
1973-02,80.41,121.3,1.0,51.9,0.43,19.05,30.05,6.44
1973-03,82.39,220.03,2.27,74.63,0.52,36.91,30.19,4.72
1973-04,86.25,283.44,2.9,95.55,0.07,41.24,30.1,1.12
1973-05,87.26,276.95,1.83,79.67,0.05,31.22,29.8,1.08
1973-06,86.15,244.39,2.17,85.62,0.07,39.98,29.92,4.36
1973-07,83.96,164.48,1.17,78.79,0.12,25.31,29.99,4.49
1973-08,85.04,223.51,2.0,82.95,0.04,31.02,29.56,2.76
1973-09,87.34,327.77,3.9,98.21,0.02,38.13,28.94,1.15
1973-10,87.05,279.51,2.5,86.67,0.01,30.68,29.38,1.41
1973-11,88.34,257.5,1.69,79.78,0.0,26.29,28.47,1.31
1973-12,88.67,317.57,3.3,106.65,0.0,48.69,27.47,1.77
1974-01,84.64,170.57,1.11,92.7,0.0,36.89,27.59,7.01
1974-02,87.05,245.27,2.18,86.23,0.0,32.88,27.96,1.95
1974-03,82.6,138.84,1.08,60.94,0.15,25.01,29.14,5.46
1974-04,86.14,232.07,1.91,81.2,0.02,29.04,29.44,2.1
1974-05,86.25,250.59,2.16,80.72,0.02,26.81,29.59,3.03
1974-06,85.41,186.26,0.98,60.73,0.02,20.86,29.53,3.57
1974-07,85.64,207.95,1.21,69.07,0.02,25.12,29.21,2.78
1974-08,84.17,157.13,0.66,55.85,0.11,19.41,29.96,3.19
1974-09,86.99,341.02,4.19,95.55,0.01,39.02,29.11,0.76
1974-10,86.26,220.41,1.49,72.21,0.07,25.98,29.19,1.97
1974-11,87.13,242.49,1.56,75.3,0.02,28.18,28.88,1.64
1974-12,86.6,236.17,1.82,76.56,0.0,31.01,28.56,1.71
1975-01,86.11,218.23,1.82,77.14,0.0,29.52,28.53,3.61
1975-02,84.25,193.97,1.95,93.7,0.02,42.64,28.9,3.68
1975-03,85.4,209.34,1.84,77.64,0.07,30.62,29.27,2.8
1975-04,84.95,200.36,1.42,70.87,0.12,24.24,30.06,2.32
1975-05,86.57,252.18,1.56,69.58,0.06,25.43,29.63,1.21
1975-06,85.04,143.03,0.51,47.71,0.06,18.02,29.45,3.13
1975-07,85.38,208.4,1.37,71.75,0.07,29.65,29.09,2.26
1975-08,83.88,171.44,1.09,68.94,0.04,22.0,29.98,3.95
1975-09,87.24,313.23,3.43,96.64,0.05,36.58,28.88,1.01
1975-10,85.22,229.69,1.96,77.39,0.24,33.97,29.34,2.14
1975-11,88.31,303.51,2.6,101.48,0.0,39.5,28.25,1.01
1975-12,88.07,287.53,2.55,98.16,0.0,43.4,27.77,2.06
1976-01,84.95,237.98,2.49,97.08,0.03,41.46,27.54,6.91
1976-02,81.56,134.53,0.8,51.79,0.16,24.38,29.0,8.37
1976-03,82.42,156.68,0.85,50.36,0.31,20.0,29.8,3.43
1976-04,84.47,226.67,1.33,74.46,0.16,23.6,29.91,2.69
1976-05,84.97,178.39,0.84,67.81,0.1,22.43,30.04,5.71
1976-06,85.49,184.71,1.1,61.84,0.0,23.86,29.47,3.39
1976-07,84.12,163.48,0.84,56.53,0.03,21.42,29.72,5.88
1976-08,84.95,243.8,2.62,96.11,0.24,37.69,29.51,3.39
1976-09,84.24,175.03,1.2,67.75,0.11,25.44,29.74,3.81
1976-10,87.86,323.15,2.98,93.29,0.0,33.25,29.11,1.14
1976-11,89.0,324.27,3.1,96.53,0.0,41.1,28.49,0.51
1976-12,87.25,214.73,1.34,72.13,0.0,25.37,28.38,2.02
1977-01,85.39,180.07,1.13,74.67,0.04,32.59,28.46,5.93
1977-02,86.46,311.71,4.13,115.69,0.06,53.58,27.91,3.26
1977-03,82.96,179.76,1.27,60.34,0.55,25.14,29.33,4.44
1977-04,83.38,173.41,1.07,57.39,0.84,23.76,30.29,3.09
1977-05,84.58,197.46,1.1,67.94,0.22,23.18,30.39,2.61
1977-06,85.68,184.98,0.9,59.75,0.05,21.32,29.85,2.56
1977-07,85.62,202.87,1.35,69.1,0.09,24.32,29.52,2.93
1977-08,85.18,201.18,1.39,65.09,0.06,26.46,29.44,2.98
1977-09,83.96,171.08,0.94,77.77,0.15,26.85,30.27,2.78
1977-10,88.19,349.96,3.52,98.18,0.04,37.35,29.06,0.5
1977-11,88.41,298.71,2.54,89.92,0.0,36.4,28.83,0.71
1977-12,86.65,237.39,2.06,77.89,0.02,32.43,28.86,2.04
1978-01,85.07,210.71,1.85,81.17,0.08,40.23,28.66,4.04
1978-02,82.82,144.29,0.96,59.85,0.6,24.09,29.4,4.86
1978-03,83.84,228.27,2.44,74.52,0.67,33.19,30.29,3.09
1978-04,84.47,191.67,1.04,61.71,0.24,23.65,30.41,2.43
1978-05,86.65,249.66,2.84,96.02,0.07,32.73,30.22,2.61
1978-06,84.44,175.98,0.94,55.56,0.22,21.42,30.21,2.93
1978-07,85.31,195.69,0.98,64.2,0.08,23.59,29.64,1.95
1978-08,83.61,139.0,0.3,41.33,0.18,16.04,30.18,3.0
1978-09,85.15,223.34,1.8,74.13,0.13,28.57,29.7,2.38
1978-10,86.03,262.28,2.02,86.0,0.14,32.14,29.62,2.3
1978-11,88.09,275.99,2.34,86.37,0.0,32.13,28.71,1.79
1978-12,86.83,264.44,2.29,100.84,0.0,44.42,28.71,2.57
1979-01,83.32,122.62,0.6,54.46,0.33,20.75,29.06,6.96
1979-02,83.22,175.45,1.57,76.32,0.39,33.66,29.92,4.38
1979-03,83.28,194.94,1.51,71.72,0.97,30.92,30.22,3.7
1979-04,85.85,235.06,1.59,75.46,0.13,29.17,30.59,2.1
1979-05,84.19,158.44,0.68,57.34,0.33,19.49,30.74,5.9
1979-06,86.62,238.26,2.04,85.69,0.06,33.47,30.01,2.78
1979-07,85.38,186.2,1.25,65.69,0.03,25.07,29.79,3.74
1979-08,82.52,157.78,1.15,69.94,0.28,24.5,30.64,5.61
1979-09,87.16,304.76,3.04,89.85,0.04,29.55,29.75,1.16
1979-10,87.01,293.32,2.67,91.65,0.15,31.68,29.79,2.82
1979-11,90.02,409.89,5.08,126.83,0.0,45.38,28.83,0.43
1979-12,86.03,213.64,1.53,70.04,0.0,28.22,28.87,3.82
1980-01,85.25,211.65,1.88,67.06,0.19,29.56,28.87,4.19
1980-02,83.19,157.02,1.05,61.0,0.37,22.81,29.6,4.69
1980-03,83.99,187.09,1.35,64.26,0.09,24.79,30.23,2.85
1980-04,86.48,259.62,2.19,82.68,0.09,33.71,30.27,1.18
1980-05,86.67,218.43,1.61,66.53,0.04,23.97,30.45,1.65
1980-06,86.39,193.93,1.13,66.56,0.06,22.15,29.9,2.56
1980-07,84.64,174.36,1.14,64.79,0.11,24.95,30.18,3.61
1980-08,86.26,222.8,1.54,69.75,0.02,26.1,29.35,2.33
1980-09,84.73,194.65,1.17,66.97,0.15,24.8,30.24,2.16
1980-10,87.56,291.96,2.58,87.89,0.03,31.69,29.58,0.86
1980-11,88.55,286.5,2.0,82.47,0.0,26.36,29.07,0.6
1980-12,88.46,304.73,3.11,98.13,0.0,40.98,28.24,1.66
1981-01,85.01,223.72,2.64,103.95,0.02,40.09,27.98,6.88
1981-02,85.28,185.71,1.22,65.67,0.12,23.94,29.26,2.49
1981-03,82.95,173.78,1.33,67.11,0.34,28.31,30.16,3.23
1981-04,86.48,240.24,1.84,85.93,0.09,33.63,30.18,1.44
1981-05,86.87,267.63,1.81,78.03,0.08,30.59,30.36,0.62
1981-06,83.68,109.36,0.32,48.12,0.28,16.09,30.55,4.78
1981-07,84.11,201.08,1.5,78.13,0.38,31.94,30.07,2.63
1981-08,79.63,88.17,0.37,60.68,0.82,16.25,31.17,10.94
1981-09,86.48,283.68,3.48,100.86,0.05,42.24,29.51,2.47
1981-10,86.23,269.53,2.26,83.2,0.05,32.26,29.69,2.1
1981-11,87.92,292.88,2.66,95.93,0.01,33.86,29.07,1.37
1981-12,86.26,222.54,1.58,90.18,0.01,36.8,28.25,4.24
1982-01,83.59,210.0,1.85,76.45,0.13,32.84,28.49,5.8
1982-02,83.27,161.84,1.11,65.11,0.43,23.69,29.44,3.78
1982-03,83.25,190.04,1.28,75.06,0.38,32.39,30.12,3.0
1982-04,86.79,265.27,1.82,70.29,0.02,26.2,30.06,0.52
1982-05,87.02,238.68,1.31,74.13,0.05,24.69,30.07,0.99
1982-06,84.71,129.42,0.38,52.93,0.05,16.53,30.06,6.19
1982-07,83.87,131.25,0.48,46.09,0.05,19.07,29.85,5.16
1982-08,84.41,168.28,0.65,49.15,0.05,19.45,29.85,3.24
1982-09,84.01,182.31,1.11,66.59,0.21,26.23,30.16,3.3
1982-10,86.53,249.29,1.53,71.84,0.01,24.87,29.48,1.15
1982-11,86.31,231.91,1.2,72.05,0.02,29.19,29.73,1.3
1982-12,86.86,239.75,1.71,79.47,0.02,29.37,29.01,1.66
1983-01,83.74,170.68,1.54,66.93,0.14,23.72,29.25,4.66
1983-02,80.21,93.73,0.39,38.11,0.96,19.37,30.76,7.13
1983-03,78.96,87.06,0.16,31.98,2.49,12.58,31.67,6.52
1983-04,78.52,142.86,1.02,71.12,3.93,34.15,32.16,5.99
1983-05,86.06,238.94,1.46,69.52,0.19,24.03,30.63,1.14
1983-06,85.77,190.57,1.15,67.08,0.08,26.31,30.3,2.51
1983-07,87.11,237.9,1.42,68.49,0.02,24.33,29.73,1.63
1983-08,86.14,232.17,1.69,75.42,0.07,30.92,30.04,1.87
1983-09,87.46,307.53,3.21,93.15,0.04,32.21,29.48,1.32
1983-10,86.3,228.23,1.58,74.36,0.03,29.59,29.72,1.77
1983-11,87.3,241.43,1.57,82.12,0.0,27.19,28.94,1.55
1983-12,89.28,408.44,4.86,149.78,0.0,55.25,27.82,0.9
1984-01,88.41,310.17,3.1,109.91,0.0,32.74,27.86,1.1
1984-02,88.79,343.65,3.83,128.76,0.0,52.19,27.86,1.2
1984-03,87.29,278.15,2.17,82.86,0.01,31.04,29.16,2.05
1984-04,87.52,303.91,2.73,94.1,0.03,35.38,29.68,0.96
1984-05,88.07,314.67,2.61,81.65,0.0,28.36,29.59,0.68
1984-06,86.24,182.27,1.02,66.31,0.02,21.46,29.75,2.62
1984-07,87.26,266.3,2.2,88.97,0.01,31.54,29.06,1.52
1984-08,84.38,151.71,0.49,47.8,0.04,17.64,30.11,2.85
1984-09,86.34,263.19,1.71,78.97,0.0,26.28,29.37,0.85
1984-10,87.22,265.26,1.94,78.02,0.03,26.9,29.1,1.47
1984-11,87.53,270.79,2.07,77.03,0.0,30.56,29.06,0.89
1984-12,88.22,299.78,2.7,90.6,0.0,30.69,28.34,1.53
1985-01,83.79,160.95,0.99,75.32,0.01,21.26,28.79,4.9
1985-02,85.71,221.41,2.04,87.3,0.03,36.63,29.68,3.29
1985-03,86.86,273.47,2.64,81.82,0.0,32.22,29.4,1.17
1985-04,86.37,219.78,1.14,69.28,0.04,24.76,29.97,1.55
1985-05,87.47,280.17,1.97,77.4,0.01,26.71,29.87,1.25
1985-06,81.66,91.56,0.3,43.72,0.29,15.81,30.55,7.94
1985-07,84.5,195.33,0.91,65.79,0.06,23.2,29.41,5.44
1985-08,84.68,208.91,1.34,63.61,0.03,25.05,30.01,2.11
1985-09,86.28,267.18,2.25,86.17,0.01,29.19,29.35,1.63
1985-10,87.99,313.61,2.52,88.4,0.0,29.24,29.1,0.92
1985-11,88.24,299.48,2.21,82.12,0.0,28.45,29.06,0.47
1985-12,87.57,253.34,1.88,83.62,0.0,27.92,28.65,1.92
1986-01,87.56,330.59,4.52,133.57,0.02,53.17,27.55,3.22
1986-02,83.01,153.1,1.26,60.22,0.17,22.61,29.09,4.46
1986-03,86.33,310.32,3.66,101.49,0.06,37.13,29.01,1.71
1986-04,86.19,247.15,1.74,70.33,0.03,22.99,30.06,0.87
1986-05,84.65,157.36,0.55,57.57,0.13,22.43,30.56,3.07
1986-06,85.64,174.97,0.96,64.2,0.02,22.9,29.98,2.86
1986-07,83.42,141.36,0.52,49.72,0.15,20.99,30.11,4.35
1986-08,82.11,131.97,0.58,56.34,0.33,19.7,30.48,4.06
1986-09,86.38,289.49,2.66,91.37,0.02,33.35,29.7,1.23
1986-10,88.12,347.13,3.02,96.75,0.0,36.66,29.38,0.2
1986-11,88.57,322.91,3.2,112.74,0.0,40.25,28.67,0.64
1986-12,86.13,202.07,1.12,77.14,0.0,23.42,28.73,2.18
1987-01,85.76,231.63,2.55,79.72,0.12,29.82,28.15,3.0
1987-02,80.97,94.17,0.51,42.83,0.65,18.82,29.45,7.44
1987-03,83.41,208.37,1.65,74.94,0.19,27.5,30.41,2.37
1987-04,83.51,192.02,1.31,72.92,0.39,24.23,30.77,2.99
1987-05,86.39,255.66,1.67,80.41,0.04,26.22,30.27,1.04
1987-06,85.44,173.49,1.01,69.52,0.03,23.08,30.55,3.19
1987-07,83.33,132.34,0.41,53.84,0.07,17.98,30.29,5.29
1987-08,86.69,269.33,2.25,80.87,0.01,27.44,29.81,1.48
1987-09,85.62,232.67,1.87,82.63,0.0,30.01,30.12,2.64
1987-10,87.52,330.4,2.67,92.64,0.0,35.03,29.91,0.28
1987-11,87.55,310.88,3.29,108.42,0.0,41.59,29.59,1.09
1987-12,88.65,390.71,4.78,154.39,0.0,61.97,28.45,1.89
1988-01,85.66,259.24,2.82,87.06,0.08,33.65,29.23,3.17
1988-02,85.73,216.4,1.77,78.34,0.11,26.26,29.57,1.86
1988-03,85.55,297.05,3.74,114.97,0.2,46.53,30.12,2.56
1988-04,84.88,238.66,1.88,83.61,0.11,29.88,30.76,1.95
1988-05,86.84,260.57,2.24,86.62,0.02,31.12,30.33,2.16
1988-06,85.43,177.74,0.85,63.52,0.04,23.56,30.33,2.32
1988-07,86.26,219.96,1.38,72.72,0.0,28.59,29.65,1.61
1988-08,87.38,357.19,4.47,105.49,0.01,38.95,29.44,0.92
1988-09,87.14,307.81,3.06,87.34,0.0,34.81,29.57,0.92
1988-10,85.28,201.1,1.16,63.76,0.03,22.76,29.85,2.08
1988-11,89.42,431.85,4.94,161.81,0.0,67.91,28.42,0.52
1988-12,86.45,220.25,1.81,138.59,0.0,45.38,27.93,2.96
1989-01,86.37,238.57,2.04,79.37,0.05,30.79,28.65,2.57
1989-02,83.01,189.4,1.86,70.59,0.32,30.77,29.01,5.49
1989-03,86.06,252.96,1.83,80.83,0.1,28.63,29.22,2.11
1989-04,85.94,231.64,1.77,84.68,0.06,30.56,29.81,3.09
1989-05,86.79,246.91,1.14,69.41,0.0,22.36,30.03,1.15
1989-06,85.28,187.67,0.81,58.37,0.03,21.37,29.79,2.63
1989-07,84.95,187.91,0.82,59.24,0.04,20.23,29.92,3.99
1989-08,85.05,192.8,1.04,64.21,0.02,23.04,29.87,1.77
1989-09,86.14,268.99,2.52,84.13,0.0,31.31,29.67,1.37
1989-10,87.23,303.48,2.26,80.57,0.0,27.85,29.4,0.6
1989-11,87.83,283.04,2.34,89.77,0.0,34.94,29.07,0.97
1989-12,85.42,198.68,1.61,73.42,0.0,26.95,28.73,4.23
1990-01,85.68,226.76,2.32,91.3,0.07,42.81,28.51,3.82
1990-02,82.85,138.13,0.86,55.17,0.32,23.08,29.87,4.26
1990-03,81.76,175.38,1.54,60.41,0.69,25.86,30.29,4.55
1990-04,84.92,220.65,1.99,76.52,0.06,32.8,30.61,2.06
1990-05,86.11,222.94,1.33,72.41,0.04,25.11,30.43,1.75
1990-06,83.72,135.62,0.49,52.41,0.11,19.34,30.61,3.45
1990-07,83.84,185.73,0.96,58.33,0.04,23.15,30.0,3.01
1990-08,81.5,123.55,0.59,54.54,0.39,18.65,30.54,6.88
1990-09,85.58,276.18,2.79,96.99,0.05,37.94,29.64,1.69
1990-10,86.57,304.15,2.7,93.66,0.0,31.58,29.76,1.66
1990-11,86.96,249.41,2.41,95.26,0.01,33.85,29.17,1.54
1990-12,86.04,266.74,2.92,98.69,0.0,44.1,28.69,3.48
1991-01,85.46,270.48,3.44,113.71,0.02,47.85,28.7,4.05
1991-02,83.52,163.72,1.35,76.76,0.3,28.28,29.45,4.39
1991-03,82.41,190.98,1.48,75.14,0.32,32.83,30.23,4.62
1991-04,85.39,275.82,2.67,94.35,0.07,39.22,30.26,1.76
1991-05,87.9,311.42,2.56,90.03,0.0,27.73,29.67,0.61
1991-06,84.77,189.06,2.29,111.2,0.03,47.19,30.31,5.61
1991-07,83.85,143.5,0.62,57.72,0.05,19.7,30.28,4.68
1991-08,84.33,172.36,0.6,51.01,0.06,19.06,30.33,2.36
1991-09,85.62,215.63,1.33,70.49,0.0,26.18,29.91,1.9
1991-10,86.3,269.82,2.12,80.1,0.0,26.99,29.44,1.48
1991-11,88.58,319.75,2.68,85.79,0.0,28.16,28.51,0.45
1991-12,88.72,381.82,4.74,133.81,0.0,57.45,28.04,1.15
1992-01,84.6,128.74,0.5,49.24,0.0,17.73,28.59,4.09
1992-02,83.6,161.36,0.96,60.89,0.03,31.07,29.56,3.43
1992-03,81.81,136.96,0.7,57.36,0.36,21.51,30.44,4.71
1992-04,82.98,173.98,0.91,61.87,0.58,24.5,30.84,2.78
1992-05,86.34,251.49,1.83,75.58,0.13,31.72,30.18,1.03
1992-06,85.45,197.65,1.65,78.64,0.03,28.81,29.98,3.68
1992-07,85.27,231.56,1.5,78.07,0.0,33.97,29.68,2.54
1992-08,83.26,145.84,0.49,47.23,0.09,18.75,30.4,3.13
1992-09,83.83,219.98,1.28,76.41,0.14,27.91,30.17,2.48
1992-10,86.88,277.5,2.13,75.96,0.02,26.73,29.15,0.87
1992-11,88.05,305.91,2.86,89.34,0.0,32.83,28.23,1.33
1992-12,87.81,284.21,2.65,96.98,0.0,38.57,28.0,2.34
1993-01,84.53,197.0,1.86,95.52,0.0,39.79,28.44,5.1
1993-02,83.1,126.86,0.71,53.37,0.12,21.27,29.0,5.75
1993-03,84.03,224.65,1.78,80.55,0.07,31.66,29.38,3.7
1993-04,84.73,202.15,1.19,67.92,0.05,24.12,30.12,1.98
1993-05,86.24,258.44,1.89,81.05,0.04,30.5,30.13,1.13
1993-06,84.83,191.71,1.08,71.54,0.12,30.33,30.36,2.54
1993-07,85.93,216.49,1.39,79.16,0.0,27.34,29.64,2.21
1993-08,84.52,169.61,0.63,55.64,0.06,21.76,30.03,3.33
1993-09,85.94,260.88,1.88,73.66,0.0,25.98,29.64,1.43
1993-10,87.68,320.04,2.55,86.94,0.01,30.08,29.23,0.49
1993-11,87.75,325.11,3.33,105.49,0.0,41.67,29.19,1.0
1993-12,88.07,388.13,4.13,174.76,0.0,86.4,28.54,1.02
1994-01,84.31,234.44,2.43,92.34,0.01,41.93,28.82,4.13
1994-02,83.97,197.16,1.93,91.72,0.11,37.45,29.7,4.09
1994-03,86.78,330.46,3.66,98.88,0.05,39.52,29.14,1.6
1994-04,86.05,242.85,1.58,74.44,0.01,24.72,30.13,1.48
1994-05,86.27,237.2,1.13,69.06,0.01,23.52,30.15,1.48
1994-06,85.85,216.96,1.73,70.37,0.01,28.28,29.9,1.72
1994-07,81.88,89.51,0.19,47.12,0.05,13.52,30.34,5.5
1994-08,84.66,232.11,1.83,71.76,0.09,31.55,29.8,4.52
1994-09,84.92,190.27,1.01,63.88,0.01,20.57,29.88,2.82
1994-10,85.94,274.5,1.95,89.79,0.02,33.73,29.63,1.01
1994-11,87.73,342.77,3.84,95.7,0.0,38.05,29.01,0.65
1994-12,85.75,230.91,2.27,85.15,0.0,33.53,28.97,4.07
1995-01,85.06,211.44,1.94,75.43,0.05,36.13,28.76,2.96
1995-02,84.77,245.11,2.64,88.78,0.2,37.61,29.09,2.98
1995-03,83.86,231.65,2.13,77.96,0.28,34.97,29.87,3.1
1995-04,85.01,238.8,1.89,75.51,0.11,30.48,30.24,1.84
1995-05,84.83,227.91,1.76,86.66,0.07,39.77,30.51,3.06
1995-06,86.09,219.0,1.2,67.46,0.04,23.75,30.23,1.69
1995-07,85.27,256.19,2.64,85.74,0.01,44.56,29.66,2.22
1995-08,87.35,383.12,4.7,120.2,0.0,46.73,29.36,1.41
1995-09,85.46,233.71,2.07,74.46,0.0,28.03,29.73,2.03
1995-10,86.51,299.64,2.59,83.91,0.02,30.47,29.81,1.03
1995-11,88.36,353.77,4.3,109.46,0.0,43.63,28.98,0.8
1995-12,87.33,291.6,3.14,105.36,0.0,51.49,28.41,2.87
1996-01,86.3,307.52,3.55,114.31,0.03,54.4,27.96,3.82
1996-02,85.76,272.29,3.64,122.77,0.11,48.12,28.23,3.34
1996-03,82.83,203.73,1.97,76.23,0.34,29.69,30.12,6.25
1996-04,85.12,276.38,2.67,92.15,0.08,36.72,30.33,2.0
1996-05,85.1,188.43,0.69,61.57,0.02,22.7,30.52,2.87
1996-06,86.49,253.57,2.08,80.83,0.01,30.0,29.93,2.01
1996-07,83.45,179.02,1.71,80.7,0.04,32.79,30.28,7.21
1996-08,85.18,280.22,2.76,92.31,0.03,32.65,29.8,3.91
1996-09,83.83,208.73,1.92,80.73,0.07,30.86,30.21,2.51
1996-10,86.93,345.86,4.18,98.09,0.0,40.24,29.33,1.37
1996-11,86.39,243.48,1.88,78.87,0.01,28.68,29.33,2.11
1996-12,87.53,335.44,4.03,122.46,0.0,49.06,28.27,2.89
1997-01,81.94,143.89,1.18,66.1,0.05,25.55,28.95,6.09
1997-02,85.66,260.54,3.13,97.28,0.02,39.42,28.9,2.98
1997-03,82.78,151.49,0.65,68.39,0.12,22.37,30.09,3.89
1997-04,85.6,231.4,1.62,77.99,0.03,30.11,30.05,1.93
1997-05,83.88,170.21,1.25,73.66,0.2,28.34,30.56,4.87
1997-06,83.05,152.81,0.48,56.55,0.26,18.82,30.77,2.81
1997-07,84.61,189.36,1.55,84.47,0.02,30.8,29.97,3.27
1997-08,83.13,161.72,0.61,56.2,0.08,19.93,30.58,4.1
1997-09,85.69,235.16,1.56,77.72,0.04,28.1,29.94,1.97
1997-10,86.59,300.96,2.37,83.27,0.02,28.73,29.79,0.71
1997-11,87.07,286.69,2.41,85.46,0.0,28.95,29.8,0.63
1997-12,85.87,244.0,2.08,84.85,0.0,35.5,29.43,2.34
1998-01,83.1,140.84,0.63,57.02,0.14,21.0,30.03,4.02
1998-02,78.51,89.91,0.4,38.16,1.84,14.9,31.34,5.73
1998-03,77.59,141.59,0.87,52.46,3.14,24.15,31.96,5.09
1998-04,77.61,165.43,1.21,52.49,5.43,21.96,32.56,4.44
1998-05,82.07,206.69,1.38,71.4,2.17,28.67,32.02,2.18
1998-06,84.79,249.02,2.14,80.49,0.32,36.21,30.66,2.07
1998-07,85.53,279.05,2.3,78.86,0.07,31.85,30.13,1.19
1998-08,86.54,337.94,3.53,94.24,0.01,37.16,29.85,0.78
1998-09,85.06,282.85,2.89,82.99,0.02,30.66,30.21,1.25
1998-10,85.37,297.69,3.09,99.04,0.15,39.38,30.08,1.78
1998-11,87.14,300.54,3.14,97.24,0.0,38.31,29.43,0.97
1998-12,87.96,302.61,3.02,98.85,0.0,39.11,28.75,1.16
1999-01,87.09,312.87,3.74,121.76,0.0,49.41,28.74,2.02
1999-02,84.74,215.66,2.11,92.15,0.01,39.28,29.09,2.55
1999-03,86.04,308.06,3.31,91.2,0.03,34.59,29.75,1.06
1999-04,84.75,229.05,1.71,73.3,0.03,26.39,30.37,2.38
1999-05,86.39,302.72,2.43,81.45,0.0,27.28,29.84,1.57
1999-06,83.76,176.98,1.26,58.1,0.02,24.24,30.1,4.01
1999-07,83.14,149.71,0.76,62.83,0.06,21.48,29.94,6.16
1999-08,84.35,253.91,2.55,94.08,0.03,36.15,29.89,2.69
1999-09,84.17,245.39,2.19,88.53,0.03,33.73,30.12,2.6
1999-10,87.22,366.84,4.48,104.18,0.0,43.37,29.32,0.8
1999-11,86.17,230.88,1.46,76.43,0.0,25.76,29.46,2.13
1999-12,87.7,332.41,3.63,118.61,0.0,53.89,28.51,1.99
2000-01,86.37,300.77,3.57,103.12,0.0,46.39,28.55,2.15
2000-02,85.71,271.01,3.17,94.66,0.04,39.82,29.14,3.07
2000-03,85.02,254.65,2.35,91.2,0.01,33.48,29.89,2.86
2000-04,85.99,284.55,2.43,83.08,0.0,35.77,30.06,1.4
2000-05,83.86,156.05,0.45,58.16,0.08,18.29,30.8,3.62
2000-06,85.91,223.49,1.79,75.79,0.02,30.24,29.6,1.45
2000-07,82.03,134.57,0.72,65.12,0.13,20.78,30.5,5.91
2000-08,83.72,196.34,1.42,75.31,0.07,28.32,29.95,4.09
2000-09,84.54,288.28,2.8,98.3,0.11,34.01,30.24,2.09
2000-10,85.25,264.33,2.31,105.02,0.14,38.17,29.94,2.53
2000-11,87.28,335.15,3.62,118.19,0.0,52.5,29.45,0.94
2000-12,86.31,257.16,2.47,98.64,0.0,38.96,29.32,3.49
2001-01,87.06,342.91,3.91,121.15,0.0,57.48,28.82,1.44
2001-02,85.12,222.88,2.24,99.2,0.06,41.36,29.08,2.96
2001-03,85.14,287.16,2.77,87.65,0.09,36.78,30.02,2.56
2001-04,86.17,287.02,2.52,85.53,0.02,30.58,30.26,0.72
2001-05,85.04,197.62,0.9,61.54,0.02,21.65,30.73,1.47
2001-06,84.35,175.81,0.78,62.37,0.03,21.15,30.08,3.17
2001-07,81.58,174.83,1.13,72.68,0.14,29.12,30.71,7.91
2001-08,82.58,150.87,0.78,61.83,0.18,20.72,30.54,5.04
2001-09,84.63,303.45,2.95,93.01,0.1,39.78,30.27,1.15
2001-10,86.68,304.65,2.92,92.67,0.07,32.74,29.72,1.21
2001-11,87.37,273.27,2.44,89.56,0.0,32.23,29.07,1.51
2001-12,85.58,274.8,2.95,116.89,0.0,54.64,28.89,4.14
2002-01,84.12,202.35,1.86,90.66,0.12,38.01,28.86,3.93
2002-02,80.12,140.82,1.17,55.89,0.71,22.33,29.78,8.16
2002-03,80.6,181.56,1.43,67.56,1.38,27.92,30.62,5.36
2002-04,82.76,209.84,1.63,73.27,0.28,29.43,30.88,2.37
2002-05,83.4,190.36,1.5,79.47,0.23,28.01,31.03,2.84
2002-06,83.48,179.93,1.37,78.0,0.25,34.02,30.47,5.32
2002-07,80.59,112.56,0.38,47.57,0.31,19.36,31.02,6.73
2002-08,80.31,163.87,1.21,62.23,0.29,26.14,30.54,6.9
2002-09,83.24,210.26,1.48,70.56,0.11,30.24,30.33,1.6
2002-10,84.46,255.17,1.89,77.23,0.14,29.77,30.24,1.44
2002-11,85.9,286.54,2.53,96.91,0.02,37.91,29.89,1.46
2002-12,84.34,200.48,1.32,63.15,0.03,23.24,30.1,2.04
2003-01,84.23,263.08,2.73,111.82,0.06,47.54,29.15,3.47
2003-02,82.25,126.74,0.72,62.39,0.35,20.2,29.61,5.62
2003-03,82.57,232.53,2.22,83.44,1.04,37.15,30.43,5.2
2003-04,83.29,183.55,1.02,61.51,0.44,22.37,30.76,2.57
2003-05,81.53,151.98,1.26,72.15,0.87,30.29,31.1,9.05
2003-06,81.78,198.94,1.44,70.48,0.83,31.64,30.87,10.06
2003-07,83.69,186.04,1.42,67.35,0.14,25.02,30.05,4.11
2003-08,83.33,204.99,1.74,79.27,0.2,29.87,30.47,3.29
2003-09,83.01,194.31,1.38,68.07,0.09,27.63,30.34,2.27
2003-10,85.94,290.87,2.95,98.1,0.02,38.37,29.65,1.38
2003-11,86.41,264.64,2.1,91.45,0.0,34.57,29.65,0.82
2003-12,86.84,305.37,3.98,120.62,0.0,53.86,28.38,2.71
2004-01,84.36,231.12,2.3,93.53,0.1,38.8,29.32,3.44
2004-02,81.78,110.03,0.64,54.43,0.48,18.73,29.66,7.48
2004-03,83.53,205.73,1.78,86.03,0.3,39.23,30.25,6.25
2004-04,82.41,174.44,1.31,65.05,1.15,29.02,31.06,3.03
2004-05,82.81,190.34,1.75,79.81,0.74,32.56,30.84,5.49
2004-06,79.83,87.29,0.42,42.76,0.67,18.86,30.97,7.08
2004-07,84.18,234.5,1.91,73.19,0.13,29.3,29.7,2.65
2004-08,79.97,93.94,0.46,45.07,0.26,17.81,30.77,10.18
2004-09,84.03,304.37,3.52,93.53,0.31,44.92,30.1,2.48
2004-10,84.33,215.32,1.69,89.01,0.01,27.81,29.86,2.45
2004-11,84.95,240.79,1.85,80.78,0.05,31.72,29.81,2.3
2004-12,85.59,285.03,3.26,117.64,0.01,48.55,28.94,3.18
2005-01,81.08,130.91,1.13,65.96,0.43,32.56,29.12,8.36
2005-02,78.98,113.75,0.59,45.76,1.83,20.14,30.62,7.14
2005-03,79.89,190.6,1.94,86.62,1.36,34.47,30.65,4.32
2005-04,82.22,171.27,1.29,78.24,0.82,26.12,30.85,3.15
2005-05,84.43,239.9,1.8,76.77,0.62,32.48,30.58,2.14
2005-06,83.13,182.53,1.16,57.79,0.52,24.68,30.77,2.56
2005-07,81.72,158.07,1.08,64.37,0.56,24.54,30.64,4.38
2005-08,80.49,174.25,1.44,76.78,1.14,31.71,31.1,5.08
2005-09,81.11,185.28,1.37,66.3,0.99,32.13,31.09,3.65
2005-10,85.57,320.4,3.28,91.59,0.07,39.16,29.88,0.96
2005-11,86.78,295.6,2.33,104.85,0.0,44.12,29.34,0.75
2005-12,87.5,324.35,2.97,104.42,0.0,50.54,28.66,1.03
2006-01,85.29,241.11,2.43,99.4,0.01,43.73,29.11,3.74
2006-02,85.43,267.74,2.91,112.45,0.09,49.61,29.49,1.61
2006-03,83.3,192.63,1.68,76.36,0.54,30.44,30.25,3.64
2006-04,85.78,275.54,2.52,81.16,0.06,32.21,30.36,0.99
2006-05,86.47,297.21,2.61,91.81,0.02,43.03,30.16,1.06
2006-06,85.77,226.4,1.55,72.16,0.04,26.88,29.92,3.13
2006-07,84.17,174.7,0.6,51.96,0.05,18.92,30.59,2.8
2006-08,83.11,182.32,1.46,75.57,0.15,28.3,30.42,3.65
2006-09,85.85,250.66,2.06,93.48,0.01,38.84,29.7,2.02
2006-10,86.23,262.92,1.87,80.09,0.0,29.01,29.76,1.82
2006-11,86.29,278.5,2.04,79.05,0.02,28.2,30.01,0.68
2006-12,86.18,307.27,3.3,107.07,0.01,41.26,29.53,1.74
2007-01,87.12,373.97,4.82,152.63,0.0,67.14,28.48,2.13
2007-02,83.85,196.74,1.96,72.75,0.06,32.35,29.57,4.34
2007-03,83.01,217.45,2.2,83.21,0.35,32.33,30.44,4.46
2007-04,84.75,272.89,2.47,85.46,0.07,36.24,30.53,1.82
2007-05,85.58,283.61,2.16,81.67,0.01,32.48,30.73,0.94
2007-06,86.05,279.55,2.34,92.58,0.0,42.28,30.21,1.8
2007-07,84.7,239.39,2.27,97.21,0.06,40.26,30.05,4.33
2007-08,83.74,214.54,1.56,88.61,0.05,27.45,30.19,5.02
2007-09,85.26,256.2,2.72,100.59,0.01,46.68,30.0,2.14
2007-10,86.24,324.34,3.28,92.84,0.04,33.55,29.92,1.75
2007-11,87.12,283.95,2.22,86.28,0.0,32.79,29.14,1.33
2007-12,87.07,343.2,4.67,119.8,0.0,53.64,28.85,2.75
2008-01,85.31,253.62,1.94,94.69,0.07,36.9,29.34,2.7
2008-02,83.67,263.07,3.14,115.92,0.2,57.39,29.01,5.86
2008-03,86.75,372.51,4.38,112.95,0.01,44.22,29.4,0.77
2008-04,85.67,282.2,2.33,80.78,0.01,31.49,30.23,0.65
2008-05,84.39,194.04,0.86,65.04,0.0,21.22,30.5,2.6
2008-06,85.59,245.02,1.75,87.3,0.01,37.11,29.92,1.84
2008-07,85.93,279.68,2.95,92.82,0.0,42.66,29.57,2.22
2008-08,85.23,288.67,2.75,98.64,0.01,37.76,29.97,2.1
2008-09,84.79,250.07,2.74,102.28,0.01,35.83,30.06,1.8
2008-10,86.39,355.69,3.8,124.93,0.01,53.87,29.87,1.04
2008-11,87.65,374.35,4.3,117.23,0.0,49.29,29.45,0.52
2008-12,87.01,360.24,4.16,132.39,0.0,59.52,28.89,1.86
2009-01,86.18,356.26,4.7,166.87,0.0,64.71,28.35,3.33
2009-02,83.33,212.62,2.44,99.87,0.24,41.66,29.6,4.22
2009-03,85.67,311.27,2.96,92.92,0.0,37.85,29.89,1.09
2009-04,84.25,229.43,2.17,84.81,0.15,29.82,30.72,2.99
2009-05,83.96,205.18,1.26,72.55,0.2,28.46,30.89,2.34
2009-06,82.77,159.66,0.75,58.06,0.19,22.47,30.93,3.47
2009-07,82.28,145.19,0.56,57.5,0.15,19.67,30.46,4.29
2009-08,82.43,227.63,1.89,77.8,0.49,30.64,30.82,5.76
2009-09,83.27,172.61,0.94,65.92,0.19,23.58,30.81,2.83
2009-10,84.5,269.41,2.17,80.17,0.11,30.08,30.37,1.23
2009-11,87.08,357.84,4.27,133.04,0.0,57.22,29.42,0.95
2009-12,86.11,286.7,2.83,100.3,0.0,48.5,29.23,2.24
2010-01,85.65,266.59,2.79,122.31,0.02,48.23,29.17,3.04
2010-02,81.46,128.31,0.75,55.79,0.41,28.53,30.78,3.99
2010-03,81.17,199.44,1.77,75.52,1.2,35.12,31.14,3.96
2010-04,84.36,228.66,1.69,74.57,0.41,32.19,31.18,1.44
2010-05,84.76,250.38,2.08,79.13,0.43,35.25,31.44,2.21
2010-06,85.06,260.52,2.25,80.5,0.17,34.81,30.63,1.75
2010-07,86.31,304.38,3.21,100.86,0.0,45.09,29.76,1.41
2010-08,85.03,248.72,2.21,95.71,0.06,40.02,30.27,2.07
2010-09,85.58,306.97,3.45,98.85,0.05,37.99,30.1,1.21
2010-10,84.04,251.79,2.64,102.04,0.13,46.41,30.45,3.63
2010-11,86.8,336.38,3.32,105.38,0.0,42.47,29.72,0.83
2010-12,87.61,339.9,3.91,102.83,0.0,37.78,28.93,0.93
2011-01,87.24,365.44,4.7,127.1,0.0,54.36,28.46,2.05
2011-02,84.86,208.43,1.99,80.96,0.09,33.98,29.35,3.02
2011-03,87.01,372.63,4.53,133.07,0.05,55.59,29.17,1.84
2011-04,85.64,249.83,1.92,89.07,0.0,30.61,30.1,1.16
2011-05,85.74,230.19,1.23,82.99,0.1,31.63,30.6,1.54
2011-06,85.53,204.18,1.42,66.8,0.04,25.34,30.45,2.42
2011-07,84.15,136.03,0.69,59.61,0.05,21.73,30.53,2.86
2011-08,85.24,236.34,1.95,73.69,0.04,31.1,30.34,2.29
2011-09,84.65,216.95,1.73,74.41,0.02,30.25,30.36,2.16
2011-10,85.96,282.94,2.36,82.39,0.01,28.85,30.05,1.26
2011-11,87.24,303.86,2.7,102.27,0.0,30.7,29.59,1.25
2011-12,87.52,331.48,3.61,115.89,0.0,57.53,28.95,1.17
2012-01,86.24,269.78,2.92,93.76,0.0,39.37,29.19,2.71
2012-02,85.99,255.45,2.04,90.05,0.03,31.9,29.69,1.7
2012-03,86.15,312.92,3.69,106.97,0.0,43.17,29.77,1.4
2012-04,86.33,288.2,2.32,79.32,0.02,29.97,30.33,1.09
2012-05,85.14,203.89,1.04,61.59,0.02,24.95,30.73,1.77
2012-06,82.74,107.98,0.42,51.56,0.02,18.61,30.77,8.19
2012-07,86.14,244.14,1.99,75.64,0.02,29.94,29.85,2.75
2012-08,84.91,220.18,1.92,74.78,0.04,29.84,30.32,4.01
2012-09,85.14,212.29,1.73,70.05,0.02,28.6,30.22,1.95
2012-10,86.68,328.57,3.74,99.39,0.02,38.11,29.91,1.26
2012-11,88.11,361.86,4.06,106.13,0.0,43.51,29.73,0.56
2012-12,87.72,378.21,4.51,137.97,0.0,56.78,29.33,0.94
2013-01,86.11,229.92,2.58,100.42,0.0,46.27,29.18,3.01
2013-02,86.88,332.29,4.61,117.95,0.03,48.99,29.29,2.12
2013-03,84.23,187.46,1.25,56.95,0.19,26.93,30.69,2.53
2013-04,86.01,305.12,2.92,90.65,0.08,31.82,30.79,1.03
2013-05,85.94,263.37,2.2,79.56,0.04,28.91,30.76,1.69
2013-06,82.71,152.53,0.75,57.9,0.3,21.68,31.13,6.19
2013-07,83.76,177.92,1.29,68.36,0.06,33.68,30.14,4.61
2013-08,84.12,199.69,1.44,67.36,0.03,24.98,30.21,2.33
2013-09,85.07,250.55,2.76,94.76,0.05,37.26,30.09,3.91
2013-10,85.82,275.64,2.42,85.99,0.04,29.27,30.01,1.18
2013-11,87.53,335.84,3.62,113.97,0.0,45.65,29.56,0.46
2013-12,88.12,395.24,4.98,158.15,0.0,69.4,29.0,0.92
2014-01,84.9,236.29,3.17,103.6,0.01,43.4,28.04,6.52
2014-02,80.1,102.62,0.93,53.71,0.4,21.57,29.99,10.21
2014-03,80.53,167.69,1.33,68.1,1.13,26.96,30.77,8.55
2014-04,84.39,227.63,1.38,73.0,0.11,29.22,30.84,1.54
2014-05,85.94,265.23,1.84,72.56,0.13,25.77,30.78,1.11
2014-06,84.08,161.42,0.63,59.49,0.21,21.17,31.07,3.26
2014-07,82.86,139.59,0.57,49.75,0.33,17.87,30.94,3.83
2014-08,85.79,303.84,2.9,89.97,0.08,39.54,29.97,1.47
2014-09,84.39,212.5,1.29,64.87,0.01,24.43,30.42,1.73
2014-10,86.09,288.41,2.64,84.49,0.03,35.84,30.18,1.14
2014-11,87.8,364.71,4.08,103.1,0.0,43.28,29.77,0.49
2014-12,87.74,386.32,4.69,148.24,0.0,66.25,28.99,1.34
2015-01,86.07,288.87,3.35,111.16,0.0,50.72,28.63,3.16
2015-02,82.35,134.72,1.17,67.03,0.12,32.97,29.43,5.68
2015-03,80.9,165.72,1.18,63.74,1.05,24.5,30.68,5.26
2015-04,83.67,243.5,2.18,72.37,0.91,30.62,31.16,1.64
2015-05,85.31,229.82,1.21,66.56,0.24,23.75,31.03,1.39
2015-06,84.76,183.83,1.5,80.11,0.21,30.27,30.82,4.07
2015-07,82.53,171.87,1.19,66.98,0.46,25.03,31.08,5.36
2015-08,85.51,209.99,1.39,72.81,0.18,30.76,30.45,2.13
2015-09,85.4,203.71,1.34,69.37,0.19,27.23,30.56,1.91
2015-10,85.21,241.19,2.19,87.19,0.14,33.39,30.51,2.62
2015-11,88.39,395.13,4.9,108.69,0.0,46.19,29.9,0.31
2015-12,85.52,225.58,2.08,94.29,0.02,33.64,30.13,2.88
2016-01,83.38,166.49,1.03,62.76,0.38,24.8,30.64,3.76
2016-02,82.69,197.28,1.63,75.52,0.53,36.84,30.28,3.27
2016-03,79.7,153.25,0.98,51.42,3.62,25.01,31.63,5.88
2016-04,80.49,193.63,1.58,65.36,3.74,32.46,32.31,3.95
2016-05,84.37,279.41,2.52,87.58,1.28,38.94,31.54,1.35
2016-06,84.65,204.87,1.83,72.42,0.26,31.57,30.53,2.88
2016-07,84.65,250.32,2.57,92.38,0.54,33.93,30.65,3.52
2016-08,82.35,162.14,0.73,63.34,0.66,20.34,31.33,3.08
2016-09,84.75,254.68,2.51,78.44,0.28,31.49,30.66,1.6
2016-10,85.04,280.83,3.06,89.23,0.39,32.11,30.56,1.69
2016-11,87.95,337.36,3.2,103.52,0.0,38.3,29.96,0.33
2016-12,86.91,264.43,2.16,92.68,0.0,33.26,29.98,1.74
2017-01,86.65,288.03,3.02,110.85,0.0,44.17,29.69,2.08
2017-02,85.21,240.65,2.94,101.4,0.0,38.15,29.61,3.53
2017-03,85.43,273.32,2.73,100.36,0.14,42.88,30.11,2.82
2017-04,86.22,267.88,2.22,86.29,0.03,33.84,30.69,1.1
2017-05,86.82,305.61,2.28,80.32,0.02,30.38,30.93,0.55
2017-06,85.61,198.4,1.1,59.63,0.06,25.47,30.5,2.11
2017-07,84.19,161.9,0.69,58.94,0.08,20.46,30.67,4.23
2017-08,86.02,298.41,3.35,104.52,0.03,42.48,30.28,1.87
2017-09,86.15,297.34,3.5,99.5,0.05,41.19,30.38,1.59
2017-10,85.42,247.48,2.48,83.45,0.07,32.47,30.44,3.24
2017-11,87.98,376.29,4.58,126.51,0.0,49.66,29.88,0.56
2017-12,87.33,306.19,3.43,112.58,0.0,42.4,29.48,1.5
2018-01,88.51,381.21,4.41,131.01,0.0,52.46,28.98,0.8
2018-02,83.66,171.16,1.71,69.65,0.03,31.15,29.76,4.24
2018-03,83.92,212.52,1.75,72.48,0.23,31.09,30.58,2.11
2018-04,84.47,243.06,2.15,84.55,0.21,32.29,30.95,1.71
2018-05,86.14,295.73,2.45,87.24,0.19,32.54,30.95,0.6
2018-06,83.91,174.31,1.27,72.27,0.27,25.57,30.95,3.29
2018-07,83.14,148.72,0.97,59.99,0.29,23.5,30.84,5.21
2018-08,80.92,121.88,0.7,52.72,0.59,20.69,31.38,5.11
2018-09,84.9,254.16,2.61,81.11,0.05,31.95,30.32,2.11
2018-10,86.36,331.37,3.69,105.31,0.04,41.14,30.36,0.74
2018-11,86.62,295.54,2.67,98.29,0.01,42.15,30.31,0.97
2018-12,86.95,284.59,2.41,96.04,0.0,41.5,30.04,1.16
2019-01,83.96,204.4,1.82,78.88,0.01,39.3,30.0,2.96
2019-02,80.83,135.51,0.9,50.78,1.08,21.03,30.83,4.15
2019-03,79.45,147.8,1.41,62.49,2.12,27.48,31.68,6.81
2019-04,82.62,193.73,1.68,75.64,1.47,31.99,31.75,2.91
2019-05,83.64,206.6,1.18,69.03,1.38,24.02,31.74,1.88
2019-06,86.41,270.22,2.84,94.67,0.05,37.31,30.73,1.5
2019-07,84.03,151.1,0.68,53.16,0.16,22.67,30.78,3.86
2019-08,82.51,137.96,0.84,55.97,0.48,23.75,31.06,6.14
2019-09,82.3,151.05,1.03,70.74,0.61,25.99,31.46,4.44
2019-10,86.19,344.74,3.41,93.61,0.22,34.74,30.51,0.33
2019-11,86.0,273.59,2.16,94.22,0.06,35.41,30.41,0.99
2019-12,86.62,309.62,3.45,116.07,0.01,55.35,29.29,2.51
2020-01,83.5,184.44,1.6,72.4,0.54,31.73,30.32,4.09
2020-02,82.38,172.06,1.87,72.87,0.49,37.99,30.31,4.59
2020-03,82.59,211.32,2.42,79.92,1.5,39.69,31.31,4.74
2020-04,83.74,251.92,2.85,87.91,1.06,35.15,31.55,2.68
2020-05,86.11,282.41,2.84,84.86,0.61,41.35,31.54,1.28
2020-06,87.03,274.03,2.8,85.24,0.02,36.77,30.29,1.6
2020-07,87.06,308.66,3.04,87.44,0.02,36.64,30.15,1.17
2020-08,84.32,205.23,1.57,76.36,0.22,37.46,30.9,3.49
2020-09,86.45,337.83,4.24,114.68,0.14,48.09,30.31,1.78
2020-10,86.12,260.21,2.43,86.34,0.04,35.55,30.18,1.79
2020-11,88.1,380.02,4.47,122.51,0.01,56.31,29.79,0.57
2020-12,87.22,282.95,2.56,97.73,0.0,42.29,29.57,1.12
2021-01,87.24,325.57,4.17,136.65,0.0,54.09,28.51,2.47
2021-02,81.74,131.14,1.05,63.05,0.47,26.7,29.86,7.14
2021-03,83.38,268.22,2.87,104.87,0.63,39.93,30.6,4.92
2021-04,84.06,217.0,1.39,75.93,0.04,30.17,30.81,2.47
2021-05,86.01,290.19,2.97,93.4,0.11,38.44,30.73,1.95
2021-06,84.91,218.21,1.68,67.98,0.06,26.89,30.55,1.79
2021-07,83.65,181.47,1.82,87.42,0.09,37.44,30.75,5.44
2021-08,85.73,334.33,3.75,109.36,0.06,45.59,30.21,1.65
2021-09,85.5,297.2,3.7,98.06,0.05,45.06,30.1,1.88
2021-10,84.36,258.17,2.71,95.53,0.41,43.48,30.85,4.3
2021-11,86.86,350.71,4.36,121.53,0.02,56.19,29.99,1.07
2021-12,85.91,290.82,3.14,122.97,0.0,57.04,29.52,2.55
2022-01,84.34,250.38,2.77,106.77,0.17,42.6,29.59,4.78
2022-02,85.1,290.71,3.59,129.44,0.12,59.27,29.82,2.95
2022-03,85.34,289.96,3.23,101.7,0.12,47.51,30.51,1.56
2022-04,85.48,255.06,2.21,83.77,0.11,31.39,30.59,1.54
2022-05,84.54,247.16,2.29,80.45,0.16,34.39,30.98,2.8
2022-06,85.75,280.9,2.12,83.3,0.04,36.51,30.29,0.86
2022-07,83.9,186.97,1.3,72.33,0.31,28.75,30.59,3.39
2022-08,84.85,299.9,3.41,99.88,0.13,44.37,30.44,2.09
2022-09,85.02,270.02,2.98,87.22,0.04,39.79,30.01,1.34
2022-10,86.85,376.88,4.76,123.52,0.03,49.3,29.84,0.78
2022-11,87.42,333.48,3.53,107.43,0.0,45.08,29.8,0.98
2022-12,87.13,362.27,5.03,140.27,0.0,62.47,28.8,3.03
2023-01,86.29,286.25,2.81,108.36,0.0,48.02,29.1,1.99
2023-02,85.09,234.54,2.57,105.88,0.02,53.42,29.43,2.28
2023-03,83.75,242.24,2.69,100.27,0.21,35.17,30.05,3.85
2023-04,82.52,176.23,1.09,65.0,1.18,25.66,31.46,2.88
2023-05,82.29,188.68,1.27,65.45,1.87,29.2,31.89,2.59
2023-06,83.1,194.0,1.26,75.65,0.85,25.81,31.32,2.69
2023-07,83.31,206.46,2.14,78.23,0.42,35.87,30.93,4.32
2023-08,84.52,280.89,3.19,90.51,0.21,40.46,30.92,2.06
2023-09,85.18,312.89,3.82,114.13,0.03,50.79,30.76,1.68
2023-10,84.76,330.32,3.7,103.3,0.12,47.23,31.26,1.24
2023-11,86.88,347.05,4.01,108.2,0.05,45.86,30.41,0.63
2023-12,87.11,367.98,4.4,132.44,0.0,66.08,30.14,0.95
