Month,cdd_true,cdd_pred,label_true,label_pred,label_true_txt,label_pred_txt
2012-11-01,15.850000381469727,19.545403,1,2,Slight drought,Drought
2012-12-01,18.260000228881836,22.536943,2,2,Drought,Drought
2013-01-01,18.940000534057617,19.290012,2,2,Drought,Drought
2013-02-01,17.709999084472656,20.090143,2,2,Drought,Drought
2013-03-01,19.469999313354492,16.8418,2,2,Drought,Drought
2013-04-01,14.8100004196167,13.653396,1,1,Slight drought,Slight drought
2013-05-01,11.420000076293945,11.662285,1,1,Slight drought,Slight drought
2013-06-01,10.119999885559082,9.976284,0,0,Non-drought,Non-drought
2013-07-01,7.75,8.407753,0,0,Non-drought,Non-drought
2013-08-01,10.079999923706055,8.290333,0,0,Non-drought,Non-drought
2013-09-01,10.279999732971191,10.643032,0,0,Non-drought,Non-drought
2013-10-01,16.200000762939453,15.087162,2,1,Drought,Slight drought
2013-11-01,18.739999771118164,19.479214,2,2,Drought,Drought
2013-12-01,24.059999465942383,22.44273,2,2,Drought,Drought
2014-01-01,21.31999969482422,18.955654,2,2,Drought,Drought
2014-02-01,20.84000015258789,19.972164,2,2,Drought,Drought
2014-03-01,18.489999771118164,17.29309,2,2,Drought,Drought
2014-04-01,15.510000228881836,14.058068,1,1,Slight drought,Slight drought
2014-05-01,12.470000267028809,11.757557,1,1,Slight drought,Slight drought
2014-06-01,10.59000015258789,10.215878,0,0,Non-drought,Non-drought
2014-07-01,8.010000228881836,8.804108,0,0,Non-drought,Non-drought
2014-08-01,8.470000267028809,8.53842,0,0,Non-drought,Non-drought
2014-09-01,9.670000076293945,10.849447,0,0,Non-drought,Non-drought
2014-10-01,16.09000015258789,14.348927,2,1,Drought,Slight drought
2014-11-01,18.1200008392334,18.605244,2,2,Drought,Drought
2014-12-01,23.020000457763672,21.835243,2,2,Drought,Drought
2015-01-01,18.799999237060547,19.24785,2,2,Drought,Drought
2015-02-01,20.520000457763672,19.566252,2,2,Drought,Drought
2015-03-01,18.299999237060547,16.90529,2,2,Drought,Drought
2015-04-01,13.34000015258789,13.9930105,1,1,Slight drought,Slight drought
2015-05-01,12.029999732971191,11.833726,1,1,Slight drought,Slight drought
2015-06-01,9.039999961853027,10.220839,0,0,Non-drought,Non-drought
2015-07-01,10.569999694824219,8.832236,0,0,Non-drought,Non-drought
2015-08-01,10.020000457763672,9.091917,0,0,Non-drought,Non-drought
2015-09-01,10.149999618530273,10.934021,0,0,Non-drought,Non-drought
2015-10-01,16.059999465942383,14.718508,2,1,Drought,Slight drought
2015-11-01,15.239999771118164,18.403782,1,2,Slight drought,Drought
2015-12-01,19.399999618530273,21.088001,2,2,Drought,Drought
2016-01-01,17.59000015258789,18.765287,2,2,Drought,Drought
2016-02-01,19.829999923706055,19.429527,2,2,Drought,Drought
2016-03-01,19.950000762939453,17.069752,2,2,Drought,Drought
2016-04-01,13.979999542236328,13.86138,1,1,Slight drought,Slight drought
2016-05-01,10.619999885559082,11.356606,0,1,Non-drought,Slight drought
2016-06-01,9.390000343322754,9.737843,0,0,Non-drought,Non-drought
2016-07-01,8.779999732971191,8.23956,0,0,Non-drought,Non-drought
2016-08-01,9.020000457763672,8.000005,0,0,Non-drought,Non-drought
2016-09-01,11.1899995803833,10.881823,1,0,Slight drought,Non-drought
2016-10-01,13.699999809265137,14.9583235,1,1,Slight drought,Slight drought
2016-11-01,17.399999618530273,18.869167,2,2,Drought,Drought
2016-12-01,21.860000610351562,22.561407,2,2,Drought,Drought
2017-01-01,20.739999771118164,19.210634,2,2,Drought,Drought
2017-02-01,19.559999465942383,19.758781,2,2,Drought,Drought
2017-03-01,18.0,17.123682,2,2,Drought,Drought
2017-04-01,14.039999961853027,14.301231,1,1,Slight drought,Slight drought
2017-05-01,12.430000305175781,11.915616,1,1,Slight drought,Slight drought
2017-06-01,9.350000381469727,10.526311,0,0,Non-drought,Non-drought
2017-07-01,9.069999694824219,8.83029,0,0,Non-drought,Non-drought
2017-08-01,7.800000190734863,8.387941,0,0,Non-drought,Non-drought
2017-09-01,10.420000076293945,10.193253,0,0,Non-drought,Non-drought
2017-10-01,14.930000305175781,14.97284,1,1,Slight drought,Slight drought
2017-11-01,21.950000762939453,18.890919,2,2,Drought,Drought
2017-12-01,24.770000457763672,22.50734,2,2,Drought,Drought
2018-01-01,19.760000228881836,19.252897,2,2,Drought,Drought
2018-02-01,21.229999542236328,19.793318,2,2,Drought,Drought
2018-03-01,17.40999984741211,17.117393,2,2,Drought,Drought
2018-04-01,13.609999656677246,13.75598,1,1,Slight drought,Slight drought
2018-05-01,11.739999771118164,11.776701,1,1,Slight drought,Slight drought
2018-06-01,10.819999694824219,10.332883,0,0,Non-drought,Non-drought
2018-07-01,8.079999923706055,8.874535,0,0,Non-drought,Non-drought
2018-08-01,7.429999828338623,8.297991,0,0,Non-drought,Non-drought
2018-09-01,9.270000457763672,10.366781,0,0,Non-drought,Non-drought
2018-10-01,16.639999389648438,14.911735,2,1,Drought,Slight drought
2018-11-01,18.290000915527344,19.710257,2,2,Drought,Drought
2018-12-01,21.68000030517578,22.57303,2,2,Drought,Drought
2019-01-01,19.8700008392334,19.238811,2,2,Drought,Drought
2019-02-01,17.600000381469727,19.83143,2,2,Drought,Drought
2019-03-01,17.889999389648438,16.72026,2,2,Drought,Drought
2019-04-01,15.800000190734863,13.716824,1,1,Slight drought,Slight drought
2019-05-01,12.539999961853027,11.510653,1,1,Slight drought,Slight drought
2019-06-01,10.710000038146973,10.116363,0,0,Non-drought,Non-drought
2019-07-01,8.100000381469727,8.628031,0,0,Non-drought,Non-drought
2019-08-01,9.40999984741211,8.423435,0,0,Non-drought,Non-drought
2019-09-01,13.350000381469727,10.520956,1,0,Slight drought,Non-drought
2019-10-01,16.139999389648438,14.899541,2,1,Drought,Slight drought
2019-11-01,18.610000610351562,19.036968,2,2,Drought,Drought
2019-12-01,21.059999465942383,22.135307,2,2,Drought,Drought
2020-01-01,17.15999984741211,19.149231,2,2,Drought,Drought
2020-02-01,20.06999969482422,19.640028,2,2,Drought,Drought
2020-03-01,16.639999389648438,16.727673,2,2,Drought,Drought
2020-04-01,15.829999923706055,13.843788,1,1,Slight drought,Slight drought
2020-05-01,12.930000305175781,11.943615,1,1,Slight drought,Slight drought
2020-06-01,9.819999694824219,10.206818,0,0,Non-drought,Non-drought
2020-07-01,8.59000015258789,8.699844,0,0,Non-drought,Non-drought
2020-08-01,8.130000114440918,8.413588,0,0,Non-drought,Non-drought
2020-09-01,10.670000076293945,10.085718,0,0,Non-drought,Non-drought
2020-10-01,17.540000915527344,14.229049,2,1,Drought,Slight drought
2020-11-01,21.6200008392334,19.088425,2,2,Drought,Drought
2020-12-01,24.350000381469727,22.436543,2,2,Drought,Drought
2021-01-01,19.989999771118164,19.459703,2,2,Drought,Drought
2021-02-01,19.719999313354492,20.1779,2,2,Drought,Drought
2021-03-01,15.949999809265137,16.59939,1,2,Slight drought,Drought
2021-04-01,12.279999732971191,13.77976,1,1,Slight drought,Slight drought
2021-05-01,11.779999732971191,12.111065,1,1,Slight drought,Slight drought
2021-06-01,9.609999656677246,10.28364,0,0,Non-drought,Non-drought
2021-07-01,9.489999771118164,8.955534,0,0,Non-drought,Non-drought
2021-08-01,9.100000381469727,8.533606,0,0,Non-drought,Non-drought
2021-09-01,10.359999656677246,10.530465,0,0,Non-drought,Non-drought
2021-10-01,14.489999771118164,14.30107,1,1,Slight drought,Slight drought
2021-11-01,19.209999084472656,18.417824,2,2,Drought,Drought
2021-12-01,22.729999542236328,22.524704,2,2,Drought,Drought
2022-01-01,19.1299991607666,19.60446,2,2,Drought,Drought
2022-02-01,17.959999084472656,19.720161,2,2,Drought,Drought
2022-03-01,20.18000030517578,17.474232,2,2,Drought,Drought
2022-04-01,16.459999084472656,13.44393,2,1,Drought,Slight drought
2022-05-01,12.020000457763672,11.393805,1,1,Slight drought,Slight drought
2022-06-01,10.260000228881836,9.877507,0,0,Non-drought,Non-drought
2022-07-01,9.970000267028809,8.275869,0,0,Non-drought,Non-drought
2022-08-01,9.619999885559082,8.656448,0,0,Non-drought,Non-drought
2022-09-01,13.239999771118164,11.503369,1,1,Slight drought,Slight drought
2022-10-01,17.350000381469727,15.259836,2,1,Drought,Slight drought
2022-11-01,18.600000381469727,19.227766,2,2,Drought,Drought
2022-12-01,24.3799991607666,20.859798,2,2,Drought,Drought
2023-01-01,19.700000762939453,19.477594,2,2,Drought,Drought
2023-02-01,21.020000457763672,19.973228,2,2,Drought,Drought
2023-03-01,21.010000228881836,17.014978,2,2,Drought,Drought
2023-04-01,14.979999542236328,13.958398,1,1,Slight drought,Slight drought
2023-05-01,11.130000114440918,11.925296,1,1,Slight drought,Slight drought
2023-06-01,10.979999542236328,10.495953,0,0,Non-drought,Non-drought
2023-07-01,9.0,9.199406,0,0,Non-drought,Non-drought
2023-08-01,8.65999984741211,8.69488,0,0,Non-drought,Non-drought
2023-09-01,10.6899995803833,10.470621,0,0,Non-drought,Non-drought
2023-10-01,15.15999984741211,14.285474,1,1,Slight drought,Slight drought
