Month,pr,r20mm,r50mm,hurs,tasmax,tas,hd35,rx5day
1950-01,118.41,0.52,0.04,82.65,28.08,23.89,0.0,47.14
1950-02,171.55,1.76,0.23,84.97,28.43,24.11,0.01,73.02
1950-03,181.17,0.77,0.01,85.37,29.31,24.67,0.03,61.47
1950-04,262.1,1.82,0.05,88.62,29.01,24.63,0.0,75.31
1950-05,184.22,0.61,0.02,88.13,29.2,24.96,0.0,59.54
1950-06,204.35,0.76,0.05,88.29,29.28,24.84,0.0,61.5
1950-07,204.74,0.87,0.04,87.57,28.96,24.4,0.0,59.85
1950-08,275.65,1.96,0.04,88.3,28.61,24.19,0.0,82.89
1950-09,259.95,1.69,0.07,88.72,28.93,24.37,0.0,81.32
1950-10,218.39,1.01,0.05,87.95,28.66,24.21,0.0,69.18
1950-11,225.81,1.32,0.03,89.2,28.01,23.81,0.0,65.17
1950-12,186.43,1.32,0.08,87.47,27.41,23.52,0.0,66.49
1951-01,195.26,1.34,0.09,86.88,27.44,23.49,0.0,75.53
1951-02,181.79,1.23,0.02,86.08,28.05,23.84,0.0,61.83
1951-03,99.53,0.39,0.01,81.56,29.3,24.66,0.0,36.56
1951-04,197.81,1.19,0.01,85.52,29.37,24.88,0.03,60.74
1951-05,122.11,0.15,0.02,83.96,29.44,25.13,0.0,39.23
1951-06,128.27,0.31,0.0,84.22,29.58,25.11,0.0,46.38
1951-07,187.05,1.01,0.05,85.83,28.79,24.41,0.0,62.55
1951-08,153.86,0.61,0.01,84.31,29.47,24.9,0.0,57.42
1951-09,198.31,1.03,0.01,85.73,28.83,24.54,0.0,60.32
1951-10,211.25,1.16,0.06,86.57,28.82,24.48,0.0,68.55
1951-11,197.48,0.9,0.05,87.48,28.98,24.64,0.0,62.56
1951-12,227.86,1.29,0.03,88.25,28.21,24.16,0.0,69.67
1952-01,218.43,2.21,0.25,86.79,28.15,24.23,0.0,92.96
1952-02,195.44,1.65,0.2,86.23,28.51,24.43,0.0,77.99
1952-03,226.29,1.37,0.02,87.33,29.34,24.8,0.0,64.2
1952-04,204.19,1.07,0.04,87.67,29.53,24.99,0.0,70.16
1952-05,188.26,0.5,0.01,87.64,29.59,25.27,0.0,53.04
1952-06,122.01,0.16,0.01,85.59,29.6,25.23,0.0,40.64
1952-07,150.21,0.58,0.01,85.58,29.12,24.76,0.0,54.03
1952-08,156.08,0.55,0.01,84.21,29.25,24.77,0.0,56.82
1952-09,229.36,1.81,0.04,86.56,29.07,24.55,0.0,73.98
1952-10,299.35,2.32,0.09,89.41,28.8,24.41,0.0,87.88
1952-11,264.91,1.57,0.12,89.25,28.33,24.02,0.0,72.05
1952-12,181.07,1.05,0.09,87.14,27.97,23.88,0.0,66.68
1953-01,178.74,1.02,0.06,86.6,27.94,23.91,0.0,61.97
1953-02,187.28,1.23,0.1,86.68,28.39,24.05,0.0,69.8
1953-03,181.77,1.0,0.03,86.01,29.15,24.65,0.0,62.33
1953-04,198.09,1.14,0.06,86.46,29.8,25.16,0.0,59.46
1953-05,233.88,0.85,0.05,88.53,29.37,25.05,0.01,63.55
1953-06,170.12,0.4,0.0,88.2,29.31,25.05,0.0,50.96
1953-07,215.34,0.84,0.02,87.98,28.79,24.38,0.0,58.33
1953-08,131.37,0.27,0.0,85.21,29.59,25.0,0.0,46.27
1953-09,226.59,1.44,0.05,86.94,28.91,24.48,0.0,71.89
1953-10,266.8,1.66,0.13,87.86,29.06,24.51,0.0,75.97
1953-11,205.74,0.93,0.04,88.01,28.86,24.51,0.0,63.3
1953-12,202.31,0.96,0.07,87.61,28.38,24.21,0.0,65.14
1954-01,224.19,1.41,0.09,87.73,28.29,24.03,0.0,65.93
1954-02,174.18,0.98,0.07,86.33,28.53,24.13,0.0,61.74
1954-03,262.88,2.26,0.14,87.31,28.85,24.4,0.02,90.61
1954-04,325.24,3.48,0.17,89.73,28.94,24.59,0.0,91.54
1954-05,218.76,0.8,0.06,88.72,29.2,24.82,0.0,63.29
1954-06,255.82,1.56,0.09,89.33,28.82,24.56,0.0,75.5
1954-07,276.39,2.18,0.07,89.48,28.3,24.01,0.0,86.78
1954-08,222.4,0.96,0.01,88.12,28.95,24.42,0.0,67.66
1954-09,255.55,1.88,0.05,88.87,28.43,24.13,0.0,79.37
1954-10,356.65,3.39,0.11,90.07,28.2,23.8,0.0,91.55
1954-11,263.91,1.72,0.03,89.37,28.0,23.68,0.0,78.88
1954-12,273.63,3.0,0.2,88.89,27.71,23.59,0.0,95.34
1955-01,340.06,4.15,0.26,89.46,27.47,23.43,0.0,104.14
1955-02,180.29,1.33,0.04,86.5,28.33,23.98,0.04,62.11
1955-03,170.17,0.87,0.1,84.63,29.22,24.52,0.22,60.63
1955-04,260.57,1.87,0.07,88.15,29.47,24.69,0.09,78.23
1955-05,204.14,1.23,0.01,87.2,29.88,25.29,0.0,68.83
1955-06,215.89,1.73,0.05,87.85,29.28,24.75,0.01,73.31
1955-07,208.7,1.33,0.04,86.55,29.19,24.48,0.0,69.5
1955-08,281.62,1.91,0.06,88.86,28.64,24.15,0.0,81.84
1955-09,288.55,2.37,0.21,88.87,28.87,24.3,0.0,93.39
1955-10,327.11,2.87,0.13,89.53,29.0,24.41,0.0,92.8
1955-11,302.26,2.93,0.36,89.56,28.48,24.18,0.0,111.95
1955-12,310.02,3.3,0.23,89.12,27.3,23.35,0.0,106.53
1956-01,263.8,2.48,0.18,88.37,27.45,23.34,0.0,90.76
1956-02,203.3,1.45,0.13,86.7,28.54,24.03,0.05,72.13
1956-03,197.12,1.34,0.06,85.47,29.33,24.58,0.07,66.15
1956-04,241.28,1.48,0.07,88.18,29.48,24.78,0.02,74.91
1956-05,276.25,1.74,0.1,89.13,29.38,24.77,0.0,75.15
1956-06,159.47,0.79,0.08,87.01,29.0,24.57,0.0,62.98
1956-07,205.52,1.46,0.09,87.22,28.75,24.26,0.0,74.1
1956-08,205.15,1.47,0.02,87.55,28.75,24.32,0.0,72.89
1956-09,317.87,3.37,0.3,88.97,28.69,24.2,0.0,110.84
1956-10,379.72,3.73,0.2,90.69,28.11,23.92,0.0,99.06
1956-11,363.53,3.81,0.42,90.7,27.87,23.83,0.0,118.97
1956-12,347.36,3.89,0.15,90.44,27.18,23.39,0.0,99.76
1957-01,206.97,2.1,0.18,86.63,27.65,23.58,0.0,84.04
1957-02,147.98,0.99,0.07,85.02,28.52,23.95,0.0,64.8
1957-03,248.1,1.89,0.08,87.09,28.93,24.49,0.05,74.9
1957-04,241.97,1.73,0.07,88.31,29.3,24.83,0.0,81.66
1957-05,291.18,2.17,0.05,89.95,29.25,24.93,0.0,95.66
1957-06,190.85,1.56,0.16,87.87,29.45,25.12,0.0,87.42
1957-07,213.68,2.12,0.05,87.1,29.34,24.8,0.0,85.62
1957-08,159.11,0.88,0.01,86.32,29.31,24.81,0.0,61.57
1957-09,218.54,1.16,0.07,86.14,29.34,24.7,0.0,69.54
1957-10,264.69,1.98,0.07,87.34,29.14,24.46,0.0,86.57
1957-11,189.49,0.98,0.12,86.57,28.91,24.46,0.0,70.28
1957-12,323.01,3.29,0.38,88.56,28.35,24.23,0.0,87.53
1958-01,226.24,2.29,0.31,85.54,28.79,24.41,0.03,92.96
1958-02,144.47,0.75,0.11,83.81,29.24,24.59,0.11,55.11
1958-03,231.13,1.94,0.28,84.71,29.85,25.0,0.22,80.84
1958-04,163.28,0.84,0.12,83.14,30.65,25.69,0.5,55.38
1958-05,265.99,1.81,0.14,87.79,30.05,25.56,0.04,83.22
1958-06,176.1,1.27,0.02,85.95,30.11,25.49,0.02,64.33
1958-07,84.3,0.26,0.05,80.73,30.64,25.61,0.25,46.75
1958-08,303.45,3.27,0.23,88.15,29.07,24.58,0.0,98.83
1958-09,246.98,1.79,0.09,87.46,29.71,24.87,0.0,75.07
1958-10,361.7,3.85,0.29,90.05,28.8,24.47,0.0,113.21
1958-11,320.93,3.29,0.33,89.85,27.96,23.96,0.0,106.26
1958-12,219.97,1.67,0.24,86.99,28.17,24.05,0.0,78.09
1959-01,169.41,1.21,0.16,84.16,28.27,24.08,0.02,69.77
1959-02,121.51,0.81,0.12,81.39,29.61,24.86,0.23,57.14
1959-03,214.71,2.16,0.22,82.52,29.62,24.89,0.33,88.89
1959-04,257.69,1.78,0.12,86.83,29.44,24.86,0.0,79.04
1959-05,298.17,2.51,0.12,88.41,29.28,24.99,0.0,88.71
1959-06,248.42,1.92,0.04,87.82,29.13,24.81,0.0,81.57
1959-07,168.62,0.74,0.01,85.65,29.3,24.7,0.0,54.46
1959-08,167.9,0.6,0.0,85.6,29.11,24.52,0.0,53.8
1959-09,243.17,2.2,0.12,86.13,29.15,24.49,0.02,78.05
1959-10,277.03,2.43,0.21,87.28,28.91,24.42,0.0,89.14
1959-11,289.98,2.13,0.14,88.89,28.37,24.11,0.0,84.47
1959-12,194.58,1.27,0.07,86.66,28.44,24.14,0.0,73.34
1960-01,208.49,1.4,0.07,86.04,28.18,23.96,0.0,67.79
1960-02,187.97,1.57,0.17,84.8,28.58,24.17,0.14,72.73
1960-03,159.89,0.95,0.05,82.61,29.88,24.86,0.49,64.05
1960-04,251.85,1.67,0.1,86.74,29.65,24.94,0.04,73.6
1960-05,212.89,1.25,0.02,86.46,29.94,25.23,0.11,68.53
1960-06,140.63,0.56,0.01,84.68,29.96,25.17,0.09,49.25
1960-07,240.77,2.07,0.17,86.17,29.29,24.7,0.05,81.66
1960-08,170.21,0.74,0.01,84.71,30.14,25.25,0.04,62.51
1960-09,312.43,2.92,0.23,87.61,29.22,24.45,0.01,96.31
1960-10,217.34,1.16,0.02,86.37,29.46,24.71,0.02,69.72
1960-11,294.98,1.8,0.07,88.9,28.46,24.14,0.0,76.27
1960-12,245.13,2.01,0.12,87.3,28.3,24.09,0.0,83.64
1961-01,163.69,1.19,0.08,84.86,27.84,23.66,0.01,67.16
1961-02,192.46,1.7,0.18,84.46,28.86,24.35,0.09,75.14
1961-03,183.62,1.12,0.06,83.62,29.81,24.97,0.39,57.45
1961-04,253.89,1.82,0.09,86.43,29.81,25.1,0.18,76.58
1961-05,194.02,1.1,0.04,85.86,30.15,25.51,0.13,68.43
1961-06,167.11,1.25,0.08,84.63,29.62,24.92,0.13,78.3
1961-07,130.45,0.66,0.03,82.34,29.92,24.93,0.11,53.94
1961-08,131.8,0.5,0.0,83.64,29.71,24.93,0.09,49.0
1961-09,208.88,1.48,0.05,84.76,29.57,24.51,0.01,63.95
1961-10,220.39,1.21,0.01,85.94,29.3,24.34,0.02,71.57
1961-11,208.98,1.29,0.08,86.57,28.98,24.36,0.0,71.59
1961-12,316.96,2.84,0.23,88.38,28.23,24.02,0.0,92.51
1962-01,332.64,4.2,0.55,87.8,27.56,23.72,0.0,115.78
1962-02,178.79,1.4,0.08,84.35,28.25,23.92,0.09,70.12
1962-03,348.31,4.02,0.26,87.56,28.88,24.34,0.04,114.17
1962-04,256.39,2.69,0.24,86.3,29.64,24.88,0.15,102.04
1962-05,212.03,1.18,0.07,86.1,30.25,25.45,0.17,72.86
1962-06,200.89,1.33,0.04,85.23,29.79,24.92,0.11,67.31
1962-07,90.2,0.24,0.0,82.89,30.03,25.21,0.06,50.1
1962-08,258.38,2.2,0.05,85.95,29.12,24.4,0.03,76.44
1962-09,217.54,1.66,0.11,86.18,29.31,24.66,0.02,76.21
1962-10,263.5,2.11,0.23,86.69,29.34,24.71,0.0,95.56
1962-11,248.21,2.05,0.15,87.44,28.74,24.31,0.0,91.41
1962-12,262.94,2.29,0.19,87.72,28.09,24.0,0.0,88.15
1963-01,356.45,4.71,0.98,87.83,26.78,23.13,0.0,140.68
1963-02,256.4,2.79,0.32,85.51,27.67,23.53,0.06,83.27
1963-03,242.33,2.48,0.21,84.7,29.01,24.42,0.42,80.53
1963-04,115.57,0.46,0.05,80.09,30.64,25.45,2.52,41.65
1963-05,267.17,2.23,0.3,85.48,30.25,25.44,0.91,85.47
1963-06,111.12,0.2,0.0,83.13,30.42,25.44,0.14,39.19
1963-07,169.4,1.1,0.1,83.67,29.87,25.04,0.05,66.5
1963-08,207.8,1.03,0.05,85.83,29.51,24.77,0.04,60.91
1963-09,200.67,1.1,0.08,85.22,29.86,25.02,0.03,66.78
1963-10,290.39,2.31,0.1,87.5,29.11,24.45,0.02,86.49
1963-11,223.33,1.48,0.1,86.73,29.25,24.57,0.0,70.0
1963-12,211.12,1.42,0.07,86.29,28.75,24.3,0.0,74.4
1964-01,184.32,1.48,0.06,83.81,29.49,24.81,0.17,59.39
1964-02,236.04,2.31,0.1,84.69,28.92,24.62,0.21,86.14
1964-03,244.12,2.88,0.23,84.6,29.36,24.86,0.38,91.24
1964-04,230.03,1.64,0.1,84.44,30.35,25.44,0.81,67.78
1964-05,218.57,2.04,0.11,85.46,30.14,25.53,0.28,88.24
1964-06,153.28,0.8,0.0,84.64,29.75,24.95,0.2,59.6
1964-07,275.85,1.99,0.19,86.7,29.21,24.51,0.01,79.73
1964-08,131.23,0.4,0.02,83.06,29.8,24.87,0.09,51.67
1964-09,270.66,2.65,0.11,86.15,29.34,24.59,0.07,90.17
1964-10,264.9,1.71,0.03,87.11,28.94,24.34,0.08,74.38
1964-11,266.12,1.95,0.09,87.93,28.39,24.07,0.0,81.21
1964-12,250.02,1.85,0.16,87.28,27.64,23.48,0.0,80.78
1965-01,138.59,1.31,0.15,82.16,27.52,23.16,0.03,69.86
1965-02,182.66,1.49,0.12,83.9,28.61,23.99,0.09,76.72
1965-03,278.21,2.61,0.09,85.94,28.81,24.22,0.13,82.85
1965-04,239.86,1.26,0.06,86.93,29.3,24.59,0.0,76.02
1965-05,235.33,1.35,0.05,87.32,29.47,24.94,0.01,78.68
1965-06,156.4,0.51,0.02,85.3,29.74,24.93,0.02,49.74
1965-07,103.89,0.1,0.0,83.15,29.62,24.78,0.04,35.14
1965-08,258.06,2.31,0.15,86.11,28.98,24.32,0.02,85.51
1965-09,203.02,0.96,0.08,85.31,29.51,24.61,0.03,63.23
1965-10,275.0,2.56,0.12,86.86,29.22,24.5,0.01,90.12
1965-11,233.06,1.25,0.13,86.97,29.14,24.53,0.01,73.79
1965-12,297.94,2.94,0.23,87.93,28.37,24.14,0.0,97.17
1966-01,296.98,3.36,0.34,88.35,27.61,23.63,0.0,101.09
1966-02,201.58,1.72,0.14,86.47,28.33,24.06,0.0,82.16
1966-03,245.6,2.06,0.3,86.11,29.02,24.48,0.0,95.8
1966-04,238.2,1.8,0.08,86.62,29.53,25.03,0.01,71.03
1966-05,235.37,1.39,0.11,87.71,29.46,25.06,0.0,68.88
1966-06,248.84,1.91,0.11,88.54,28.63,24.35,0.0,79.06
1966-07,241.46,2.2,0.14,87.67,28.6,24.34,0.0,78.06
1966-08,327.48,3.55,0.41,88.15,28.66,24.36,0.0,104.59
1966-09,258.57,2.06,0.21,87.01,28.93,24.41,0.0,92.52
1966-10,369.64,3.94,0.24,89.88,28.02,23.9,0.0,101.04
1966-11,321.23,2.96,0.23,89.92,27.92,23.84,0.0,101.02
1966-12,325.92,2.89,0.31,90.08,27.55,23.61,0.0,99.06
1967-01,268.98,2.55,0.55,87.62,27.56,23.51,0.0,113.46
1967-02,230.54,3.16,0.55,84.72,27.89,23.73,0.01,103.11
1967-03,182.59,1.85,0.1,84.29,28.82,24.22,0.25,81.92
1967-04,229.85,1.53,0.07,86.08,29.58,24.67,0.05,72.3
1967-05,279.28,2.87,0.09,87.89,29.22,24.89,0.0,88.44
1967-06,199.21,1.83,0.29,85.77,29.36,24.91,0.01,96.62
1967-07,160.08,1.0,0.13,84.88,29.41,24.72,0.0,65.02
1967-08,148.92,0.39,0.01,83.8,29.76,24.89,0.0,46.43
1967-09,240.68,1.74,0.12,85.88,29.27,24.51,0.0,78.49
1967-10,255.99,1.67,0.05,87.22,28.81,24.21,0.0,74.96
1967-11,352.07,3.43,0.31,89.5,27.92,23.84,0.0,109.97
1967-12,220.76,2.11,0.23,86.65,27.58,23.67,0.0,80.88
1968-01,171.07,1.65,0.3,84.5,27.62,23.6,0.04,95.11
1968-02,80.35,0.56,0.0,78.07,29.14,24.16,0.38,43.43
1968-03,294.32,3.53,0.38,84.58,29.15,24.49,0.28,97.89
1968-04,213.51,1.67,0.11,84.6,29.66,24.83,0.12,78.17
1968-05,229.77,1.15,0.01,86.88,29.64,24.94,0.01,64.51
1968-06,227.34,1.69,0.08,86.62,29.51,24.91,0.0,70.37
1968-07,198.93,1.12,0.06,86.14,29.36,24.74,0.0,65.25
1968-08,150.49,0.46,0.02,84.88,29.66,25.01,0.02,51.36
1968-09,228.61,2.05,0.06,85.79,29.41,24.71,0.0,84.1
1968-10,325.46,2.96,0.19,88.48,28.72,24.27,0.0,102.54
1968-11,250.65,2.24,0.23,87.2,28.55,24.14,0.0,103.17
1968-12,320.72,3.55,0.12,88.56,28.11,23.96,0.0,94.93
1969-01,155.58,0.83,0.06,84.96,28.83,24.31,0.02,66.7
1969-02,133.58,0.63,0.12,82.5,29.43,24.6,0.24,51.47
1969-03,220.33,2.1,0.09,83.83,29.87,25.07,0.35,82.66
1969-04,220.74,1.57,0.12,85.01,30.1,25.45,0.22,69.21
1969-05,322.09,3.3,0.19,87.96,29.88,25.45,0.02,91.5
1969-06,232.07,1.62,0.21,87.21,29.5,25.16,0.0,84.88
1969-07,183.48,1.57,0.09,84.82,29.33,24.84,0.01,74.15
1969-08,291.89,3.01,0.18,86.59,29.05,24.43,0.01,93.75
1969-09,181.49,0.92,0.07,85.3,29.56,24.9,0.06,63.9
1969-10,297.42,2.44,0.15,87.09,29.38,24.56,0.01,84.88
1969-11,374.89,4.54,0.33,90.15,27.84,23.9,0.0,115.89
1969-12,303.84,2.56,0.28,88.81,27.87,23.95,0.0,100.15
1970-01,254.86,2.17,0.24,87.31,28.18,24.0,0.0,83.85
1970-02,126.38,1.2,0.14,82.83,29.12,24.57,0.3,69.9
1970-03,188.29,1.53,0.14,82.08,30.13,25.18,0.54,70.43
1970-04,271.76,2.26,0.09,87.04,29.77,25.14,0.21,78.46
1970-05,306.71,3.0,0.1,87.71,29.73,25.17,0.04,98.35
1970-06,233.84,2.04,0.21,86.74,29.5,25.14,0.01,90.11
1970-07,190.32,1.34,0.07,85.96,29.22,24.71,0.02,68.35
1970-08,218.9,1.59,0.06,85.98,29.39,24.73,0.03,71.23
1970-09,308.41,3.16,0.3,86.92,29.17,24.54,0.0,96.69
1970-10,300.84,3.08,0.18,87.62,29.03,24.58,0.01,95.01
1970-11,278.96,1.77,0.03,88.74,28.51,24.22,0.0,77.59
1970-12,310.37,3.21,0.62,88.17,28.18,24.03,0.0,130.81
1971-01,304.23,3.67,0.9,86.96,27.26,23.46,0.0,183.97
1971-02,272.59,2.92,0.31,86.44,27.88,23.58,0.04,98.62
1971-03,161.85,0.77,0.09,84.51,28.86,24.31,0.02,64.62
1971-04,122.77,0.48,0.0,82.21,30.05,25.12,0.43,50.08
1971-05,230.7,1.11,0.03,86.14,29.78,25.06,0.03,65.09
1971-06,159.85,0.58,0.01,85.18,29.55,24.86,0.02,54.0
1971-07,140.74,0.48,0.0,84.0,29.69,24.84,0.01,49.52
1971-08,316.48,3.49,0.26,87.17,28.7,24.12,0.0,96.63
1971-09,256.96,2.36,0.29,86.02,29.39,24.7,0.01,88.11
1971-10,252.71,2.1,0.1,86.1,29.07,24.53,0.03,81.61
1971-11,256.66,1.84,0.07,87.66,28.32,23.92,0.0,75.49
1971-12,320.97,2.69,0.17,89.18,27.62,23.62,0.0,95.67
1972-01,133.89,0.65,0.04,83.73,27.87,23.48,0.0,53.42
1972-02,181.34,1.35,0.09,84.83,28.79,24.2,0.02,71.02
1972-03,160.09,0.99,0.07,83.36,29.03,24.38,0.09,62.28
1972-04,231.43,1.34,0.04,86.05,29.56,24.82,0.0,70.35
1972-05,198.72,0.97,0.03,85.98,29.98,25.27,0.02,61.57
1972-06,190.83,1.52,0.27,85.64,29.6,25.15,0.0,86.36
1972-07,86.9,0.1,0.0,82.31,30.38,25.66,0.02,31.84
1972-08,220.21,1.2,0.0,84.76,29.86,24.95,0.06,62.09
1972-09,296.64,2.68,0.18,86.9,29.31,24.83,0.0,91.45
1972-10,266.1,2.13,0.05,86.35,29.69,24.87,0.02,78.21
1972-11,278.21,2.17,0.17,87.25,29.31,24.8,0.01,77.58
1972-12,257.31,1.98,0.16,88.3,28.26,24.3,0.0,84.04
1973-01,164.05,1.34,0.17,83.63,28.88,24.6,0.03,71.34
1973-02,121.3,1.0,0.07,80.41,30.05,25.3,0.43,51.9
1973-03,220.03,2.27,0.23,82.39,30.19,25.41,0.52,74.63
1973-04,283.44,2.9,0.25,86.25,30.1,25.51,0.07,95.55
1973-05,276.95,1.83,0.16,87.26,29.8,25.26,0.05,79.67
1973-06,244.39,2.17,0.35,86.15,29.92,25.42,0.07,85.62
1973-07,164.48,1.17,0.03,83.96,29.99,25.34,0.12,78.79
1973-08,223.51,2.0,0.14,85.04,29.56,24.94,0.04,82.95
1973-09,327.77,3.9,0.21,87.34,28.94,24.56,0.02,98.21
1973-10,279.51,2.5,0.1,87.05,29.38,24.86,0.01,86.67
1973-11,257.5,1.69,0.02,88.34,28.47,24.34,0.0,79.78
1973-12,317.57,3.3,0.5,88.67,27.47,23.64,0.0,106.65
1974-01,170.57,1.11,0.3,84.64,27.59,23.42,0.0,92.7
1974-02,245.27,2.18,0.18,87.05,27.96,23.73,0.0,86.23
1974-03,138.84,1.08,0.04,82.6,29.14,24.36,0.15,60.94
1974-04,232.07,1.91,0.09,86.14,29.44,24.89,0.02,81.2
1974-05,250.59,2.16,0.04,86.25,29.59,24.99,0.02,80.72
1974-06,186.26,0.98,0.01,85.41,29.53,24.94,0.02,60.73
1974-07,207.95,1.21,0.07,85.64,29.21,24.59,0.02,69.07
1974-08,157.13,0.66,0.0,84.17,29.96,25.17,0.11,55.85
1974-09,341.02,4.19,0.29,86.99,29.11,24.46,0.01,95.55
1974-10,220.41,1.49,0.07,86.26,29.19,24.66,0.07,72.21
1974-11,242.49,1.56,0.08,87.13,28.88,24.47,0.02,75.3
1974-12,236.17,1.82,0.14,86.6,28.56,24.16,0.0,76.56
1975-01,218.23,1.82,0.12,86.11,28.53,24.08,0.0,77.14
1975-02,193.97,1.95,0.27,84.25,28.9,24.31,0.02,93.7
1975-03,209.34,1.84,0.16,85.4,29.27,24.6,0.07,77.64
1975-04,200.36,1.42,0.03,84.95,30.06,25.36,0.12,70.87
1975-05,252.18,1.56,0.03,86.57,29.63,25.04,0.06,69.58
1975-06,143.03,0.51,0.02,85.04,29.45,24.97,0.06,47.71
1975-07,208.4,1.37,0.14,85.38,29.09,24.43,0.07,71.75
1975-08,171.44,1.09,0.02,83.88,29.98,25.11,0.04,68.94
1975-09,313.23,3.43,0.18,87.24,28.88,24.39,0.05,96.64
1975-10,229.69,1.96,0.14,85.22,29.34,24.64,0.24,77.39
1975-11,303.51,2.6,0.31,88.31,28.25,23.99,0.0,101.48
1975-12,287.53,2.55,0.37,88.07,27.77,23.77,0.0,98.16
1976-01,237.98,2.49,0.51,84.95,27.54,23.35,0.03,97.08
1976-02,134.53,0.8,0.11,81.56,29.0,24.15,0.16,51.79
1976-03,156.68,0.85,0.02,82.42,29.8,24.78,0.31,50.36
1976-04,226.67,1.33,0.04,84.47,29.91,24.98,0.16,74.46
1976-05,178.39,0.84,0.02,84.97,30.04,25.31,0.1,67.81
1976-06,184.71,1.1,0.02,85.49,29.47,24.76,0.0,61.84
1976-07,163.48,0.84,0.0,84.12,29.72,24.92,0.03,56.53
1976-08,243.8,2.62,0.23,84.95,29.51,24.69,0.24,96.11
1976-09,175.03,1.2,0.06,84.24,29.74,24.98,0.11,67.75
1976-10,323.15,2.98,0.12,87.86,29.11,24.59,0.0,93.29
1976-11,324.27,3.1,0.36,89.0,28.49,24.29,0.0,96.53
1976-12,214.73,1.34,0.05,87.25,28.38,24.22,0.0,72.13
1977-01,180.07,1.13,0.21,85.39,28.46,24.21,0.04,74.67
1977-02,311.71,4.13,0.76,86.46,27.91,23.95,0.06,115.69
1977-03,179.76,1.27,0.14,82.96,29.33,24.75,0.55,60.34
1977-04,173.41,1.07,0.05,83.38,30.29,25.5,0.84,57.39
1977-05,197.46,1.1,0.02,84.58,30.39,25.57,0.22,67.94
1977-06,184.98,0.9,0.01,85.68,29.85,25.13,0.05,59.75
1977-07,202.87,1.35,0.05,85.62,29.52,25.03,0.09,69.1
1977-08,201.18,1.39,0.06,85.18,29.44,24.84,0.06,65.09
1977-09,171.08,0.94,0.1,83.96,30.27,25.38,0.15,77.77
1977-10,349.96,3.52,0.22,88.19,29.06,24.69,0.04,98.18
1977-11,298.71,2.54,0.19,88.41,28.83,24.49,0.0,89.92
1977-12,237.39,2.06,0.14,86.65,28.86,24.59,0.02,77.89
1978-01,210.71,1.85,0.29,85.07,28.66,24.46,0.08,81.17
1978-02,144.29,0.96,0.14,82.82,29.4,24.87,0.6,59.85
1978-03,228.27,2.44,0.24,83.84,30.29,25.49,0.67,74.52
1978-04,191.67,1.04,0.03,84.47,30.41,25.44,0.24,61.71
1978-05,249.66,2.84,0.19,86.65,30.22,25.74,0.07,96.02
1978-06,175.98,0.94,0.02,84.44,30.21,25.45,0.22,55.56
1978-07,195.69,0.98,0.05,85.31,29.64,24.97,0.08,64.2
1978-08,139.0,0.3,0.0,83.61,30.18,25.37,0.18,41.33
1978-09,223.34,1.8,0.05,85.15,29.7,24.97,0.13,74.13
1978-10,262.28,2.02,0.1,86.03,29.62,24.96,0.14,86.0
1978-11,275.99,2.34,0.15,88.09,28.71,24.42,0.0,86.37
1978-12,264.44,2.29,0.43,86.83,28.71,24.5,0.0,100.84
1979-01,122.62,0.6,0.05,83.32,29.06,24.57,0.33,54.46
1979-02,175.45,1.57,0.17,83.22,29.92,25.09,0.39,76.32
1979-03,194.94,1.51,0.21,83.28,30.22,25.33,0.97,71.72
1979-04,235.06,1.59,0.1,85.85,30.59,25.6,0.13,75.46
1979-05,158.44,0.68,0.01,84.19,30.74,25.97,0.33,57.34
1979-06,238.26,2.04,0.15,86.62,30.01,25.52,0.06,85.69
1979-07,186.2,1.25,0.06,85.38,29.79,25.22,0.03,65.69
1979-08,157.78,1.15,0.09,82.52,30.64,25.69,0.28,69.94
1979-09,304.76,3.04,0.09,87.16,29.75,24.86,0.04,89.85
1979-10,293.32,2.67,0.1,87.01,29.79,24.99,0.15,91.65
1979-11,409.89,5.08,0.5,90.02,28.83,24.5,0.0,126.83
1979-12,213.64,1.53,0.08,86.03,28.87,24.3,0.0,70.04
1980-01,211.65,1.88,0.09,85.25,28.87,24.5,0.19,67.06
1980-02,157.02,1.05,0.06,83.19,29.6,24.85,0.37,61.0
1980-03,187.09,1.35,0.06,83.99,30.23,25.15,0.09,64.26
1980-04,259.62,2.19,0.15,86.48,30.27,25.51,0.09,82.68
1980-05,218.43,1.61,0.05,86.67,30.45,25.88,0.04,66.53
1980-06,193.93,1.13,0.0,86.39,29.9,25.54,0.06,66.56
1980-07,174.36,1.14,0.07,84.64,30.18,25.44,0.11,64.79
1980-08,222.8,1.54,0.05,86.26,29.35,24.82,0.02,69.75
1980-09,194.65,1.17,0.04,84.73,30.24,25.36,0.15,66.97
1980-10,291.96,2.58,0.11,87.56,29.58,25.04,0.03,87.89
1980-11,286.5,2.0,0.03,88.55,29.07,24.73,0.0,82.47
1980-12,304.73,3.11,0.33,88.46,28.24,24.24,0.0,98.13
1981-01,223.72,2.64,0.51,85.01,27.98,23.95,0.02,103.95
1981-02,185.71,1.22,0.07,85.28,29.26,24.63,0.12,65.67
1981-03,173.78,1.33,0.17,82.95,30.16,25.26,0.34,67.11
1981-04,240.24,1.84,0.16,86.48,30.18,25.49,0.09,85.93
1981-05,267.63,1.81,0.13,86.87,30.36,25.68,0.08,78.03
1981-06,109.36,0.32,0.0,83.68,30.55,25.78,0.28,48.12
1981-07,201.08,1.5,0.14,84.11,30.07,25.27,0.38,78.13
1981-08,88.17,0.37,0.0,79.63,31.17,25.93,0.82,60.68
1981-09,283.68,3.48,0.29,86.48,29.51,24.97,0.05,100.86
1981-10,269.53,2.26,0.11,86.23,29.69,25.05,0.05,83.2
1981-11,292.88,2.66,0.15,87.92,29.07,24.64,0.01,95.93
1981-12,222.54,1.58,0.19,86.26,28.25,24.26,0.01,90.18
1982-01,210.0,1.85,0.21,83.59,28.49,24.27,0.13,76.45
1982-02,161.84,1.11,0.07,83.27,29.44,24.8,0.43,65.11
1982-03,190.04,1.28,0.15,83.25,30.12,25.2,0.38,75.06
1982-04,265.27,1.82,0.04,86.79,30.06,25.33,0.02,70.29
1982-05,238.68,1.31,0.05,87.02,30.07,25.5,0.05,74.13
1982-06,129.42,0.38,0.0,84.71,30.06,25.5,0.05,52.93
1982-07,131.25,0.48,0.02,83.87,29.85,25.16,0.05,46.09
1982-08,168.28,0.65,0.01,84.41,29.85,25.01,0.05,49.15
1982-09,182.31,1.11,0.1,84.01,30.16,25.18,0.21,66.59
1982-10,249.29,1.53,0.02,86.53,29.48,24.65,0.01,71.84
1982-11,231.91,1.2,0.13,86.31,29.73,24.96,0.02,72.05
1982-12,239.75,1.71,0.16,86.86,29.01,24.79,0.02,79.47
1983-01,170.68,1.54,0.07,83.74,29.25,24.98,0.14,66.93
1983-02,93.73,0.39,0.07,80.21,30.76,25.7,0.96,38.11
1983-03,87.06,0.16,0.01,78.96,31.67,26.37,2.49,31.98
1983-04,142.86,1.02,0.24,78.52,32.16,26.81,3.93,71.12
1983-05,238.94,1.46,0.04,86.06,30.63,25.97,0.19,69.52
1983-06,190.57,1.15,0.08,85.77,30.3,25.74,0.08,67.08
1983-07,237.9,1.42,0.04,87.11,29.73,25.24,0.02,68.49
1983-08,232.17,1.69,0.14,86.14,30.04,25.39,0.07,75.42
1983-09,307.53,3.21,0.12,87.46,29.48,24.98,0.04,93.15
1983-10,228.23,1.58,0.09,86.3,29.72,25.15,0.03,74.36
1983-11,241.43,1.57,0.05,87.3,28.94,24.61,0.0,82.12
1983-12,408.44,4.86,1.03,89.28,27.82,24.02,0.0,149.78
1984-01,310.17,3.1,0.12,88.41,27.86,23.88,0.0,109.91
1984-02,343.65,3.83,0.62,88.79,27.86,23.94,0.0,128.76
1984-03,278.15,2.17,0.19,87.29,29.16,24.71,0.01,82.86
1984-04,303.91,2.73,0.19,87.52,29.68,25.12,0.03,94.1
1984-05,314.67,2.61,0.1,88.07,29.59,25.08,0.0,81.65
1984-06,182.27,1.02,0.01,86.24,29.75,25.19,0.02,66.31
1984-07,266.3,2.2,0.09,87.26,29.06,24.57,0.01,88.97
1984-08,151.71,0.49,0.0,84.38,30.11,25.28,0.04,47.8
1984-09,263.19,1.71,0.06,86.34,29.37,24.56,0.0,78.97
1984-10,265.26,1.94,0.03,87.22,29.1,24.61,0.03,78.02
1984-11,270.79,2.07,0.13,87.53,29.06,24.57,0.0,77.03
1984-12,299.78,2.7,0.08,88.22,28.34,24.18,0.0,90.6
1985-01,160.95,0.99,0.01,83.79,28.79,24.3,0.01,75.32
1985-02,221.41,2.04,0.26,85.71,29.68,25.0,0.03,87.3
1985-03,273.47,2.64,0.2,86.86,29.4,24.81,0.0,81.82
1985-04,219.78,1.14,0.05,86.37,29.97,25.3,0.04,69.28
1985-05,280.17,1.97,0.06,87.47,29.87,25.38,0.01,77.4
1985-06,91.56,0.3,0.0,81.66,30.55,25.64,0.29,43.72
1985-07,195.33,0.91,0.04,84.5,29.41,24.59,0.06,65.79
1985-08,208.91,1.34,0.04,84.68,30.01,24.97,0.03,63.61
1985-09,267.18,2.25,0.09,86.28,29.35,24.66,0.01,86.17
1985-10,313.61,2.52,0.06,87.99,29.1,24.62,0.0,88.4
1985-11,299.48,2.21,0.07,88.24,29.06,24.59,0.0,82.12
1985-12,253.34,1.88,0.08,87.57,28.65,24.24,0.0,83.62
1986-01,330.59,4.52,0.71,87.56,27.55,23.95,0.02,133.57
1986-02,153.1,1.26,0.06,83.01,29.09,24.46,0.17,60.22
1986-03,310.32,3.66,0.2,86.33,29.01,24.65,0.06,101.49
1986-04,247.15,1.74,0.04,86.19,30.06,25.35,0.03,70.33
1986-05,157.36,0.55,0.04,84.65,30.56,25.86,0.13,57.57
1986-06,174.97,0.96,0.05,85.64,29.98,25.41,0.02,64.2
1986-07,141.36,0.52,0.03,83.42,30.11,25.28,0.15,49.72
1986-08,131.97,0.58,0.02,82.11,30.48,25.57,0.33,56.34
1986-09,289.49,2.66,0.11,86.38,29.7,24.91,0.02,91.37
1986-10,347.13,3.02,0.22,88.12,29.38,24.79,0.0,96.75
1986-11,322.91,3.2,0.37,88.57,28.67,24.41,0.0,112.74
1986-12,202.07,1.12,0.04,86.13,28.73,24.53,0.0,77.14
1987-01,231.63,2.55,0.13,85.76,28.15,24.18,0.12,79.72
1987-02,94.17,0.51,0.05,80.97,29.45,24.76,0.65,42.83
1987-03,208.37,1.65,0.07,83.41,30.41,25.53,0.19,74.94
1987-04,192.02,1.31,0.06,83.51,30.77,25.95,0.39,72.92
1987-05,255.66,1.67,0.04,86.39,30.27,25.65,0.04,80.41
1987-06,173.49,1.01,0.02,85.44,30.55,26.01,0.03,69.52
1987-07,132.34,0.41,0.0,83.33,30.29,25.57,0.07,53.84
1987-08,269.33,2.25,0.02,86.69,29.81,25.2,0.01,80.87
1987-09,232.67,1.87,0.08,85.62,30.12,25.42,0.0,82.63
1987-10,330.4,2.67,0.17,87.52,29.91,25.25,0.0,92.64
1987-11,310.88,3.29,0.27,87.55,29.59,25.24,0.0,108.42
1987-12,390.71,4.78,1.0,88.65,28.45,24.67,0.0,154.39
1988-01,259.24,2.82,0.32,85.66,29.23,25.02,0.08,87.06
1988-02,216.4,1.77,0.05,85.73,29.57,25.06,0.11,78.34
1988-03,297.05,3.74,0.49,85.55,30.12,25.68,0.2,114.97
1988-04,238.66,1.88,0.13,84.88,30.76,25.99,0.11,83.61
1988-05,260.57,2.24,0.1,86.84,30.33,25.94,0.02,86.62
1988-06,177.74,0.85,0.02,85.43,30.33,25.55,0.04,63.52
1988-07,219.96,1.38,0.1,86.26,29.65,25.18,0.0,72.72
1988-08,357.19,4.47,0.36,87.38,29.44,24.95,0.01,105.49
1988-09,307.81,3.06,0.16,87.14,29.57,25.06,0.0,87.34
1988-10,201.1,1.16,0.01,85.28,29.85,25.22,0.03,63.76
1988-11,431.85,4.94,1.06,89.42,28.42,24.48,0.0,161.81
1988-12,220.25,1.81,0.38,86.45,27.93,23.92,0.0,138.59
1989-01,238.57,2.04,0.17,86.37,28.65,24.54,0.05,79.37
1989-02,189.4,1.86,0.17,83.01,29.01,24.47,0.32,70.59
1989-03,252.96,1.83,0.06,86.06,29.22,24.61,0.1,80.83
1989-04,231.64,1.77,0.09,85.94,29.81,25.14,0.06,84.68
1989-05,246.91,1.14,0.0,86.79,30.03,25.48,0.0,69.41
1989-06,187.67,0.81,0.0,85.28,29.79,25.26,0.03,58.37
1989-07,187.91,0.82,0.01,84.95,29.92,25.28,0.04,59.24
1989-08,192.8,1.04,0.04,85.05,29.87,25.14,0.02,64.21
1989-09,268.99,2.52,0.11,86.14,29.67,24.9,0.0,84.13
1989-10,303.48,2.26,0.04,87.23,29.4,24.89,0.0,80.57
1989-11,283.04,2.34,0.17,87.83,29.07,24.79,0.0,89.77
1989-12,198.68,1.61,0.11,85.42,28.73,24.54,0.0,73.42
1990-01,226.76,2.32,0.35,85.68,28.51,24.38,0.07,91.3
1990-02,138.13,0.86,0.1,82.85,29.87,25.27,0.32,55.17
1990-03,175.38,1.54,0.08,81.76,30.29,25.44,0.69,60.41
1990-04,220.65,1.99,0.12,84.92,30.61,25.94,0.06,76.52
1990-05,222.94,1.33,0.04,86.11,30.43,25.9,0.04,72.41
1990-06,135.62,0.49,0.01,83.72,30.61,25.95,0.11,52.41
1990-07,185.73,0.96,0.03,83.84,30.0,25.19,0.04,58.33
1990-08,123.55,0.59,0.0,81.5,30.54,25.71,0.39,54.54
1990-09,276.18,2.79,0.19,85.58,29.64,24.99,0.05,96.99
1990-10,304.15,2.7,0.22,86.57,29.76,25.11,0.0,93.66
1990-11,249.41,2.41,0.11,86.96,29.17,24.92,0.01,95.26
1990-12,266.74,2.92,0.48,86.04,28.69,24.58,0.0,98.69
1991-01,270.48,3.44,0.39,85.46,28.7,24.62,0.02,113.71
1991-02,163.72,1.35,0.08,83.52,29.45,24.91,0.3,76.76
1991-03,190.98,1.48,0.12,82.41,30.23,25.44,0.32,75.14
1991-04,275.82,2.67,0.22,85.39,30.26,25.58,0.07,94.35
1991-05,311.42,2.56,0.04,87.9,29.67,25.41,0.0,90.03
1991-06,189.06,2.29,0.24,84.77,30.31,25.95,0.03,111.2
1991-07,143.5,0.62,0.01,83.85,30.28,25.57,0.05,57.72
1991-08,172.36,0.6,0.01,84.33,30.33,25.46,0.06,51.01
1991-09,215.63,1.33,0.05,85.62,29.91,25.2,0.0,70.49
1991-10,269.82,2.12,0.04,86.3,29.44,24.74,0.0,80.1
1991-11,319.75,2.68,0.09,88.58,28.51,24.39,0.0,85.79
1991-12,381.82,4.74,0.79,88.72,28.04,24.3,0.0,133.81
1992-01,128.74,0.5,0.02,84.6,28.59,24.36,0.0,49.24
1992-02,161.36,0.96,0.18,83.6,29.56,24.94,0.03,60.89
1992-03,136.96,0.7,0.06,81.81,30.44,25.65,0.36,57.36
1992-04,173.98,0.91,0.06,82.98,30.84,26.04,0.58,61.87
1992-05,251.49,1.83,0.11,86.34,30.18,25.66,0.13,75.58
1992-06,197.65,1.65,0.09,85.45,29.98,25.61,0.03,78.64
1992-07,231.56,1.5,0.15,85.27,29.68,25.03,0.0,78.07
1992-08,145.84,0.49,0.01,83.26,30.4,25.55,0.09,47.23
1992-09,219.98,1.28,0.08,83.83,30.17,25.19,0.14,76.41
1992-10,277.5,2.13,0.02,86.88,29.15,24.72,0.02,75.96
1992-11,305.91,2.86,0.18,88.05,28.23,24.28,0.0,89.34
1992-12,284.21,2.65,0.29,87.81,28.0,24.16,0.0,96.98
1993-01,197.0,1.86,0.32,84.53,28.44,24.26,0.0,95.52
1993-02,126.86,0.71,0.03,83.1,29.0,24.55,0.12,53.37
1993-03,224.65,1.78,0.16,84.03,29.38,24.91,0.07,80.55
1993-04,202.15,1.19,0.04,84.73,30.12,25.55,0.05,67.92
1993-05,258.44,1.89,0.11,86.24,30.13,25.71,0.04,81.05
1993-06,191.71,1.08,0.11,84.83,30.36,25.8,0.12,71.54
1993-07,216.49,1.39,0.08,85.93,29.64,25.25,0.0,79.16
1993-08,169.61,0.63,0.03,84.52,30.03,25.29,0.06,55.64
1993-09,260.88,1.88,0.05,85.94,29.64,24.93,0.0,73.66
1993-10,320.04,2.55,0.08,87.68,29.23,24.79,0.01,86.94
1993-11,325.11,3.33,0.26,87.75,29.19,24.92,0.0,105.49
1993-12,388.13,4.13,1.1,88.07,28.54,24.71,0.0,174.76
1994-01,234.44,2.43,0.48,84.31,28.82,24.75,0.01,92.34
1994-02,197.16,1.93,0.26,83.97,29.7,25.09,0.11,91.72
1994-03,330.46,3.66,0.25,86.78,29.14,24.88,0.05,98.88
1994-04,242.85,1.58,0.02,86.05,30.13,25.53,0.01,74.44
1994-05,237.2,1.13,0.02,86.27,30.15,25.69,0.01,69.06
1994-06,216.96,1.73,0.08,85.85,29.9,25.44,0.01,70.37
1994-07,89.51,0.19,0.0,81.88,30.34,25.72,0.05,47.12
1994-08,232.11,1.83,0.1,84.66,29.8,25.12,0.09,71.76
1994-09,190.27,1.01,0.0,84.92,29.88,25.31,0.01,63.88
1994-10,274.5,1.95,0.18,85.94,29.63,24.92,0.02,89.79
1994-11,342.77,3.84,0.31,87.73,29.01,24.81,0.0,95.7
1994-12,230.91,2.27,0.13,85.75,28.97,24.87,0.0,85.15
1995-01,211.44,1.94,0.25,85.06,28.76,24.8,0.05,75.43
1995-02,245.11,2.64,0.37,84.77,29.09,24.83,0.2,88.78
1995-03,231.65,2.13,0.25,83.86,29.87,25.34,0.28,77.96
1995-04,238.8,1.89,0.14,85.01,30.24,25.71,0.11,75.51
1995-05,227.91,1.76,0.25,84.83,30.51,25.98,0.07,86.66
1995-06,219.0,1.2,0.02,86.09,30.23,25.79,0.04,67.46
1995-07,256.19,2.64,0.4,85.27,29.66,25.28,0.01,85.74
1995-08,383.12,4.7,0.56,87.35,29.36,25.11,0.0,120.2
1995-09,233.71,2.07,0.04,85.46,29.73,25.35,0.0,74.46
1995-10,299.64,2.59,0.06,86.51,29.81,25.24,0.02,83.91
1995-11,353.77,4.3,0.29,88.36,28.98,24.88,0.0,109.46
1995-12,291.6,3.14,0.41,87.33,28.41,24.44,0.0,105.36
1996-01,307.52,3.55,0.5,86.3,27.96,24.03,0.03,114.31
1996-02,272.29,3.64,0.51,85.76,28.23,24.33,0.11,122.77
1996-03,203.73,1.97,0.16,82.83,30.12,25.46,0.34,76.23
1996-04,276.38,2.67,0.2,85.12,30.33,25.67,0.08,92.15
1996-05,188.43,0.69,0.04,85.1,30.52,25.94,0.02,61.57
1996-06,253.57,2.08,0.09,86.49,29.93,25.54,0.01,80.83
1996-07,179.02,1.71,0.15,83.45,30.28,25.71,0.04,80.7
1996-08,280.22,2.76,0.17,85.18,29.8,25.21,0.03,92.31
1996-09,208.73,1.92,0.12,83.83,30.21,25.55,0.07,80.73
1996-10,345.86,4.18,0.3,86.93,29.33,25.0,0.0,98.09
1996-11,243.48,1.88,0.06,86.39,29.33,24.89,0.01,78.87
1996-12,335.44,4.03,0.62,87.53,28.27,24.24,0.0,122.46
1997-01,143.89,1.18,0.14,81.94,28.95,24.49,0.05,66.1
1997-02,260.54,3.13,0.25,85.66,28.9,24.62,0.02,97.28
1997-03,151.49,0.65,0.04,82.78,30.09,25.39,0.12,68.39
1997-04,231.4,1.62,0.09,85.6,30.05,25.45,0.03,77.99
1997-05,170.21,1.25,0.09,83.88,30.56,26.0,0.2,73.66
1997-06,152.81,0.48,0.01,83.05,30.77,25.8,0.26,56.55
1997-07,189.36,1.55,0.12,84.61,29.97,25.49,0.02,84.47
1997-08,161.72,0.61,0.01,83.13,30.58,25.85,0.08,56.2
1997-09,235.16,1.56,0.1,85.69,29.94,25.33,0.04,77.72
1997-10,300.96,2.37,0.04,86.59,29.79,25.14,0.02,83.27
1997-11,286.69,2.41,0.09,87.07,29.8,25.13,0.0,85.46
1997-12,244.0,2.08,0.22,85.87,29.43,25.18,0.0,84.85
1998-01,140.84,0.63,0.05,83.1,30.03,25.72,0.14,57.02
1998-02,89.91,0.4,0.03,78.51,31.34,26.47,1.84,38.16
1998-03,141.59,0.87,0.1,77.59,31.96,26.93,3.14,52.46
1998-04,165.43,1.21,0.07,77.61,32.56,27.39,5.43,52.49
1998-05,206.69,1.38,0.09,82.07,32.02,27.26,2.17,71.4
1998-06,249.02,2.14,0.2,84.79,30.66,26.15,0.32,80.49
1998-07,279.05,2.3,0.14,85.53,30.13,25.66,0.07,78.86
1998-08,337.94,3.53,0.23,86.54,29.85,25.36,0.01,94.24
1998-09,282.85,2.89,0.1,85.06,30.21,25.66,0.02,82.99
1998-10,297.69,3.09,0.26,85.37,30.08,25.65,0.15,99.04
1998-11,300.54,3.14,0.17,87.14,29.43,25.18,0.0,97.24
1998-12,302.61,3.02,0.26,87.96,28.75,24.71,0.0,98.85
1999-01,312.87,3.74,0.39,87.09,28.74,24.79,0.0,121.76
1999-02,215.66,2.11,0.28,84.74,29.09,24.87,0.01,92.15
1999-03,308.06,3.31,0.19,86.04,29.75,25.23,0.03,91.2
1999-04,229.05,1.71,0.04,84.75,30.37,25.75,0.03,73.3
1999-05,302.72,2.43,0.04,86.39,29.84,25.37,0.0,81.45
1999-06,176.98,1.26,0.02,83.76,30.1,25.54,0.02,58.1
1999-07,149.71,0.76,0.02,83.14,29.94,25.39,0.06,62.83
1999-08,253.91,2.55,0.19,84.35,29.89,25.18,0.03,94.08
1999-09,245.39,2.19,0.19,84.17,30.12,25.26,0.03,88.53
1999-10,366.84,4.48,0.34,87.22,29.32,24.91,0.0,104.18
1999-11,230.88,1.46,0.07,86.17,29.46,24.98,0.0,76.43
1999-12,332.41,3.63,0.56,87.7,28.51,24.58,0.0,118.61
2000-01,300.77,3.57,0.4,86.37,28.55,24.44,0.0,103.12
2000-02,271.01,3.17,0.35,85.71,29.14,24.82,0.04,94.66
2000-03,254.65,2.35,0.13,85.02,29.89,25.22,0.01,91.2
2000-04,284.55,2.43,0.18,85.99,30.06,25.45,0.0,83.08
2000-05,156.05,0.45,0.0,83.86,30.8,26.12,0.08,58.16
2000-06,223.49,1.79,0.1,85.91,29.6,25.26,0.02,75.79
2000-07,134.57,0.72,0.0,82.03,30.5,25.81,0.13,65.12
2000-08,196.34,1.42,0.1,83.72,29.95,25.35,0.07,75.31
2000-09,288.28,2.8,0.2,84.54,30.24,25.39,0.11,98.3
2000-10,264.33,2.31,0.21,85.25,29.94,25.33,0.14,105.02
2000-11,335.15,3.62,0.43,87.28,29.45,25.15,0.0,118.19
2000-12,257.16,2.47,0.23,86.31,29.32,25.09,0.0,98.64
2001-01,342.91,3.91,0.62,87.06,28.82,24.65,0.0,121.15
2001-02,222.88,2.24,0.43,85.12,29.08,24.86,0.06,99.2
2001-03,287.16,2.77,0.18,85.14,30.02,25.33,0.09,87.65
2001-04,287.02,2.52,0.13,86.17,30.26,25.71,0.02,85.53
2001-05,197.62,0.9,0.03,85.04,30.73,26.1,0.02,61.54
2001-06,175.81,0.78,0.01,84.35,30.08,25.55,0.03,62.37
2001-07,174.83,1.13,0.13,81.58,30.71,25.82,0.14,72.68
2001-08,150.87,0.78,0.0,82.58,30.54,25.88,0.18,61.83
2001-09,303.45,2.95,0.32,84.63,30.27,25.41,0.1,93.01
2001-10,304.65,2.92,0.11,86.68,29.72,25.3,0.07,92.67
2001-11,273.27,2.44,0.12,87.37,29.07,24.96,0.0,89.56
2001-12,274.8,2.95,0.73,85.58,28.89,24.76,0.0,116.89
2002-01,202.35,1.86,0.31,84.12,28.86,24.76,0.12,90.66
2002-02,140.82,1.17,0.1,80.12,29.78,25.11,0.71,55.89
2002-03,181.56,1.43,0.17,80.6,30.62,25.78,1.38,67.56
2002-04,209.84,1.63,0.1,82.76,30.88,26.05,0.28,73.27
2002-05,190.36,1.5,0.07,83.4,31.03,26.32,0.23,79.47
2002-06,179.93,1.37,0.16,83.48,30.47,25.91,0.25,78.0
2002-07,112.56,0.38,0.04,80.59,31.02,26.18,0.31,47.57
2002-08,163.87,1.21,0.05,80.31,30.54,25.64,0.29,62.23
2002-09,210.26,1.48,0.11,83.24,30.33,25.44,0.11,70.56
2002-10,255.17,1.89,0.09,84.46,30.24,25.42,0.14,77.23
2002-11,286.54,2.53,0.23,85.9,29.89,25.32,0.02,96.91
2002-12,200.48,1.32,0.02,84.34,30.1,25.57,0.03,63.15
2003-01,263.08,2.73,0.54,84.23,29.15,25.01,0.06,111.82
2003-02,126.74,0.72,0.02,82.25,29.61,25.19,0.35,62.39
2003-03,232.53,2.22,0.17,82.57,30.43,25.65,1.04,83.44
2003-04,183.55,1.02,0.06,83.29,30.76,25.99,0.44,61.51
2003-05,151.98,1.26,0.1,81.53,31.1,26.53,0.87,72.15
2003-06,198.94,1.44,0.11,81.78,30.87,25.97,0.83,70.48
2003-07,186.04,1.42,0.04,83.69,30.05,25.47,0.14,67.35
2003-08,204.99,1.74,0.07,83.33,30.47,25.74,0.2,79.27
2003-09,194.31,1.38,0.08,83.01,30.34,25.56,0.09,68.07
2003-10,290.87,2.95,0.21,85.94,29.65,25.17,0.02,98.1
2003-11,264.64,2.1,0.23,86.41,29.65,25.22,0.0,91.45
2003-12,305.37,3.98,0.55,86.84,28.38,24.62,0.0,120.62
2004-01,231.12,2.3,0.32,84.36,29.32,25.09,0.1,93.53
2004-02,110.03,0.64,0.02,81.78,29.66,25.21,0.48,54.43
2004-03,205.73,1.78,0.27,83.53,30.25,25.66,0.3,86.03
2004-04,174.44,1.31,0.07,82.41,31.06,26.27,1.15,65.05
2004-05,190.34,1.75,0.14,82.81,30.84,26.26,0.74,79.81
2004-06,87.29,0.42,0.03,79.83,30.97,26.18,0.67,42.76
2004-07,234.5,1.91,0.07,84.18,29.7,25.19,0.13,73.19
2004-08,93.94,0.46,0.0,79.97,30.77,25.97,0.26,45.07
2004-09,304.37,3.52,0.37,84.03,30.1,25.18,0.31,93.53
2004-10,215.32,1.69,0.07,84.33,29.86,25.29,0.01,89.01
2004-11,240.79,1.85,0.17,84.95,29.81,25.29,0.05,80.78
2004-12,285.03,3.26,0.54,85.59,28.94,24.83,0.01,117.64
2005-01,130.91,1.13,0.2,81.08,29.12,24.78,0.43,65.96
2005-02,113.75,0.59,0.08,78.98,30.62,25.81,1.83,45.76
2005-03,190.6,1.94,0.2,79.89,30.65,25.89,1.36,86.62
2005-04,171.27,1.29,0.13,82.22,30.85,26.16,0.82,78.24
2005-05,239.9,1.8,0.16,84.43,30.58,26.07,0.62,76.77
2005-06,182.53,1.16,0.06,83.13,30.77,26.14,0.52,57.79
2005-07,158.07,1.08,0.06,81.72,30.64,25.92,0.56,64.37
2005-08,174.25,1.44,0.15,80.49,31.1,26.19,1.14,76.78
2005-09,185.28,1.37,0.15,81.11,31.09,26.09,0.99,66.3
2005-10,320.4,3.28,0.23,85.57,29.88,25.4,0.07,91.59
2005-11,295.6,2.33,0.4,86.78,29.34,25.04,0.0,104.85
2005-12,324.35,2.97,0.6,87.5,28.66,24.76,0.0,104.42
2006-01,241.11,2.43,0.4,85.29,29.11,24.91,0.01,99.4
2006-02,267.74,2.91,0.46,85.43,29.49,25.2,0.09,112.45
2006-03,192.63,1.68,0.11,83.3,30.25,25.58,0.54,76.36
2006-04,275.54,2.52,0.18,85.78,30.36,25.59,0.06,81.16
2006-05,297.21,2.61,0.33,86.47,30.16,25.61,0.02,91.81
2006-06,226.4,1.55,0.04,85.77,29.92,25.53,0.04,72.16
2006-07,174.7,0.6,0.0,84.17,30.59,25.95,0.05,51.96
2006-08,182.32,1.46,0.06,83.11,30.42,25.68,0.15,75.57
2006-09,250.66,2.06,0.25,85.85,29.7,25.23,0.01,93.48
2006-10,262.92,1.87,0.11,86.23,29.76,25.28,0.0,80.09
2006-11,278.5,2.04,0.09,86.29,30.01,25.28,0.02,79.05
2006-12,307.27,3.3,0.5,86.18,29.53,25.3,0.01,107.07
2007-01,373.97,4.82,0.81,87.12,28.48,24.78,0.0,152.63
2007-02,196.74,1.96,0.25,83.85,29.57,25.15,0.06,72.75
2007-03,217.45,2.2,0.12,83.01,30.44,25.66,0.35,83.21
2007-04,272.89,2.47,0.19,84.75,30.53,25.9,0.07,85.46
2007-05,283.61,2.16,0.1,85.58,30.73,26.05,0.01,81.67
2007-06,279.55,2.34,0.35,86.05,30.21,25.81,0.0,92.58
2007-07,239.39,2.27,0.25,84.7,30.05,25.58,0.06,97.21
2007-08,214.54,1.56,0.09,83.74,30.19,25.53,0.05,88.61
2007-09,256.2,2.72,0.33,85.26,30.0,25.44,0.01,100.59
2007-10,324.34,3.28,0.09,86.24,29.92,25.33,0.04,92.84
2007-11,283.95,2.22,0.12,87.12,29.14,24.86,0.0,86.28
2007-12,343.2,4.67,0.63,87.07,28.85,24.83,0.0,119.8
2008-01,253.62,1.94,0.31,85.31,29.34,24.97,0.07,94.69
2008-02,263.07,3.14,0.72,83.67,29.01,24.72,0.2,115.92
2008-03,372.51,4.38,0.4,86.75,29.4,24.89,0.01,112.95
2008-04,282.2,2.33,0.09,85.67,30.23,25.55,0.01,80.78
2008-05,194.04,0.86,0.01,84.39,30.5,25.78,0.0,65.04
2008-06,245.02,1.75,0.2,85.59,29.92,25.41,0.01,87.3
2008-07,279.68,2.95,0.33,85.93,29.57,25.18,0.0,92.82
2008-08,288.67,2.75,0.25,85.23,29.97,25.29,0.01,98.64
2008-09,250.07,2.74,0.21,84.79,30.06,25.42,0.01,102.28
2008-10,355.69,3.8,0.51,86.39,29.87,25.34,0.01,124.93
2008-11,374.35,4.3,0.55,87.65,29.45,25.19,0.0,117.23
2008-12,360.24,4.16,0.85,87.01,28.89,24.86,0.0,132.39
2009-01,356.26,4.7,1.02,86.18,28.35,24.45,0.0,166.87
2009-02,212.62,2.44,0.34,83.33,29.6,25.12,0.24,99.87
2009-03,311.27,2.96,0.23,85.67,29.89,25.21,0.0,92.92
2009-04,229.43,2.17,0.09,84.25,30.72,26.08,0.15,84.81
2009-05,205.18,1.26,0.07,83.96,30.89,26.22,0.2,72.55
2009-06,159.66,0.75,0.04,82.77,30.93,26.2,0.19,58.06
2009-07,145.19,0.56,0.01,82.28,30.46,25.81,0.15,57.5
2009-08,227.63,1.89,0.08,82.43,30.82,25.98,0.49,77.8
2009-09,172.61,0.94,0.03,83.27,30.81,26.03,0.19,65.92
2009-10,269.41,2.17,0.08,84.5,30.37,25.58,0.11,80.17
2009-11,357.84,4.27,0.63,87.08,29.42,25.23,0.0,133.04
2009-12,286.7,2.83,0.38,86.11,29.23,25.14,0.0,100.3
2010-01,266.59,2.79,0.54,85.65,29.17,25.08,0.02,122.31
2010-02,128.31,0.75,0.19,81.46,30.78,26.11,0.41,55.79
2010-03,199.44,1.77,0.23,81.17,31.14,26.38,1.2,75.52
2010-04,228.66,1.69,0.18,84.36,31.18,26.49,0.41,74.57
2010-05,250.38,2.08,0.19,84.76,31.44,26.78,0.43,79.13
2010-06,260.52,2.25,0.2,85.06,30.63,26.11,0.17,80.5
2010-07,304.38,3.21,0.36,86.31,29.76,25.47,0.0,100.86
2010-08,248.72,2.21,0.29,85.03,30.27,25.73,0.06,95.71
2010-09,306.97,3.45,0.25,85.58,30.1,25.52,0.05,98.85
2010-10,251.79,2.64,0.27,84.04,30.45,25.81,0.13,102.04
2010-11,336.38,3.32,0.31,86.8,29.72,25.29,0.0,105.38
2010-12,339.9,3.91,0.23,87.61,28.93,24.72,0.0,102.83
2011-01,365.44,4.7,0.63,87.24,28.46,24.54,0.0,127.1
2011-02,208.43,1.99,0.28,84.86,29.35,24.99,0.09,80.96
2011-03,372.63,4.53,0.6,87.01,29.17,24.99,0.05,133.07
2011-04,249.83,1.92,0.1,85.64,30.1,25.61,0.0,89.07
2011-05,230.19,1.23,0.12,85.74,30.6,26.05,0.1,82.99
2011-06,204.18,1.42,0.03,85.53,30.45,25.96,0.04,66.8
2011-07,136.03,0.69,0.04,84.15,30.53,25.87,0.05,59.61
2011-08,236.34,1.95,0.1,85.24,30.34,25.62,0.04,73.69
2011-09,216.95,1.73,0.09,84.65,30.36,25.7,0.02,74.41
2011-10,282.94,2.36,0.06,85.96,30.05,25.38,0.01,82.39
2011-11,303.86,2.7,0.09,87.24,29.59,25.3,0.0,102.27
2011-12,331.48,3.61,0.65,87.52,28.95,25.04,0.0,115.89
2012-01,269.78,2.92,0.26,86.24,29.19,25.0,0.0,93.76
2012-02,255.45,2.04,0.11,85.99,29.69,25.19,0.03,90.05
2012-03,312.92,3.69,0.39,86.15,29.77,25.32,0.0,106.97
2012-04,288.2,2.32,0.1,86.33,30.33,25.65,0.02,79.32
2012-05,203.89,1.04,0.04,85.14,30.73,26.08,0.02,61.59
2012-06,107.98,0.42,0.02,82.74,30.77,26.14,0.02,51.56
2012-07,244.14,1.99,0.1,86.14,29.85,25.42,0.02,75.64
2012-08,220.18,1.92,0.12,84.91,30.32,25.63,0.04,74.78
2012-09,212.29,1.73,0.06,85.14,30.22,25.6,0.02,70.05
2012-10,328.57,3.74,0.2,86.68,29.91,25.35,0.02,99.39
2012-11,361.86,4.06,0.3,88.11,29.73,25.36,0.0,106.13
2012-12,378.21,4.51,0.75,87.72,29.33,25.2,0.0,137.97
2013-01,229.92,2.58,0.36,86.11,29.18,25.16,0.0,100.42
2013-02,332.29,4.61,0.53,86.88,29.29,25.18,0.03,117.95
2013-03,187.46,1.25,0.1,84.23,30.69,26.08,0.19,56.95
2013-04,305.12,2.92,0.11,86.01,30.79,26.18,0.08,90.65
2013-05,263.37,2.2,0.08,85.94,30.76,26.19,0.04,79.56
2013-06,152.53,0.75,0.01,82.71,31.13,26.48,0.3,57.9
2013-07,177.92,1.29,0.12,83.76,30.14,25.67,0.06,68.36
2013-08,199.69,1.44,0.02,84.12,30.21,25.64,0.03,67.36
2013-09,250.55,2.76,0.16,85.07,30.09,25.56,0.05,94.76
2013-10,275.64,2.42,0.04,85.82,30.01,25.37,0.04,85.99
2013-11,335.84,3.62,0.39,87.53,29.56,25.25,0.0,113.97
2013-12,395.24,4.98,0.92,88.12,29.0,25.05,0.0,158.15
2014-01,236.29,3.17,0.35,84.9,28.04,24.18,0.01,103.6
2014-02,102.62,0.93,0.1,80.1,29.99,25.16,0.4,53.71
2014-03,167.69,1.33,0.07,80.53,30.77,25.84,1.13,68.1
2014-04,227.63,1.38,0.1,84.39,30.84,26.08,0.11,73.0
2014-05,265.23,1.84,0.02,85.94,30.78,26.21,0.13,72.56
2014-06,161.42,0.63,0.02,84.08,31.07,26.59,0.21,59.49
2014-07,139.59,0.57,0.0,82.86,30.94,26.29,0.33,49.75
2014-08,303.84,2.9,0.24,85.79,29.97,25.39,0.08,89.97
2014-09,212.5,1.29,0.03,84.39,30.42,25.7,0.01,64.87
2014-10,288.41,2.64,0.15,86.09,30.18,25.5,0.03,84.49
2014-11,364.71,4.08,0.25,87.8,29.77,25.33,0.0,103.1
2014-12,386.32,4.69,1.12,87.74,28.99,25.06,0.0,148.24
2015-01,288.87,3.35,0.47,86.07,28.63,24.67,0.0,111.16
2015-02,134.72,1.17,0.16,82.35,29.43,25.08,0.12,67.03
2015-03,165.72,1.18,0.11,80.9,30.68,25.87,1.05,63.74
2015-04,243.5,2.18,0.12,83.67,31.16,26.28,0.91,72.37
2015-05,229.82,1.21,0.04,85.31,31.03,26.37,0.24,66.56
2015-06,183.83,1.5,0.1,84.76,30.82,26.4,0.21,80.11
2015-07,171.87,1.19,0.05,82.53,31.08,26.37,0.46,66.98
2015-08,209.99,1.39,0.11,85.51,30.45,25.84,0.18,72.81
2015-09,203.71,1.34,0.06,85.4,30.56,25.98,0.19,69.37
2015-10,241.19,2.19,0.14,85.21,30.51,25.89,0.14,87.19
2015-11,395.13,4.9,0.43,88.39,29.9,25.51,0.0,108.69
2015-12,225.58,2.08,0.19,85.52,30.13,25.8,0.02,94.29
2016-01,166.49,1.03,0.13,83.38,30.64,26.25,0.38,62.76
2016-02,197.28,1.63,0.34,82.69,30.28,26.03,0.53,75.52
2016-03,153.25,0.98,0.16,79.7,31.63,26.9,3.62,51.42
2016-04,193.63,1.58,0.2,80.49,32.31,27.38,3.74,65.36
2016-05,279.41,2.52,0.26,84.37,31.54,26.97,1.28,87.58
2016-06,204.87,1.83,0.12,84.65,30.53,26.18,0.26,72.42
2016-07,250.32,2.57,0.13,84.65,30.65,26.01,0.54,92.38
2016-08,162.14,0.73,0.0,82.35,31.33,26.55,0.66,63.34
2016-09,254.68,2.51,0.1,84.75,30.66,25.94,0.28,78.44
2016-10,280.83,3.06,0.04,85.04,30.56,25.97,0.39,89.23
2016-11,337.36,3.2,0.16,87.95,29.96,25.66,0.0,103.52
2016-12,264.43,2.16,0.16,86.91,29.98,25.57,0.0,92.68
2017-01,288.03,3.02,0.35,86.65,29.69,25.44,0.0,110.85
2017-02,240.65,2.94,0.3,85.21,29.61,25.29,0.0,101.4
2017-03,273.32,2.73,0.24,85.43,30.11,25.65,0.14,100.36
2017-04,267.88,2.22,0.12,86.22,30.69,26.04,0.03,86.29
2017-05,305.61,2.28,0.1,86.82,30.93,26.45,0.02,80.32
2017-06,198.4,1.1,0.06,85.61,30.5,26.07,0.06,59.63
2017-07,161.9,0.69,0.01,84.19,30.67,26.16,0.08,58.94
2017-08,298.41,3.35,0.31,86.02,30.28,25.78,0.03,104.52
2017-09,297.34,3.5,0.24,86.15,30.38,25.84,0.05,99.5
2017-10,247.48,2.48,0.1,85.42,30.44,25.93,0.07,83.45
2017-11,376.29,4.58,0.48,87.98,29.88,25.58,0.0,126.51
2017-12,306.19,3.43,0.33,87.33,29.48,25.39,0.0,112.58
2018-01,381.21,4.41,0.66,88.51,28.98,24.84,0.0,131.01
2018-02,171.16,1.71,0.18,83.66,29.76,25.28,0.03,69.65
2018-03,212.52,1.75,0.14,83.92,30.58,25.87,0.23,72.48
2018-04,243.06,2.15,0.15,84.47,30.95,26.25,0.21,84.55
2018-05,295.73,2.45,0.11,86.14,30.95,26.27,0.19,87.24
2018-06,174.31,1.27,0.04,83.91,30.95,26.33,0.27,72.27
2018-07,148.72,0.97,0.04,83.14,30.84,26.32,0.29,59.99
2018-08,121.88,0.7,0.01,80.92,31.38,26.47,0.59,52.72
2018-09,254.16,2.61,0.09,84.9,30.32,25.58,0.05,81.11
2018-10,331.37,3.69,0.26,86.36,30.36,25.68,0.04,105.31
2018-11,295.54,2.67,0.3,86.62,30.31,25.77,0.01,98.29
2018-12,284.59,2.41,0.26,86.95,30.04,25.57,0.0,96.04
2019-01,204.4,1.82,0.32,83.96,30.0,25.67,0.01,78.88
2019-02,135.51,0.9,0.09,80.83,30.83,26.01,1.08,50.78
2019-03,147.8,1.41,0.07,79.45,31.68,26.42,2.12,62.49
2019-04,193.73,1.68,0.19,82.62,31.75,26.88,1.47,75.64
2019-05,206.6,1.18,0.02,83.64,31.74,26.88,1.38,69.03
2019-06,270.22,2.84,0.23,86.41,30.73,26.4,0.05,94.67
2019-07,151.1,0.68,0.05,84.03,30.78,26.09,0.16,53.16
2019-08,137.96,0.84,0.04,82.51,31.06,26.34,0.48,55.97
2019-09,151.05,1.03,0.06,82.3,31.46,26.42,0.61,70.74
2019-10,344.74,3.41,0.13,86.19,30.51,25.6,0.22,93.61
2019-11,273.59,2.16,0.17,86.0,30.41,25.75,0.06,94.22
2019-12,309.62,3.45,0.58,86.62,29.29,25.33,0.01,116.07
2020-01,184.44,1.6,0.15,83.5,30.32,25.98,0.54,72.4
2020-02,172.06,1.87,0.32,82.38,30.31,25.91,0.49,72.87
2020-03,211.32,2.42,0.3,82.59,31.31,26.51,1.5,79.92
2020-04,251.92,2.85,0.2,83.74,31.55,26.68,1.06,87.91
2020-05,282.41,2.84,0.22,86.11,31.54,26.91,0.61,84.86
2020-06,274.03,2.8,0.21,87.03,30.29,26.01,0.02,85.24
2020-07,308.66,3.04,0.24,87.06,30.15,25.7,0.02,87.44
2020-08,205.23,1.57,0.23,84.32,30.9,26.27,0.22,76.36
2020-09,337.83,4.24,0.58,86.45,30.31,25.7,0.14,114.68
2020-10,260.21,2.43,0.17,86.12,30.18,25.79,0.04,86.34
2020-11,380.02,4.47,0.42,88.1,29.79,25.47,0.01,122.51
2020-12,282.95,2.56,0.33,87.22,29.57,25.31,0.0,97.73
2021-01,325.57,4.17,0.61,87.24,28.51,24.74,0.0,136.65
2021-02,131.14,1.05,0.15,81.74,29.86,25.38,0.47,63.05
2021-03,268.22,2.87,0.37,83.38,30.6,25.8,0.63,104.87
2021-04,217.0,1.39,0.11,84.06,30.81,25.99,0.04,75.93
2021-05,290.19,2.97,0.19,86.01,30.73,26.3,0.11,93.4
2021-06,218.21,1.68,0.03,84.91,30.55,26.0,0.06,67.98
2021-07,181.47,1.82,0.22,83.65,30.75,26.2,0.09,87.42
2021-08,334.33,3.75,0.39,85.73,30.21,25.62,0.06,109.36
2021-09,297.2,3.7,0.42,85.5,30.1,25.62,0.05,98.06
2021-10,258.17,2.71,0.31,84.36,30.85,26.15,0.41,95.53
2021-11,350.71,4.36,0.64,86.86,29.99,25.52,0.02,121.53
2021-12,290.82,3.14,0.7,85.91,29.52,25.42,0.0,122.97
2022-01,250.38,2.77,0.54,84.34,29.59,25.25,0.17,106.77
2022-02,290.71,3.59,0.8,85.1,29.82,25.33,0.12,129.44
2022-03,289.96,3.23,0.41,85.34,30.51,25.82,0.12,101.7
2022-04,255.06,2.21,0.08,85.48,30.59,25.92,0.11,83.77
2022-05,247.16,2.29,0.13,84.54,30.98,26.48,0.16,80.45
2022-06,280.9,2.12,0.2,85.75,30.29,25.77,0.04,83.3
2022-07,186.97,1.3,0.11,83.9,30.59,26.09,0.31,72.33
2022-08,299.9,3.41,0.45,84.85,30.44,25.83,0.13,99.88
2022-09,270.02,2.98,0.3,85.02,30.01,25.55,0.04,87.22
2022-10,376.88,4.76,0.54,86.85,29.84,25.48,0.03,123.52
2022-11,333.48,3.53,0.35,87.42,29.8,25.37,0.0,107.43
2022-12,362.27,5.03,0.85,87.13,28.8,24.82,0.0,140.27
2023-01,286.25,2.81,0.44,86.29,29.1,24.94,0.0,108.36
2023-02,234.54,2.57,0.48,85.09,29.43,25.18,0.02,105.88
2023-03,242.24,2.69,0.24,83.75,30.05,25.55,0.21,100.27
2023-04,176.23,1.09,0.04,82.52,31.46,26.53,1.18,65.0
2023-05,188.68,1.27,0.07,82.29,31.89,27.11,1.87,65.45
2023-06,194.0,1.26,0.06,83.1,31.32,26.64,0.85,75.65
2023-07,206.46,2.14,0.16,83.31,30.93,26.43,0.42,78.23
2023-08,280.89,3.19,0.26,84.52,30.92,26.29,0.21,90.51
2023-09,312.89,3.82,0.44,85.18,30.76,26.14,0.03,114.13
2023-10,330.32,3.7,0.47,84.76,31.26,26.31,0.12,103.3
2023-11,347.05,4.01,0.43,86.88,30.41,25.95,0.05,108.2
2023-12,367.98,4.4,0.86,87.11,30.14,25.97,0.0,132.44
