Month,pr,rx5day,rx1day,r20mm,r50mm,hurs,tasmin,cdd
1950-01,26.12,16.52,9.36,0.36,0.03,54.02,11.7,22.87
1950-02,32.82,23.39,12.31,0.3,0.03,51.17,11.52,20.58
1950-03,76.44,38.71,19.05,0.74,0.03,57.22,15.25,15.56
1950-04,27.66,16.98,7.83,0.23,0.02,41.02,19.6,19.73
1950-05,70.18,42.97,18.65,0.66,0.15,47.42,23.49,18.35
1950-06,135.93,64.23,26.8,1.74,0.31,60.28,24.28,12.54
1950-07,350.83,147.16,64.54,4.89,1.04,79.81,22.95,8.18
1950-08,240.99,114.13,48.74,2.89,0.61,80.25,22.39,6.6
1950-09,157.7,76.35,30.79,1.43,0.2,80.25,21.22,6.58
1950-10,137.58,56.5,22.38,1.19,0.06,77.57,18.22,10.64
1950-11,89.68,60.83,28.5,1.18,0.32,72.17,14.01,15.47
1950-12,53.53,29.41,15.02,0.47,0.04,71.94,12.03,17.62
1951-01,52.08,25.87,14.51,0.46,0.05,69.67,10.87,14.05
1951-02,19.17,16.95,8.01,0.21,0.01,56.23,11.95,21.23
1951-03,75.72,38.36,18.41,0.79,0.04,55.73,15.94,26.41
1951-04,62.78,32.58,14.47,0.56,0.07,54.13,18.52,13.6
1951-05,87.96,43.96,17.57,0.83,0.05,53.17,22.56,14.64
1951-06,154.93,72.69,29.18,1.99,0.42,63.63,23.7,9.7
1951-07,243.87,104.3,45.79,3.06,0.6,74.19,23.29,8.26
1951-08,231.9,101.38,45.82,2.48,0.51,81.42,22.79,4.37
1951-09,140.39,72.78,31.68,1.41,0.18,75.83,21.74,10.3
1951-10,101.73,58.31,24.1,0.97,0.11,72.49,19.9,12.08
1951-11,53.16,30.69,16.06,0.41,0.04,67.71,15.62,16.29
1951-12,11.15,10.62,4.32,0.07,0.01,57.69,11.06,25.09
1952-01,32.09,25.53,12.39,0.35,0.01,61.35,11.63,20.39
1952-02,51.59,29.42,15.87,0.6,0.02,59.42,12.88,20.53
1952-03,55.67,27.98,15.28,0.55,0.05,52.61,15.02,16.95
1952-04,72.65,37.32,16.94,0.72,0.06,53.99,19.89,15.76
1952-05,92.4,44.82,17.93,0.86,0.04,56.21,22.65,11.07
1952-06,187.93,86.36,36.99,2.38,0.47,67.91,23.36,9.55
1952-07,281.13,122.7,52.84,3.59,0.71,78.27,23.11,4.52
1952-08,253.18,97.15,40.35,2.77,0.42,82.81,22.46,3.48
1952-09,106.71,45.89,17.77,0.88,0.08,73.99,21.56,12.19
1952-10,71.87,47.0,22.72,0.76,0.16,62.86,18.86,18.2
1952-11,15.26,13.64,6.48,0.15,0.04,50.75,14.45,26.26
1952-12,49.86,25.56,14.56,0.47,0.02,59.32,11.47,22.87
1953-01,69.02,34.94,19.86,0.76,0.07,64.37,9.78,12.97
1953-02,47.15,25.44,14.54,0.29,0.02,64.06,12.97,15.67
1953-03,55.05,27.03,12.79,0.55,0.04,51.89,17.21,17.49
1953-04,64.43,32.72,14.11,0.57,0.04,50.96,19.13,16.08
1953-05,85.65,36.23,15.01,0.83,0.09,54.71,22.37,11.12
1953-06,186.97,94.28,42.54,2.3,0.4,65.96,23.41,8.59
1953-07,308.73,126.28,55.34,4.17,0.91,80.31,22.63,4.38
1953-08,303.37,126.45,57.09,3.51,0.75,83.97,22.26,2.14
1953-09,186.22,79.55,32.75,1.46,0.24,83.23,21.11,4.52
1953-10,92.83,47.2,16.06,0.38,0.01,77.53,18.05,10.43
1953-11,15.22,10.8,5.15,0.07,0.0,62.8,13.63,21.9
1953-12,23.26,22.46,10.16,0.29,0.01,57.9,12.52,29.13
1954-01,32.77,22.46,11.61,0.37,0.02,56.38,10.92,18.9
1954-02,38.21,22.96,12.5,0.46,0.01,54.72,14.67,19.85
1954-03,19.39,13.08,6.58,0.12,0.01,39.38,17.65,25.62
1954-04,25.72,14.52,5.74,0.22,0.02,34.9,21.88,24.35
1954-05,55.57,27.6,10.03,0.58,0.06,41.56,24.63,19.65
1954-06,169.22,75.34,31.83,2.04,0.46,62.7,24.75,12.74
1954-07,329.33,126.82,55.39,4.27,0.91,80.73,23.17,4.12
1954-08,249.66,115.27,46.62,3.19,0.64,79.73,22.89,7.0
1954-09,238.45,102.07,49.71,2.85,0.59,81.29,22.03,5.62
1954-10,73.6,56.3,24.17,0.85,0.17,68.08,17.56,17.45
1954-11,5.18,3.08,1.34,0.01,0.0,50.89,13.95,27.72
1954-12,17.81,13.73,7.48,0.13,0.02,47.29,11.49,28.66
1955-01,24.78,16.29,7.67,0.18,0.0,50.71,11.95,21.27
1955-02,6.01,6.46,3.04,0.03,0.0,39.77,13.75,24.29
1955-03,20.19,12.11,5.66,0.25,0.03,33.3,18.58,28.78
1955-04,28.6,20.69,8.57,0.28,0.04,31.86,20.17,25.33
1955-05,65.82,41.62,21.09,0.74,0.2,42.92,23.71,19.1
1955-06,191.69,99.94,39.8,2.77,0.47,60.88,24.6,16.9
1955-07,233.58,99.98,39.93,3.07,0.49,75.12,23.39,6.76
1955-08,309.29,116.0,46.06,3.48,0.49,84.35,22.49,4.35
1955-09,238.4,99.81,42.84,2.63,0.36,84.08,21.81,3.68
1955-10,142.23,82.33,41.07,1.52,0.36,75.95,18.75,11.5
1955-11,31.58,25.9,12.66,0.39,0.09,60.66,13.64,23.79
1955-12,9.75,8.99,3.94,0.09,0.03,54.51,11.39,29.2
1956-01,15.25,13.53,6.55,0.08,0.0,50.32,11.45,24.06
1956-02,10.38,9.07,4.53,0.1,0.0,35.45,12.53,26.71
1956-03,20.24,11.08,4.94,0.25,0.02,34.71,18.04,28.07
1956-04,25.77,17.57,8.34,0.3,0.06,32.78,21.94,26.31
1956-05,91.81,52.9,21.27,1.23,0.18,46.81,24.77,22.33
1956-06,208.28,117.42,45.08,2.95,0.67,65.97,24.13,12.3
1956-07,350.74,144.67,61.64,4.49,0.85,83.17,22.46,2.44
1956-08,269.06,114.08,46.1,3.45,0.54,82.88,22.33,4.64
1956-09,166.93,81.66,35.6,1.87,0.24,78.28,21.82,9.71
1956-10,157.05,87.81,39.15,1.71,0.32,78.31,18.73,13.0
1956-11,37.4,32.45,11.32,0.26,0.02,65.94,14.2,21.46
1956-12,14.29,9.09,4.88,0.06,0.0,59.25,11.59,26.32
1957-01,31.73,20.24,12.91,0.42,0.04,57.26,11.6,20.43
1957-02,9.39,8.16,3.55,0.07,0.0,39.03,12.21,25.31
1957-03,18.85,11.56,7.33,0.12,0.01,39.29,16.64,26.09
1957-04,20.78,11.23,5.01,0.22,0.03,34.96,21.57,24.62
1957-05,62.99,35.12,15.23,0.76,0.24,39.65,24.4,24.0
1957-06,141.22,80.3,33.3,1.93,0.28,56.07,24.85,15.31
1957-07,301.97,123.86,55.09,4.5,0.84,77.42,23.33,6.24
1957-08,293.97,119.24,54.58,4.13,0.73,81.14,22.81,4.59
1957-09,124.18,76.31,32.64,1.55,0.25,72.61,21.59,12.55
1957-10,61.77,36.17,15.32,0.53,0.04,62.01,18.91,20.4
1957-11,29.43,18.12,8.78,0.26,0.03,58.58,14.85,24.03
1957-12,16.5,11.19,6.13,0.17,0.01,60.33,12.17,27.1
1958-01,17.7,12.85,7.4,0.11,0.0,56.88,12.02,24.01
1958-02,13.34,9.15,4.95,0.1,0.0,45.97,13.05,23.85
1958-03,14.45,10.14,5.06,0.11,0.01,38.18,17.45,26.34
1958-04,38.88,19.4,9.25,0.35,0.06,41.16,22.12,22.42
1958-05,61.73,27.89,12.33,0.65,0.19,42.78,23.95,19.49
1958-06,144.12,79.89,27.24,1.8,0.38,55.09,25.08,19.36
1958-07,370.42,155.32,65.66,5.63,1.28,80.91,23.36,4.42
1958-08,317.92,124.09,50.34,4.21,0.75,82.01,23.0,4.27
1958-09,217.04,104.14,44.36,2.61,0.42,81.39,22.3,4.87
1958-10,98.59,60.6,27.52,1.0,0.16,73.11,19.29,12.22
1958-11,38.53,28.33,14.15,0.32,0.08,60.65,15.08,23.51
1958-12,11.96,7.09,4.57,0.1,0.02,58.68,11.96,27.45
1959-01,26.77,17.64,10.54,0.29,0.01,60.53,11.86,20.94
1959-02,19.84,10.85,5.91,0.23,0.03,50.95,13.31,22.97
1959-03,20.27,11.1,5.84,0.28,0.02,37.43,17.57,28.52
1959-04,29.53,18.99,8.23,0.3,0.03,40.14,21.98,24.84
1959-05,78.78,43.19,18.31,0.99,0.18,44.55,24.57,22.51
1959-06,177.45,94.87,42.84,2.24,0.61,62.12,24.73,11.72
1959-07,357.92,138.77,64.88,5.27,1.13,80.02,23.24,3.62
1959-08,292.0,127.35,56.65,3.9,0.76,81.72,23.02,3.95
1959-09,233.45,110.94,45.59,2.73,0.49,81.17,22.36,5.71
1959-10,112.73,68.73,34.32,1.05,0.29,73.3,20.0,11.89
1959-11,23.81,16.19,9.47,0.24,0.03,61.24,14.86,24.16
1959-12,7.18,5.45,2.61,0.03,0.0,56.02,11.86,28.11
1960-01,13.25,9.07,4.99,0.1,0.01,55.52,11.2,23.85
1960-02,4.72,4.3,1.67,0.02,0.0,41.4,14.03,27.75
1960-03,31.75,16.25,9.94,0.31,0.01,45.53,17.23,25.94
1960-04,22.17,11.44,5.92,0.15,0.01,36.24,21.28,24.18
1960-05,59.11,28.66,13.08,0.69,0.13,42.21,24.2,22.01
1960-06,156.51,87.99,34.67,1.92,0.32,61.07,24.81,15.28
1960-07,329.53,134.44,59.51,4.72,1.13,79.29,23.51,5.23
1960-08,285.92,118.25,48.91,3.83,0.79,80.71,23.25,5.08
1960-09,151.29,67.79,27.67,1.54,0.22,75.49,22.53,9.56
1960-10,66.67,48.76,21.21,0.68,0.11,63.17,19.18,20.31
1960-11,32.95,16.92,6.2,0.33,0.02,54.22,14.41,24.35
1960-12,14.97,14.93,7.96,0.15,0.03,54.94,12.52,28.35
1961-01,23.76,22.69,8.87,0.25,0.01,57.93,11.49,24.98
1961-02,29.03,23.76,11.56,0.36,0.02,52.84,11.93,21.95
1961-03,22.79,12.99,5.5,0.24,0.03,42.43,17.57,27.65
1961-04,31.83,16.03,7.01,0.25,0.02,43.13,21.14,21.05
1961-05,75.79,38.11,19.05,0.85,0.21,49.11,24.05,17.92
1961-06,193.26,104.03,43.4,2.5,0.54,66.83,24.07,12.77
1961-07,315.31,130.19,58.26,4.09,1.07,80.72,23.39,3.59
1961-08,276.93,109.98,50.39,3.44,0.56,82.45,23.28,3.18
1961-09,218.2,91.42,40.92,2.38,0.47,81.32,22.45,4.97
1961-10,110.27,66.02,28.0,1.12,0.15,71.8,18.82,14.2
1961-11,18.07,13.66,5.66,0.08,0.0,63.38,13.68,22.9
1961-12,10.9,8.64,4.85,0.08,0.0,60.06,9.62,27.92
1962-01,15.85,12.15,8.31,0.16,0.0,55.44,9.06,23.94
1962-02,18.83,11.55,6.51,0.09,0.0,55.68,13.09,19.83
1962-03,15.62,12.6,7.53,0.15,0.03,45.44,16.58,25.35
1962-04,43.01,25.34,10.54,0.35,0.03,46.02,21.14,22.14
1962-05,73.31,34.89,15.46,0.8,0.16,49.04,23.59,16.48
1962-06,118.45,57.63,24.81,1.43,0.31,60.02,24.45,13.92
1962-07,313.81,126.05,56.19,4.48,0.96,77.3,23.63,7.77
1962-08,284.06,108.19,46.07,3.72,0.6,80.69,22.99,4.54
1962-09,204.38,95.63,48.79,2.29,0.43,79.34,21.89,6.76
1962-10,76.04,38.63,16.99,0.81,0.08,64.23,17.92,19.96
1962-11,21.6,19.7,7.88,0.14,0.0,58.58,13.9,25.49
1962-12,30.82,26.78,14.15,0.36,0.04,64.62,11.41,26.44
1963-01,8.6,6.52,4.16,0.07,0.0,49.6,10.49,23.99
1963-02,9.46,7.34,3.81,0.06,0.0,42.5,14.02,27.0
1963-03,28.43,17.21,8.96,0.29,0.05,40.35,17.46,24.8
1963-04,41.57,19.58,7.88,0.32,0.05,43.83,21.2,18.66
1963-05,60.37,24.96,10.75,0.56,0.05,46.71,24.02,16.83
1963-06,186.2,79.95,31.31,2.58,0.46,64.18,24.39,13.41
1963-07,279.12,120.02,50.89,3.96,0.86,75.01,23.81,6.9
1963-08,307.88,105.21,47.42,3.93,0.57,82.69,23.08,2.83
1963-09,151.39,77.07,36.09,1.65,0.29,75.64,21.82,10.66
1963-10,98.23,58.09,29.09,1.1,0.21,67.09,19.74,16.84
1963-11,30.23,18.96,9.68,0.21,0.02,63.51,16.28,23.86
1963-12,17.93,14.21,7.41,0.2,0.03,56.17,12.21,25.7
1964-01,14.95,10.03,4.66,0.17,0.02,50.24,10.46,25.65
1964-02,12.41,7.85,4.47,0.09,0.0,43.99,13.21,25.13
1964-03,13.7,8.27,4.33,0.11,0.0,35.72,17.79,27.12
1964-04,36.69,18.3,7.69,0.43,0.07,38.2,21.75,22.93
1964-05,52.26,30.08,12.67,0.51,0.11,43.47,23.3,21.8
1964-06,182.34,93.64,36.42,2.59,0.51,58.94,24.43,16.95
1964-07,368.35,136.38,58.55,5.33,1.04,81.61,22.92,3.68
1964-08,321.03,128.83,54.79,4.31,0.76,83.17,22.78,3.74
1964-09,212.17,89.71,43.4,2.39,0.37,80.33,21.75,5.79
1964-10,80.89,44.42,15.67,0.57,0.07,68.16,18.86,15.18
1964-11,26.62,17.06,8.03,0.16,0.03,55.31,13.91,21.45
1964-12,14.04,10.9,5.71,0.16,0.02,52.35,11.04,28.44
1965-01,9.47,8.2,4.22,0.04,0.0,53.45,11.87,24.84
1965-02,19.63,11.83,6.29,0.23,0.02,45.83,12.82,24.77
1965-03,29.35,20.16,9.49,0.26,0.0,40.77,15.91,25.24
1965-04,39.35,24.8,11.13,0.29,0.02,44.4,19.98,18.27
1965-05,52.79,23.66,10.79,0.62,0.06,43.09,23.08,19.65
1965-06,164.93,78.74,31.72,2.26,0.54,57.03,24.34,18.23
1965-07,334.3,138.6,65.02,5.04,1.22,76.18,23.06,9.94
1965-08,237.05,104.54,42.91,3.13,0.41,79.27,22.42,6.65
1965-09,134.53,73.27,30.47,1.63,0.22,74.22,21.51,11.51
1965-10,46.17,26.27,11.07,0.37,0.02,62.55,19.2,17.96
1965-11,17.1,11.22,4.76,0.1,0.01,53.32,15.44,26.22
1965-12,25.17,19.18,9.67,0.29,0.07,51.37,11.61,26.68
1966-01,19.94,18.9,9.22,0.14,0.01,54.41,11.26,19.97
1966-02,16.44,11.38,6.22,0.19,0.01,46.26,14.12,23.45
1966-03,16.65,9.31,5.37,0.16,0.01,35.87,16.53,27.04
1966-04,35.12,21.86,7.29,0.28,0.02,38.95,20.85,23.26
1966-05,60.11,40.99,20.55,0.81,0.18,42.51,23.43,22.67
1966-06,226.56,104.72,42.73,3.13,0.7,64.82,24.01,16.38
1966-07,320.91,141.84,58.95,4.57,0.95,76.97,23.51,6.93
1966-08,243.93,109.36,42.62,2.77,0.45,81.09,22.88,6.61
1966-09,170.58,97.72,40.5,2.11,0.32,77.68,21.23,9.68
1966-10,65.68,34.74,15.01,0.66,0.06,61.98,18.54,17.82
1966-11,69.85,44.85,25.12,0.9,0.19,60.17,15.8,22.99
1966-12,18.7,21.17,8.6,0.15,0.02,54.92,10.98,26.91
1967-01,13.67,10.7,5.8,0.09,0.01,51.82,9.75,24.29
1967-02,11.34,6.87,2.87,0.14,0.01,41.31,13.02,25.99
1967-03,68.49,42.77,21.38,0.73,0.05,51.33,16.14,27.37
1967-04,38.87,22.44,9.88,0.29,0.03,44.02,20.04,20.71
1967-05,53.82,27.45,12.85,0.59,0.1,43.94,23.16,17.71
1967-06,188.29,97.28,37.94,2.45,0.47,60.67,24.23,19.49
1967-07,330.45,135.32,58.12,4.74,0.98,78.89,23.58,4.64
1967-08,326.7,127.24,54.95,4.43,0.84,82.23,22.96,2.43
1967-09,188.16,98.62,40.17,2.23,0.36,77.22,22.13,7.8
1967-10,52.91,32.25,13.85,0.48,0.06,61.99,18.41,20.66
1967-11,17.0,17.51,5.58,0.15,0.01,56.77,14.28,26.39
1967-12,55.77,33.62,17.86,0.57,0.04,71.48,13.39,22.73
1968-01,31.08,20.46,11.73,0.32,0.01,62.73,10.56,18.72
1968-02,23.07,16.43,9.06,0.21,0.01,53.98,12.44,23.36
1968-03,29.25,20.82,10.21,0.26,0.01,46.86,16.88,20.42
1968-04,44.24,22.53,9.72,0.32,0.03,44.61,20.67,22.55
1968-05,60.2,29.21,11.06,0.66,0.19,44.13,23.4,19.86
1968-06,183.85,88.73,35.96,2.53,0.51,62.13,24.44,14.03
1968-07,360.67,148.88,64.05,5.16,1.11,78.57,23.46,6.2
1968-08,222.6,105.8,47.94,2.82,0.54,76.84,23.14,8.13
1968-09,158.15,76.25,30.97,1.6,0.27,72.08,22.68,14.18
1968-10,80.26,54.25,24.89,0.77,0.16,64.01,18.52,18.56
1968-11,23.42,16.72,8.64,0.2,0.03,56.86,14.34,23.8
1968-12,14.11,9.56,5.28,0.12,0.01,55.49,11.3,27.79
1969-01,13.5,7.53,5.0,0.14,0.01,51.79,10.47,24.19
1969-02,12.21,7.9,4.34,0.12,0.01,46.86,13.61,25.15
1969-03,17.83,11.17,5.64,0.15,0.0,42.15,18.68,27.96
1969-04,43.34,26.73,9.94,0.51,0.05,41.76,21.75,21.56
1969-05,69.05,42.24,18.32,0.76,0.12,49.77,23.82,17.5
1969-06,121.4,57.67,22.91,1.37,0.21,60.76,24.9,13.93
1969-07,303.76,122.58,50.91,4.46,0.81,77.7,23.72,6.78
1969-08,226.27,106.03,45.98,2.57,0.57,79.31,23.12,7.03
1969-09,156.27,80.53,36.06,1.83,0.24,75.49,22.1,10.63
1969-10,58.92,27.81,12.98,0.64,0.05,62.04,19.25,21.0
1969-11,41.29,28.06,16.54,0.43,0.07,61.7,16.23,22.41
1969-12,18.58,13.43,6.78,0.2,0.04,57.51,11.74,26.25
1970-01,23.24,14.56,9.79,0.19,0.01,59.97,11.43,18.06
1970-02,22.88,17.99,9.89,0.2,0.02,55.11,13.58,23.75
1970-03,28.92,20.33,8.94,0.22,0.02,48.66,17.46,20.7
1970-04,33.93,16.83,8.18,0.26,0.03,43.52,21.85,22.42
1970-05,75.52,41.7,16.93,0.71,0.09,50.09,24.63,19.63
1970-06,215.15,98.19,41.45,2.67,0.45,71.02,23.99,6.56
1970-07,251.2,107.26,44.65,3.52,0.58,76.6,23.71,6.47
1970-08,308.28,113.99,48.66,3.95,0.58,82.93,23.34,4.26
1970-09,199.61,104.11,42.56,2.18,0.42,80.02,22.51,6.38
1970-10,62.33,34.88,14.84,0.54,0.08,65.87,19.47,19.0
1970-11,15.75,9.44,4.69,0.16,0.02,54.15,13.43,26.09
1970-12,3.57,2.31,1.4,0.02,0.0,52.8,9.99,29.6
1971-01,19.78,13.62,7.16,0.11,0.0,58.05,10.61,22.03
1971-02,22.08,15.12,8.18,0.19,0.02,50.78,12.78,23.13
1971-03,15.66,16.67,7.16,0.13,0.01,42.57,16.57,26.65
1971-04,57.36,29.61,12.95,0.57,0.03,49.6,21.46,23.56
1971-05,81.12,44.14,17.64,0.59,0.04,54.92,23.23,15.64
1971-06,242.23,115.5,47.19,3.45,0.67,72.25,23.74,8.16
1971-07,278.63,110.71,49.41,3.82,0.75,77.95,23.21,5.38
1971-08,264.51,108.75,44.9,3.4,0.49,80.52,22.88,5.32
1971-09,147.69,81.92,33.81,1.52,0.23,73.99,22.03,11.93
1971-10,94.91,56.27,25.85,0.95,0.16,69.63,19.26,12.97
1971-11,14.02,15.94,5.61,0.13,0.03,57.73,13.76,25.94
1971-12,11.36,6.87,3.7,0.11,0.01,55.21,10.88,29.38
1972-01,12.55,7.89,4.34,0.1,0.0,54.83,10.61,26.24
1972-02,25.15,17.39,8.99,0.24,0.01,51.65,11.61,23.5
1972-03,18.91,9.87,4.71,0.22,0.01,43.22,17.5,27.29
1972-04,38.05,18.17,8.8,0.39,0.06,43.83,20.81,22.94
1972-05,56.61,33.91,15.44,0.7,0.17,44.51,23.97,21.53
1972-06,136.77,83.51,33.67,1.66,0.4,57.17,25.03,19.91
1972-07,201.31,107.22,44.85,2.63,0.54,72.89,24.0,10.17
1972-08,252.74,105.62,45.04,3.5,0.59,76.91,23.13,10.98
1972-09,127.78,72.9,35.12,1.27,0.33,70.4,21.73,11.96
1972-10,60.3,34.68,15.82,0.49,0.02,62.26,19.05,19.16
1972-11,31.38,25.03,13.24,0.27,0.02,60.54,14.89,22.95
1972-12,25.91,18.95,9.08,0.29,0.06,60.61,12.87,23.75
1973-01,23.58,12.47,7.25,0.26,0.02,55.09,11.38,23.23
1973-02,21.98,18.08,9.08,0.22,0.03,52.43,14.45,22.99
1973-03,22.3,15.84,7.28,0.2,0.03,42.54,17.42,25.32
1973-04,31.01,16.06,6.94,0.35,0.07,40.27,22.63,25.31
1973-05,58.22,26.88,12.39,0.59,0.11,48.24,24.78,21.56
1973-06,180.85,82.09,33.23,2.35,0.43,64.29,24.82,14.21
1973-07,306.37,130.02,55.17,4.32,0.96,77.86,23.72,7.1
1973-08,314.4,122.71,51.53,4.23,0.68,82.9,23.01,4.05
1973-09,177.29,84.11,32.45,1.72,0.27,79.28,22.39,7.31
1973-10,101.84,56.2,26.63,1.07,0.16,69.56,19.26,14.51
1973-11,18.4,12.92,5.49,0.15,0.03,59.71,14.16,22.94
1973-12,19.42,13.72,9.67,0.21,0.04,61.14,11.06,27.05
1974-01,11.12,5.39,2.91,0.12,0.0,53.2,9.97,26.23
1974-02,11.49,7.71,4.51,0.11,0.0,47.14,12.25,25.4
1974-03,22.95,15.02,6.77,0.23,0.02,42.44,17.87,28.05
1974-04,30.69,14.12,6.64,0.3,0.03,43.08,22.13,23.08
1974-05,64.49,31.59,13.76,0.58,0.12,48.99,23.87,21.68
1974-06,115.89,65.38,29.96,1.29,0.22,60.32,24.28,11.29
1974-07,275.56,105.69,43.63,3.74,0.68,76.76,23.56,5.22
1974-08,224.89,111.85,45.41,2.99,0.6,77.16,23.17,8.78
1974-09,114.2,49.07,20.82,0.81,0.08,72.36,22.33,13.24
1974-10,83.14,42.35,21.32,0.67,0.07,67.58,19.52,10.42
1974-11,13.14,10.93,4.87,0.12,0.0,52.86,13.68,25.35
1974-12,12.21,6.64,3.91,0.09,0.01,56.83,10.39,28.65
1975-01,19.82,11.95,7.06,0.14,0.01,56.44,10.02,21.41
1975-02,19.33,12.13,7.24,0.14,0.01,52.67,13.04,19.45
1975-03,25.18,13.96,8.1,0.27,0.02,42.67,16.78,22.63
1975-04,27.5,14.46,6.04,0.33,0.07,37.98,21.37,25.6
1975-05,57.39,29.37,12.57,0.56,0.12,45.67,24.37,22.24
1975-06,194.25,102.83,45.16,2.7,0.6,64.24,24.21,11.38
1975-07,304.89,127.19,54.71,4.07,0.74,79.97,23.11,3.71
1975-08,283.91,123.25,52.89,3.41,0.64,82.34,23.14,3.58
1975-09,221.68,95.8,43.41,2.22,0.36,82.11,22.06,4.93
1975-10,102.77,50.91,21.34,0.65,0.09,73.45,20.1,10.93
1975-11,22.92,17.69,8.05,0.26,0.05,58.15,12.95,25.49
1975-12,5.86,3.69,1.55,0.04,0.0,55.23,10.1,28.91
1976-01,11.62,7.65,4.19,0.08,0.0,57.56,10.65,24.48
1976-02,19.41,13.28,6.4,0.21,0.01,51.46,13.06,24.25
1976-03,21.43,12.17,5.54,0.2,0.01,44.0,17.24,27.36
1976-04,30.2,17.75,8.43,0.28,0.03,44.51,20.94,21.6
1976-05,43.02,28.89,9.73,0.38,0.05,47.41,23.63,19.96
1976-06,170.4,97.52,41.4,2.07,0.63,64.28,23.86,13.26
1976-07,302.78,123.21,55.92,4.13,0.73,78.26,23.55,6.21
1976-08,278.92,126.49,54.78,3.24,0.67,81.96,22.78,3.66
1976-09,128.34,77.78,31.64,1.1,0.2,75.95,21.64,11.15
1976-10,32.75,23.18,12.35,0.32,0.09,57.78,18.84,22.89
1976-11,60.44,36.96,19.95,0.68,0.11,64.1,16.68,22.96
1976-12,7.18,4.71,1.78,0.02,0.0,57.94,11.66,28.19
1977-01,18.26,12.75,6.84,0.16,0.01,54.45,10.43,22.6
1977-02,10.25,7.94,4.82,0.08,0.0,49.32,13.36,25.76
1977-03,12.44,9.71,3.89,0.08,0.01,41.77,18.23,27.05
1977-04,51.68,23.35,9.68,0.57,0.09,49.3,21.42,20.48
1977-05,65.06,32.56,14.61,0.58,0.09,53.69,23.07,15.74
1977-06,175.96,97.61,36.79,2.26,0.43,64.8,24.12,13.55
1977-07,295.27,116.46,51.48,3.68,0.7,81.0,23.58,3.81
1977-08,211.37,96.54,46.84,2.33,0.44,79.95,23.29,6.28
1977-09,118.67,69.97,28.29,0.94,0.15,76.3,22.24,10.3
1977-10,61.88,37.88,18.91,0.57,0.08,65.66,19.5,20.03
1977-11,57.73,36.22,21.97,0.58,0.14,66.63,16.96,22.38
1977-12,11.92,10.29,5.14,0.1,0.0,60.78,11.54,28.17
1978-01,11.89,8.33,5.16,0.11,0.0,57.79,10.25,24.22
1978-02,27.54,17.13,9.37,0.2,0.0,58.81,13.17,21.67
1978-03,27.8,15.64,9.4,0.28,0.02,49.56,16.39,21.31
1978-04,23.21,12.78,6.7,0.14,0.01,45.81,21.23,23.34
1978-05,52.28,25.98,10.83,0.59,0.12,47.68,24.82,21.67
1978-06,207.73,108.92,44.94,2.89,0.58,67.41,24.45,17.93
1978-07,275.47,106.42,47.69,3.25,0.53,81.63,23.42,2.95
1978-08,269.87,108.73,52.93,3.39,0.67,82.0,23.24,3.74
1978-09,139.42,73.79,31.24,1.32,0.25,77.01,22.13,9.89
1978-10,45.54,28.89,12.59,0.27,0.07,64.08,18.94,19.11
1978-11,39.0,30.19,14.04,0.37,0.05,63.61,15.72,22.68
1978-12,18.03,18.79,7.83,0.17,0.03,62.3,11.3,27.63
1979-01,20.13,13.57,7.75,0.17,0.0,61.78,11.58,21.59
1979-02,33.84,23.32,14.13,0.36,0.02,58.67,12.55,18.36
1979-03,23.38,15.77,6.25,0.31,0.04,44.11,15.93,26.34
1979-04,19.73,12.39,5.58,0.14,0.01,40.44,21.03,24.7
1979-05,46.58,33.35,19.62,0.47,0.1,45.6,23.24,22.86
1979-06,153.27,90.4,40.72,2.05,0.44,59.58,24.96,16.97
1979-07,226.56,105.03,42.52,2.86,0.49,75.44,24.08,6.87
1979-08,193.01,107.58,50.07,2.37,0.62,76.16,23.34,10.49
1979-09,119.98,53.32,22.57,1.09,0.11,70.78,21.79,11.29
1979-10,34.72,26.13,9.29,0.25,0.04,61.37,19.45,21.15
1979-11,78.13,43.51,23.23,0.84,0.1,65.42,16.87,21.12
1979-12,12.55,15.09,4.14,0.06,0.0,63.42,12.09,25.21
1980-01,8.62,6.09,2.87,0.04,0.0,57.33,10.88,27.25
1980-02,16.74,10.54,4.91,0.14,0.01,48.93,13.42,25.72
1980-03,26.22,15.19,8.64,0.25,0.01,44.57,16.97,24.32
1980-04,33.73,15.8,6.94,0.3,0.04,41.07,21.74,21.39
1980-05,61.94,34.92,12.28,0.69,0.12,45.5,24.37,21.22
1980-06,239.81,107.42,43.68,3.21,0.55,70.15,23.91,8.45
1980-07,290.43,113.63,50.76,3.63,0.61,79.62,23.42,3.65
1980-08,245.26,97.9,40.86,3.09,0.52,79.92,22.83,5.75
1980-09,133.07,63.23,29.12,1.38,0.22,73.71,22.04,10.11
1980-10,48.57,32.71,16.02,0.53,0.09,60.51,19.13,20.61
1980-11,23.43,16.78,7.98,0.26,0.03,57.69,14.98,26.12
1980-12,20.65,16.8,11.28,0.2,0.01,59.56,11.65,27.9
1981-01,28.25,17.64,11.05,0.22,0.01,61.63,10.68,15.44
1981-02,14.0,8.73,4.85,0.13,0.01,49.69,13.21,23.68
1981-03,36.28,19.07,10.71,0.28,0.01,50.33,16.71,25.69
1981-04,31.84,17.1,7.75,0.32,0.03,43.74,20.74,22.77
1981-05,61.09,28.54,12.12,0.55,0.05,50.33,23.42,18.54
1981-06,138.3,78.59,35.85,1.69,0.33,60.13,24.29,14.65
1981-07,267.0,105.08,46.2,3.36,0.53,79.23,23.26,4.06
1981-08,208.26,89.58,41.19,2.47,0.44,79.32,22.89,5.33
1981-09,161.18,66.33,30.22,1.47,0.17,77.07,22.23,8.26
1981-10,43.51,33.76,12.42,0.39,0.03,62.87,18.63,22.13
1981-11,26.57,25.81,13.19,0.3,0.05,61.46,13.59,25.06
1981-12,14.52,12.57,7.8,0.1,0.03,59.09,10.81,28.34
1982-01,24.89,15.64,8.87,0.19,0.01,64.37,11.91,21.01
1982-02,20.33,16.04,5.85,0.17,0.0,57.37,13.19,20.69
1982-03,29.04,18.91,8.88,0.3,0.01,50.73,16.25,21.74
1982-04,40.55,20.1,9.18,0.42,0.03,47.87,20.53,21.48
1982-05,51.38,31.58,14.49,0.4,0.06,51.25,22.85,16.38
1982-06,125.34,58.58,28.68,1.45,0.32,62.19,24.16,14.76
1982-07,219.65,96.6,42.56,2.5,0.51,72.91,24.03,10.89
1982-08,261.1,101.69,44.11,3.16,0.57,80.71,23.34,4.13
1982-09,103.13,61.5,27.38,1.09,0.17,71.44,21.9,12.53
1982-10,45.77,31.57,16.28,0.36,0.07,63.92,19.37,19.99
1982-11,46.46,36.8,19.9,0.49,0.1,66.45,15.35,19.14
1982-12,13.72,8.51,5.51,0.12,0.01,59.86,11.8,27.98
1983-01,17.15,13.53,7.6,0.19,0.02,58.25,10.37,25.05
1983-02,19.83,12.81,6.26,0.16,0.0,54.14,12.66,22.79
1983-03,27.91,13.1,6.98,0.38,0.06,44.33,16.66,25.5
1983-04,56.1,38.51,17.06,0.77,0.13,47.64,20.16,24.17
1983-05,63.61,31.77,13.33,0.54,0.08,52.41,23.33,19.22
1983-06,145.73,95.79,38.44,1.87,0.35,60.07,24.5,15.39
1983-07,274.24,118.84,51.17,3.35,0.68,78.33,23.86,4.44
1983-08,300.02,123.0,52.96,3.57,0.77,82.83,23.62,2.82
1983-09,208.56,87.02,36.64,2.09,0.27,81.15,22.81,5.04
1983-10,79.01,52.59,26.44,0.74,0.15,68.13,18.99,16.11
1983-11,11.2,8.46,4.12,0.08,0.01,56.48,13.27,26.66
1983-12,31.32,24.18,14.19,0.28,0.07,61.25,11.22,28.0
1984-01,25.27,17.82,9.95,0.21,0.01,62.88,10.89,18.99
1984-02,38.76,24.0,12.93,0.4,0.06,55.05,12.16,20.27
1984-03,18.5,13.46,5.74,0.19,0.01,43.14,17.39,27.35
1984-04,36.97,18.31,7.94,0.3,0.06,44.07,21.35,23.04
1984-05,55.32,28.07,12.36,0.7,0.2,44.73,24.51,22.74
1984-06,203.87,93.21,38.73,2.98,0.63,65.98,24.49,17.01
1984-07,246.43,102.13,41.87,3.04,0.47,77.84,23.42,4.8
1984-08,249.19,100.69,47.63,3.22,0.7,79.49,23.12,6.01
1984-09,129.8,78.96,34.86,1.47,0.28,74.53,21.5,11.89
1984-10,49.99,31.54,11.77,0.37,0.02,60.43,18.74,19.19
1984-11,17.93,11.92,6.06,0.16,0.05,53.84,13.63,25.44
1984-12,19.32,15.05,8.43,0.21,0.02,55.06,11.38,28.14
1985-01,24.94,16.98,9.92,0.22,0.01,62.51,11.75,20.68
1985-02,8.07,6.21,3.26,0.04,0.0,44.92,12.52,24.69
1985-03,20.99,11.83,5.89,0.18,0.03,40.88,18.24,28.18
1985-04,29.89,17.65,7.91,0.27,0.04,43.37,21.58,22.34
1985-05,49.43,26.74,11.98,0.47,0.1,46.9,24.03,22.24
1985-06,137.2,66.91,28.3,1.67,0.31,62.49,24.37,11.94
1985-07,273.52,105.54,44.54,3.51,0.53,77.55,23.28,7.94
1985-08,206.03,99.11,44.32,2.26,0.42,78.83,23.0,6.92
1985-09,125.68,55.07,25.01,1.16,0.15,73.67,22.33,10.37
1985-10,96.72,71.03,35.34,1.15,0.27,66.85,18.5,17.58
1985-11,21.53,13.91,6.28,0.22,0.03,57.61,14.1,26.1
1985-12,20.91,13.95,8.38,0.23,0.04,59.14,12.06,28.08
1986-01,19.72,16.12,9.5,0.2,0.02,59.47,10.74,20.71
1986-02,35.98,24.48,12.4,0.36,0.0,58.47,13.36,20.39
1986-03,21.91,11.38,4.72,0.22,0.01,45.21,17.37,25.08
1986-04,41.39,21.21,8.55,0.46,0.08,44.06,21.31,23.84
1986-05,42.06,23.67,10.88,0.34,0.02,48.42,23.11,18.9
1986-06,196.05,108.63,46.74,2.7,0.62,63.31,24.29,12.69
1986-07,261.68,122.36,53.48,3.47,0.88,76.21,23.56,6.58
1986-08,209.79,104.27,43.38,2.65,0.48,77.37,23.01,9.44
1986-09,113.23,54.43,23.72,1.07,0.18,71.57,22.17,15.0
1986-10,58.11,40.34,17.51,0.58,0.1,62.59,18.95,20.69
1986-11,41.5,31.0,15.6,0.49,0.08,59.62,15.39,25.22
1986-12,25.98,18.52,11.09,0.24,0.02,61.65,11.65,26.81
1987-01,16.49,12.39,8.08,0.12,0.0,60.52,11.43,19.7
1987-02,14.65,9.4,5.11,0.12,0.0,51.33,13.57,26.09
1987-03,22.54,12.17,6.1,0.16,0.0,47.26,17.43,22.62
1987-04,36.45,24.88,10.0,0.45,0.09,41.49,21.3,25.64
1987-05,42.43,24.65,12.82,0.37,0.04,48.26,22.91,21.88
1987-06,102.5,47.21,22.41,1.03,0.21,59.05,24.96,15.22
1987-07,188.79,80.94,35.66,2.36,0.5,71.14,24.28,11.36
1987-08,218.58,95.86,45.15,2.57,0.5,76.3,23.89,8.79
1987-09,112.45,55.3,24.74,1.07,0.16,71.77,23.07,13.05
1987-10,73.16,41.29,21.78,0.7,0.08,65.2,19.59,16.48
1987-11,47.18,27.57,16.94,0.49,0.11,61.98,15.15,20.9
1987-12,24.21,17.34,10.59,0.21,0.02,63.51,11.69,23.47
1988-01,6.92,4.02,2.42,0.03,0.0,58.98,11.77,24.79
1988-02,22.87,13.4,7.83,0.2,0.02,51.98,14.21,27.2
1988-03,31.93,19.31,9.34,0.38,0.08,46.3,17.38,21.97
1988-04,37.78,19.97,8.95,0.28,0.03,45.07,21.68,25.84
1988-05,63.09,29.7,13.24,0.67,0.22,47.74,24.74,18.87
1988-06,158.61,86.74,36.93,1.93,0.37,63.35,24.47,16.28
1988-07,370.24,145.11,61.75,5.0,1.13,82.0,23.9,2.44
1988-08,272.62,120.89,52.39,3.24,0.68,82.38,23.47,3.81
1988-09,193.64,90.35,39.65,1.81,0.3,78.81,22.89,6.51
1988-10,42.94,37.54,17.43,0.45,0.1,63.24,18.6,22.99
1988-11,21.2,15.91,8.13,0.29,0.06,56.77,14.26,27.38
1988-12,19.09,20.61,9.79,0.23,0.03,60.78,11.9,28.82
1989-01,13.34,11.0,6.2,0.17,0.02,55.99,9.97,26.43
1989-02,11.97,6.44,3.77,0.13,0.01,45.29,12.15,26.42
1989-03,27.0,16.74,10.82,0.25,0.01,47.37,16.73,27.49
1989-04,27.73,16.62,6.56,0.35,0.07,38.88,20.35,24.55
1989-05,48.87,30.56,14.89,0.49,0.12,45.76,23.82,23.21
1989-06,198.17,94.25,42.42,2.51,0.53,67.45,23.81,13.27
1989-07,313.78,144.4,65.54,4.17,0.99,78.25,23.45,4.41
1989-08,258.71,98.76,44.22,3.2,0.51,80.37,23.13,4.35
1989-09,155.62,70.09,28.37,1.59,0.15,76.3,22.33,8.38
1989-10,49.76,29.02,11.23,0.44,0.08,61.84,18.98,21.85
1989-11,21.96,13.95,7.45,0.16,0.03,58.56,14.68,24.67
1989-12,18.66,16.57,7.92,0.09,0.0,63.31,11.35,26.43
1990-01,12.14,7.71,3.61,0.12,0.01,56.3,11.72,27.8
1990-02,43.29,24.79,12.2,0.35,0.02,58.78,13.74,25.39
1990-03,40.79,25.48,11.1,0.42,0.06,51.46,16.38,20.58
1990-04,45.26,21.65,10.12,0.54,0.11,44.51,20.88,21.59
1990-05,133.38,69.31,30.08,1.41,0.32,60.26,23.65,14.64
1990-06,206.41,105.29,40.55,2.72,0.53,68.07,24.32,9.78
1990-07,299.19,125.62,56.06,4.3,0.8,79.29,23.44,5.02
1990-08,308.89,131.38,62.92,3.91,0.87,81.35,23.41,4.15
1990-09,191.77,80.65,35.52,2.04,0.27,79.95,22.52,5.75
1990-10,99.83,57.97,23.86,1.16,0.14,69.66,18.98,15.43
1990-11,31.63,23.91,12.55,0.35,0.06,62.76,15.41,21.84
1990-12,25.13,20.79,10.66,0.31,0.06,62.79,11.99,26.9
1991-01,13.11,10.65,5.0,0.06,0.01,60.43,10.65,23.3
1991-02,21.44,13.88,7.34,0.21,0.01,52.97,13.8,25.42
1991-03,29.24,18.55,9.02,0.29,0.01,49.36,17.79,20.57
1991-04,47.96,27.51,14.1,0.51,0.09,47.14,20.89,20.01
1991-05,70.2,31.8,12.27,0.75,0.2,49.16,24.33,20.01
1991-06,195.17,98.24,44.0,2.49,0.59,66.65,24.42,12.17
1991-07,286.67,120.38,53.28,3.9,0.82,76.15,24.08,7.8
1991-08,249.83,99.1,42.64,3.16,0.54,80.09,23.29,5.01
1991-09,116.15,62.67,23.37,1.16,0.13,73.56,22.34,13.97
1991-10,57.16,33.0,14.73,0.48,0.09,60.55,18.53,20.59
1991-11,31.93,23.92,11.33,0.31,0.06,61.94,14.54,23.03
1991-12,21.23,18.37,9.19,0.21,0.0,63.71,11.51,28.43
1992-01,20.75,15.57,7.21,0.26,0.03,59.07,10.54,25.51
1992-02,15.72,9.23,5.69,0.14,0.01,54.55,12.16,23.61
1992-03,21.27,10.1,4.42,0.28,0.03,42.98,17.18,27.71
1992-04,23.38,12.43,5.06,0.16,0.01,42.26,20.98,24.74
1992-05,52.45,25.09,11.27,0.43,0.07,48.18,23.4,18.38
1992-06,124.83,71.12,33.86,1.37,0.36,59.05,24.74,14.27
1992-07,251.71,108.22,47.89,3.23,0.57,74.75,23.86,8.35
1992-08,259.52,102.62,46.21,3.06,0.52,81.95,23.3,3.97
1992-09,138.9,86.12,39.61,1.59,0.28,75.27,21.81,13.57
1992-10,52.26,35.38,19.03,0.5,0.07,66.67,19.18,18.29
1992-11,35.05,23.58,11.81,0.33,0.04,63.43,15.18,24.55
1992-12,6.23,4.77,2.33,0.04,0.0,60.67,11.19,28.68
1993-01,13.8,7.87,4.12,0.12,0.0,58.14,10.96,25.59
1993-02,23.84,19.72,9.24,0.28,0.03,50.93,13.38,25.97
1993-03,33.91,24.83,10.59,0.44,0.05,48.46,16.33,22.91
1993-04,30.77,16.71,7.28,0.26,0.01,45.12,20.87,20.45
1993-05,72.16,32.43,14.57,0.79,0.15,49.07,24.22,19.23
1993-06,179.24,89.11,39.27,2.28,0.47,64.05,24.66,11.07
1993-07,293.37,127.09,60.48,3.92,0.84,77.89,23.89,5.23
1993-08,197.7,89.98,38.56,2.48,0.44,76.77,23.54,8.01
1993-09,199.73,87.08,37.81,2.09,0.34,79.36,22.46,6.52
1993-10,86.4,38.22,16.9,0.59,0.07,69.14,19.75,15.78
1993-11,28.09,18.38,8.19,0.28,0.05,62.0,15.14,23.54
1993-12,20.5,15.94,9.37,0.28,0.06,60.94,11.21,27.38
1994-01,27.37,21.02,11.37,0.24,0.01,63.77,11.99,15.45
1994-02,29.59,18.78,12.21,0.31,0.02,57.14,12.98,18.53
1994-03,25.37,15.05,5.92,0.31,0.06,44.95,17.95,27.34
1994-04,49.49,25.81,12.81,0.41,0.07,47.81,20.58,19.26
1994-05,49.55,29.25,11.24,0.42,0.08,47.63,24.3,17.67
1994-06,228.09,105.14,46.08,3.14,0.66,67.11,24.52,14.57
1994-07,342.2,131.81,61.64,4.5,0.91,81.97,23.67,2.64
1994-08,276.41,106.67,53.2,3.52,0.68,82.52,23.35,3.32
1994-09,129.03,86.06,36.02,1.41,0.27,74.09,21.84,12.33
1994-10,83.65,42.86,20.02,0.7,0.11,66.06,18.81,17.73
1994-11,27.31,21.64,9.12,0.24,0.05,63.31,14.89,22.53
1994-12,10.69,6.22,2.64,0.13,0.01,59.17,10.93,29.28
1995-01,38.96,29.69,19.95,0.5,0.06,62.67,10.05,16.3
1995-02,23.15,14.25,7.98,0.21,0.01,54.96,13.21,24.64
1995-03,28.37,18.74,9.4,0.2,0.01,50.04,16.79,23.04
1995-04,32.71,15.36,6.87,0.27,0.03,43.82,20.7,18.57
1995-05,79.28,49.6,23.41,1.02,0.28,49.15,23.91,20.39
1995-06,141.15,74.33,33.12,1.63,0.36,59.93,25.34,20.03
1995-07,300.4,119.17,50.36,3.87,0.72,78.29,24.07,7.42
1995-08,251.27,114.25,46.49,2.71,0.5,81.56,23.65,3.96
1995-09,160.25,98.15,43.17,1.85,0.43,76.61,22.52,10.19
1995-10,80.46,40.73,17.26,0.59,0.06,69.01,19.85,15.1
1995-11,42.43,31.38,20.42,0.58,0.17,61.45,14.84,22.46
1995-12,12.21,8.98,4.66,0.07,0.0,61.8,12.1,28.26
1996-01,22.37,15.45,9.04,0.21,0.02,63.27,11.77,19.26
1996-02,28.37,17.77,10.95,0.35,0.03,55.72,13.63,25.1
1996-03,32.21,17.61,8.3,0.41,0.07,47.69,18.26,23.58
1996-04,34.88,21.0,9.06,0.27,0.02,45.51,20.98,24.11
1996-05,48.17,21.15,8.86,0.49,0.11,46.47,23.93,21.4
1996-06,209.47,125.39,57.54,2.7,0.77,65.27,24.43,14.13
1996-07,283.04,122.2,50.47,3.52,0.74,77.6,23.88,6.1
1996-08,265.41,101.75,43.49,3.05,0.45,82.41,23.2,3.86
1996-09,148.5,67.06,25.8,1.12,0.1,78.04,22.58,8.31
1996-10,88.16,56.84,28.52,1.03,0.19,69.02,18.96,16.27
1996-11,14.8,9.88,4.24,0.1,0.01,60.35,14.19,23.76
1996-12,20.55,13.13,6.21,0.26,0.05,57.68,10.7,27.61
1997-01,19.11,14.26,8.96,0.12,0.0,60.95,10.19,15.75
1997-02,10.95,5.12,2.96,0.05,0.0,49.52,12.0,24.18
1997-03,28.6,19.04,7.71,0.27,0.02,47.88,17.27,27.07
1997-04,44.41,24.2,11.59,0.26,0.0,50.56,19.7,16.94
1997-05,48.5,26.74,12.05,0.38,0.04,49.03,22.83,18.96
1997-06,171.33,89.81,39.57,1.84,0.39,64.92,24.08,12.12
1997-07,311.51,138.46,60.48,4.18,0.88,78.1,24.17,5.41
1997-08,260.96,116.56,56.14,3.45,0.82,79.5,23.37,3.99
1997-09,144.17,71.51,32.05,1.15,0.21,77.7,22.53,7.74
1997-10,57.17,29.55,12.89,0.24,0.0,72.1,18.88,13.42
1997-11,56.7,28.17,14.61,0.39,0.03,72.34,16.48,15.17
1997-12,56.57,38.39,21.74,0.6,0.08,76.6,12.88,15.05
1998-01,20.08,13.22,6.38,0.14,0.01,65.82,11.67,23.23
1998-02,25.78,16.47,9.86,0.29,0.03,58.55,13.71,20.93
1998-03,40.6,22.11,13.42,0.44,0.05,52.92,16.6,19.73
1998-04,37.94,19.82,10.09,0.31,0.05,49.54,21.8,19.28
1998-05,62.26,34.59,17.95,0.61,0.13,50.17,24.74,16.26
1998-06,181.81,101.39,45.62,2.36,0.55,63.3,25.26,17.64
1998-07,280.98,120.73,53.07,3.84,0.74,79.25,24.21,5.32
1998-08,229.52,86.72,38.37,2.39,0.35,81.21,23.97,4.28
1998-09,176.5,86.45,34.72,1.85,0.23,80.53,23.05,5.89
1998-10,103.67,63.61,32.71,1.03,0.22,74.71,20.54,10.65
1998-11,37.74,27.11,13.39,0.39,0.05,67.52,15.85,18.52
1998-12,9.84,7.02,2.6,0.12,0.01,62.14,11.22,29.05
1999-01,13.24,7.73,4.1,0.11,0.0,61.98,10.37,25.62
1999-02,14.79,10.47,6.14,0.08,0.0,57.3,14.45,24.58
1999-03,12.77,7.67,3.7,0.14,0.01,43.11,17.54,28.57
1999-04,19.3,11.52,4.89,0.18,0.02,40.57,21.79,26.05
1999-05,98.16,46.53,22.47,1.07,0.19,56.02,23.96,22.72
1999-06,179.99,96.12,43.61,2.44,0.57,67.4,24.0,11.3
1999-07,273.5,114.58,51.07,3.67,0.75,77.32,23.87,7.76
1999-08,206.68,86.49,36.66,2.42,0.39,79.16,23.32,6.62
1999-09,154.9,72.66,29.07,1.31,0.18,77.63,22.76,7.93
1999-10,98.55,50.81,22.51,0.74,0.11,71.77,19.83,13.4
1999-11,16.45,12.95,5.49,0.14,0.02,59.99,15.0,26.58
1999-12,4.93,3.47,1.75,0.02,0.0,61.14,11.37,28.83
2000-01,14.18,9.06,4.58,0.11,0.01,59.22,11.21,24.15
2000-02,28.91,18.39,10.49,0.24,0.01,58.26,12.59,24.24
2000-03,16.83,9.13,4.75,0.15,0.01,44.15,16.25,27.24
2000-04,35.8,18.88,8.09,0.35,0.07,44.98,21.91,24.86
2000-05,92.09,46.69,20.32,0.86,0.18,56.78,24.2,16.23
2000-06,206.53,95.86,43.63,2.78,0.55,70.02,24.21,8.87
2000-07,267.14,121.68,52.51,3.41,0.65,78.94,23.64,6.64
2000-08,229.4,97.4,42.21,2.73,0.46,79.24,23.5,7.74
2000-09,124.18,66.25,27.21,1.18,0.22,74.42,22.32,11.39
2000-10,45.06,25.16,12.12,0.36,0.06,62.15,19.77,19.69
2000-11,13.98,8.9,4.94,0.11,0.03,58.36,15.4,26.46
2000-12,11.27,12.04,6.35,0.09,0.02,54.72,10.8,29.01
2001-01,6.43,4.68,2.88,0.02,0.0,57.08,10.56,27.65
2001-02,10.84,7.55,4.01,0.08,0.0,48.86,13.25,26.04
2001-03,20.42,11.94,6.46,0.12,0.0,46.67,17.22,25.25
2001-04,43.71,27.33,12.74,0.37,0.06,47.47,21.08,19.05
2001-05,64.23,32.89,13.43,0.58,0.11,53.29,24.34,19.13
2001-06,241.21,116.52,50.37,3.11,0.54,72.38,23.99,7.99
2001-07,280.8,115.74,51.13,3.5,0.72,80.37,23.83,4.17
2001-08,205.63,86.94,37.21,2.1,0.28,79.88,23.52,5.6
2001-09,108.25,54.48,20.77,0.88,0.08,72.17,22.6,12.41
2001-10,96.61,59.84,25.22,0.88,0.15,68.92,20.05,16.16
2001-11,24.31,15.75,6.82,0.19,0.02,60.64,15.59,23.21
2001-12,11.27,7.85,3.43,0.1,0.01,60.55,11.69,28.7
2002-01,19.78,15.78,7.96,0.12,0.0,61.42,11.07,20.08
2002-02,22.69,18.09,11.05,0.27,0.02,55.29,13.62,22.92
2002-03,19.28,13.26,6.81,0.18,0.02,46.28,17.69,26.6
2002-04,36.25,17.11,8.4,0.35,0.04,45.48,21.85,21.16
2002-05,63.44,28.32,14.35,0.63,0.1,51.64,24.6,21.06
2002-06,191.37,102.2,46.31,2.2,0.54,67.1,24.61,10.07
2002-07,146.88,64.34,28.41,1.68,0.3,69.95,24.65,10.73
2002-08,275.41,114.89,50.76,3.5,0.66,79.95,23.51,5.52
2002-09,131.54,75.29,32.18,1.61,0.21,73.76,22.11,11.41
2002-10,62.49,36.13,17.64,0.61,0.06,63.68,19.55,18.55
2002-11,23.38,16.48,9.31,0.23,0.04,59.23,15.17,23.74
2002-12,11.71,10.39,5.93,0.06,0.01,59.82,12.33,28.99
2003-01,12.42,12.9,5.7,0.1,0.0,60.74,10.83,27.66
2003-02,36.58,26.27,15.19,0.39,0.09,60.24,14.47,18.91
2003-03,30.58,20.09,10.12,0.26,0.03,48.85,17.22,23.68
2003-04,35.94,17.68,8.32,0.32,0.02,45.84,21.83,19.87
2003-05,32.17,16.58,7.29,0.34,0.04,44.46,23.96,22.63
2003-06,188.59,89.39,36.25,2.52,0.44,63.64,24.93,20.05
2003-07,321.79,116.54,51.04,4.13,0.68,80.56,23.89,3.14
2003-08,251.7,103.2,46.93,2.72,0.46,81.4,23.7,3.27
2003-09,185.81,76.58,32.02,1.91,0.24,79.2,22.76,6.28
2003-10,95.35,50.68,23.16,1.15,0.2,67.62,19.37,17.37
2003-11,16.45,10.12,5.07,0.15,0.02,61.85,15.05,26.3
2003-12,22.58,17.56,11.93,0.21,0.06,63.78,11.83,28.56
2004-01,26.17,16.18,9.54,0.21,0.0,65.87,11.4,20.94
2004-02,7.61,7.05,2.78,0.05,0.0,52.43,13.18,25.38
2004-03,15.12,11.37,4.79,0.13,0.02,42.91,18.47,28.78
2004-04,55.86,32.15,12.9,0.57,0.15,48.02,22.3,21.69
2004-05,73.74,42.03,16.05,0.8,0.12,53.04,24.13,18.88
2004-06,174.37,96.64,40.85,2.16,0.54,66.73,24.21,13.24
2004-07,254.94,105.23,39.58,3.25,0.53,75.28,23.95,5.73
2004-08,254.93,110.02,47.76,3.06,0.61,80.25,23.41,5.93
2004-09,129.4,59.36,25.74,1.16,0.12,74.78,22.78,11.61
2004-10,89.36,56.87,26.68,0.91,0.16,68.97,18.72,15.72
2004-11,19.88,12.89,6.84,0.14,0.01,60.24,14.93,25.12
2004-12,8.09,5.73,3.56,0.08,0.01,61.16,12.07,28.87
2005-01,31.59,21.94,11.23,0.27,0.01,63.19,11.35,20.68
2005-02,26.87,20.77,6.8,0.3,0.02,56.25,13.98,20.91
2005-03,35.6,20.36,10.43,0.38,0.03,51.28,18.3,23.63
2005-04,38.09,23.1,9.24,0.31,0.03,44.52,20.82,23.07
2005-05,43.43,21.39,8.46,0.32,0.03,47.92,23.74,19.92
2005-06,144.92,94.6,37.72,1.79,0.4,58.67,25.32,17.1
2005-07,314.91,142.57,59.95,4.27,0.85,79.53,23.97,4.21
2005-08,178.44,94.63,40.28,2.09,0.39,77.61,23.57,7.43
2005-09,203.54,98.01,48.39,2.42,0.52,78.81,22.93,9.21
2005-10,104.52,52.83,23.09,1.17,0.18,68.82,19.65,16.0
2005-11,26.16,15.16,6.67,0.31,0.06,59.64,14.13,25.88
2005-12,12.94,8.75,5.05,0.11,0.01,59.33,10.86,28.27
2006-01,12.5,8.15,3.53,0.16,0.03,56.37,11.01,27.29
2006-02,10.41,6.1,3.03,0.11,0.02,49.54,15.02,26.43
2006-03,38.81,25.3,15.0,0.32,0.02,51.6,17.31,27.2
2006-04,34.98,21.74,12.48,0.43,0.04,46.31,21.44,24.75
2006-05,87.74,58.16,20.69,0.91,0.18,55.47,24.34,19.21
2006-06,152.79,83.55,32.59,1.77,0.25,65.57,24.44,11.43
2006-07,299.47,129.45,62.86,4.13,1.01,77.93,24.23,5.59
2006-08,287.48,132.6,58.59,3.71,0.98,80.55,23.48,4.08
2006-09,158.75,86.18,38.29,1.81,0.31,77.31,22.7,8.05
2006-10,49.25,31.98,11.4,0.35,0.05,67.38,20.08,18.49
2006-11,41.35,21.59,9.18,0.23,0.02,66.89,16.09,20.94
2006-12,10.92,7.68,4.57,0.1,0.02,63.52,12.31,27.08
2007-01,3.79,2.73,1.78,0.02,0.0,57.35,11.05,28.88
2007-02,41.68,27.69,15.22,0.51,0.05,59.82,14.19,23.58
2007-03,24.11,17.8,9.68,0.29,0.04,49.99,17.16,22.58
2007-04,37.72,19.06,8.01,0.38,0.07,46.44,22.16,25.25
2007-05,50.11,23.45,9.93,0.33,0.04,51.43,24.48,18.38
2007-06,238.78,128.54,53.11,2.97,0.73,67.93,24.9,12.08
2007-07,302.26,136.3,57.18,3.92,0.9,78.57,24.19,4.33
2007-08,280.12,122.29,53.94,3.45,0.68,80.5,23.75,4.47
2007-09,218.9,101.3,43.3,2.6,0.46,79.34,22.9,5.62
2007-10,69.47,39.81,17.52,0.79,0.12,62.8,18.89,19.97
2007-11,17.33,15.04,6.94,0.1,0.01,60.79,15.18,24.58
2007-12,17.05,12.5,7.39,0.18,0.05,61.74,12.04,27.84
2008-01,23.35,15.06,8.52,0.3,0.03,58.1,10.93,24.8
2008-02,20.14,13.89,6.89,0.12,0.0,54.16,12.24,22.14
2008-03,51.89,31.35,15.39,0.56,0.06,50.5,18.05,26.69
2008-04,30.8,19.61,8.91,0.24,0.03,46.6,21.14,21.11
2008-05,49.71,23.88,9.53,0.34,0.01,50.71,23.92,23.36
2008-06,249.9,103.12,44.84,3.36,0.53,72.29,24.22,10.55
2008-07,275.45,115.49,47.35,3.66,0.59,77.79,24.07,5.4
2008-08,283.57,119.54,49.73,3.68,0.6,81.61,23.46,4.48
2008-09,174.66,94.96,43.18,1.82,0.38,77.17,22.34,8.31
2008-10,60.16,33.82,14.84,0.46,0.07,65.57,19.53,18.54
2008-11,36.49,26.1,12.87,0.4,0.12,61.72,15.47,26.33
2008-12,11.23,10.07,4.1,0.1,0.01,65.13,13.21,28.26
2009-01,11.84,7.2,3.75,0.09,0.0,62.39,12.57,25.14
2009-02,11.24,6.54,3.47,0.13,0.01,50.72,14.46,26.01
2009-03,19.31,11.83,6.15,0.12,0.02,45.27,17.92,28.69
2009-04,23.16,12.95,6.4,0.2,0.02,41.31,21.68,22.85
2009-05,64.78,31.85,16.69,0.63,0.11,50.76,24.21,22.84
2009-06,100.26,64.24,25.41,1.09,0.16,57.25,25.04,14.81
2009-07,322.41,127.88,57.7,4.59,1.08,77.23,24.24,4.73
2009-08,228.22,99.7,44.58,3.0,0.42,76.99,24.02,7.64
2009-09,173.31,106.8,43.74,2.18,0.44,74.92,23.1,11.32
2009-10,81.27,81.32,31.93,1.05,0.25,62.96,19.32,21.86
2009-11,66.03,41.69,20.37,0.76,0.11,66.56,15.88,24.54
2009-12,17.56,12.28,6.39,0.11,0.02,64.74,12.77,26.33
2010-01,11.85,10.14,5.93,0.05,0.0,63.76,11.13,20.46
2010-02,17.42,13.15,7.69,0.18,0.05,55.07,14.33,25.96
2010-03,20.16,14.49,5.84,0.25,0.07,46.13,19.45,27.28
2010-04,43.17,22.93,8.48,0.5,0.15,43.31,23.35,24.7
2010-05,69.58,35.68,17.03,0.84,0.17,49.65,25.18,18.59
2010-06,159.64,79.1,36.27,2.08,0.45,62.36,25.13,16.23
2010-07,341.11,124.91,54.97,4.77,0.87,80.39,24.13,4.21
2010-08,299.68,116.15,49.87,3.66,0.54,83.09,24.03,2.77
2010-09,209.0,95.24,40.26,2.24,0.31,80.18,22.74,6.52
2010-10,85.82,45.18,20.94,0.77,0.1,70.15,20.46,13.94
2010-11,66.88,35.0,15.19,0.54,0.05,72.65,17.12,17.09
2010-12,31.42,30.21,13.84,0.45,0.05,65.67,11.53,24.97
2011-01,8.22,5.28,3.06,0.06,0.0,59.16,9.86,26.93
2011-02,25.2,16.65,9.46,0.27,0.02,57.36,13.63,25.21
2011-03,20.15,12.2,5.78,0.23,0.02,47.34,17.57,26.37
2011-04,41.9,23.68,11.95,0.33,0.03,48.9,20.87,22.03
2011-05,54.87,28.66,10.78,0.51,0.09,52.3,24.47,19.14
2011-06,204.43,102.59,45.81,2.75,0.63,68.1,24.52,11.58
2011-07,280.75,104.31,44.64,3.59,0.56,79.09,24.03,4.91
2011-08,340.71,134.3,58.42,4.72,0.83,83.22,23.75,2.91
2011-09,199.31,96.64,38.91,2.53,0.39,79.67,22.86,7.89
2011-10,47.66,22.68,9.14,0.29,0.01,65.26,19.82,18.78
2011-11,19.26,11.23,4.64,0.19,0.02,62.53,15.88,26.06
2011-12,12.3,12.82,7.61,0.14,0.01,61.99,11.86,28.54
2012-01,23.87,13.96,8.99,0.21,0.01,63.55,10.84,21.29
2012-02,14.32,8.18,4.64,0.15,0.0,50.82,12.93,25.21
2012-03,12.98,7.25,3.92,0.09,0.01,43.23,16.86,27.57
2012-04,42.19,20.25,8.31,0.42,0.04,48.38,21.77,23.15
2012-05,31.64,20.09,7.72,0.22,0.03,46.42,24.35,20.04
2012-06,125.81,67.98,28.88,1.66,0.41,58.68,25.42,20.64
2012-07,285.18,104.59,47.68,3.96,0.64,77.18,24.27,7.9
2012-08,295.83,115.84,52.28,3.71,0.69,81.35,23.75,4.16
2012-09,194.72,99.87,42.69,2.2,0.35,78.88,22.89,7.86
2012-10,67.2,46.02,21.23,0.81,0.15,65.07,19.06,20.24
2012-11,29.1,31.31,13.53,0.34,0.06,62.76,14.77,24.68
2012-12,13.85,10.09,6.53,0.13,0.02,63.27,12.19,27.6
2013-01,12.54,10.88,6.98,0.16,0.03,60.61,10.63,24.49
2013-02,40.41,24.95,14.76,0.53,0.04,60.09,13.98,23.34
2013-03,16.21,9.37,5.34,0.11,0.0,48.19,17.69,24.36
2013-04,32.95,21.21,9.9,0.27,0.02,47.64,21.41,21.22
2013-05,61.65,34.35,14.94,0.78,0.18,48.23,24.71,21.19
2013-06,259.35,118.21,49.79,3.75,0.77,72.46,24.34,13.98
2013-07,346.35,124.45,55.41,5.04,0.96,81.66,23.96,3.38
2013-08,258.1,108.35,46.0,3.27,0.47,82.44,23.52,3.84
2013-09,170.72,86.61,35.5,1.9,0.24,77.39,22.96,9.14
2013-10,132.91,72.17,36.35,1.59,0.3,75.35,20.55,11.39
2013-11,15.24,9.42,5.35,0.08,0.01,64.62,14.66,24.69
2013-12,9.75,7.58,3.93,0.06,0.0,64.2,11.65,29.15
2014-01,20.38,13.71,9.4,0.26,0.01,67.28,11.61,20.87
2014-02,34.52,22.28,12.11,0.33,0.01,60.77,13.14,24.17
2014-03,27.44,20.46,8.98,0.24,0.01,54.19,17.2,21.38
2014-04,19.81,11.02,5.23,0.09,0.0,45.66,21.21,24.61
2014-05,66.6,40.44,22.43,0.8,0.17,51.38,23.87,19.36
2014-06,101.54,52.84,21.2,1.24,0.19,59.43,25.58,16.13
2014-07,297.46,123.99,53.76,4.23,0.86,75.66,24.53,9.28
2014-08,249.9,117.03,48.98,3.27,0.62,78.49,23.92,5.73
2014-09,171.2,101.13,43.29,2.05,0.4,77.54,22.85,9.54
2014-10,72.49,42.26,25.14,0.7,0.18,68.37,20.36,15.93
2014-11,21.94,15.05,8.2,0.2,0.03,62.64,15.83,22.7
2014-12,24.37,18.44,11.15,0.23,0.02,65.44,11.82,26.53
2015-01,22.1,18.79,8.56,0.14,0.0,67.82,11.42,22.16
2015-02,25.62,25.8,10.26,0.27,0.02,58.02,14.58,22.11
2015-03,48.43,34.26,17.41,0.59,0.05,56.65,17.99,17.41
2015-04,67.0,36.45,17.26,0.63,0.06,55.41,21.62,15.34
2015-05,54.23,26.44,11.18,0.47,0.05,51.64,24.88,16.71
2015-06,203.17,98.79,45.25,2.68,0.57,67.36,24.75,12.76
2015-07,275.75,120.67,53.51,3.84,0.84,76.29,24.58,7.29
2015-08,210.13,88.79,38.91,2.31,0.39,79.16,24.16,5.28
2015-09,138.72,80.73,37.59,1.74,0.34,73.14,23.25,11.68
2015-10,49.63,31.43,15.17,0.45,0.03,65.15,20.65,20.27
2015-11,48.15,25.41,12.02,0.52,0.14,65.55,17.07,22.77
2015-12,19.22,14.61,7.02,0.17,0.03,63.43,12.79,27.07
2016-01,11.73,8.48,5.32,0.06,0.0,62.69,12.06,20.9
2016-02,15.02,10.83,6.29,0.12,0.01,55.99,15.32,24.94
2016-03,27.57,15.8,8.34,0.22,0.01,51.9,19.4,21.96
2016-04,36.5,16.69,6.69,0.47,0.13,45.31,23.51,23.42
2016-05,69.82,35.52,17.09,0.7,0.16,53.56,25.13,21.81
2016-06,180.86,84.06,32.73,2.25,0.32,66.56,25.62,12.4
2016-07,343.97,136.26,53.62,4.91,0.92,80.78,24.49,3.25
2016-08,264.26,111.15,47.22,3.42,0.61,80.71,24.14,4.91
2016-09,182.18,74.4,29.12,2.12,0.21,77.93,23.42,8.54
2016-10,64.96,47.83,20.35,0.63,0.05,67.69,20.32,20.68
2016-11,11.63,10.4,4.62,0.1,0.02,59.99,15.12,26.18
2016-12,11.0,7.92,5.38,0.09,0.03,63.6,12.67,27.6
2017-01,24.44,15.55,8.76,0.32,0.03,64.14,11.85,23.7
2017-02,10.98,7.09,3.85,0.12,0.01,53.43,14.44,24.99
2017-03,31.81,20.82,9.78,0.29,0.04,49.49,18.12,26.55
2017-04,38.32,21.32,9.51,0.47,0.11,44.67,22.77,24.2
2017-05,53.58,26.62,11.72,0.41,0.07,51.52,25.23,18.55
2017-06,196.29,93.34,36.99,2.48,0.33,68.37,25.0,7.78
2017-07,311.9,137.29,58.36,4.28,0.99,79.87,24.48,4.28
2017-08,241.05,96.13,41.09,2.73,0.38,80.74,24.27,4.01
2017-09,169.76,78.49,33.9,1.81,0.23,77.87,23.62,7.19
2017-10,88.82,46.32,20.24,0.81,0.12,68.33,20.87,15.81
2017-11,26.75,18.82,9.43,0.28,0.06,64.08,15.75,24.46
2017-12,16.15,16.21,9.36,0.19,0.04,64.0,12.69,26.85
2018-01,5.06,4.17,2.34,0.02,0.0,59.56,11.02,27.53
2018-02,13.57,9.61,5.65,0.09,0.0,54.32,14.57,24.91
2018-03,18.49,11.76,6.57,0.15,0.01,47.01,18.67,25.96
2018-04,36.45,18.02,7.79,0.23,0.01,48.62,22.41,19.58
2018-05,61.93,29.38,11.87,0.58,0.06,51.97,24.9,17.97
2018-06,172.8,85.9,36.71,2.09,0.31,66.16,25.36,12.27
2018-07,316.9,126.17,52.19,4.73,0.77,79.76,24.57,4.6
2018-08,271.5,107.63,48.11,3.61,0.59,80.86,24.16,4.71
2018-09,134.11,73.71,35.46,1.45,0.26,75.46,22.85,8.78
2018-10,42.93,28.6,14.56,0.42,0.1,62.51,19.54,20.61
2018-11,23.11,12.25,6.84,0.24,0.03,61.7,15.87,23.91
2018-12,18.82,15.19,10.32,0.22,0.04,63.3,11.72,27.52
2019-01,21.44,14.18,8.32,0.22,0.01,61.28,10.77,22.9
2019-02,32.87,17.19,9.95,0.34,0.03,58.49,14.04,19.05
2019-03,19.59,11.33,6.08,0.12,0.01,50.82,17.9,21.36
2019-04,32.76,20.93,9.6,0.22,0.02,48.12,22.77,20.03
2019-05,45.06,23.27,12.67,0.42,0.11,48.55,24.96,19.96
2019-06,123.33,68.87,30.86,1.39,0.22,61.13,25.81,16.4
2019-07,309.12,137.45,53.6,4.56,0.94,76.97,24.75,6.2
2019-08,322.19,129.26,61.23,4.26,0.94,81.77,24.21,3.33
2019-09,281.71,113.16,47.75,3.64,0.58,81.97,23.63,4.04
2019-10,129.52,61.26,24.76,1.13,0.15,75.66,20.63,10.91
2019-11,36.32,25.5,12.78,0.29,0.03,72.18,17.17,20.94
2019-12,25.4,21.36,11.6,0.26,0.01,71.67,12.59,24.01
2020-01,36.12,23.83,11.34,0.34,0.01,70.42,11.88,17.57
2020-02,19.71,14.41,8.14,0.14,0.01,60.28,13.76,23.15
2020-03,39.33,20.94,12.05,0.32,0.02,59.26,17.83,18.18
2020-04,38.98,21.95,9.96,0.3,0.02,51.76,21.77,21.13
2020-05,60.25,37.1,16.39,0.57,0.15,54.69,24.36,17.22
2020-06,200.11,80.76,38.57,2.53,0.41,72.1,24.72,8.41
2020-07,270.25,97.05,43.2,3.33,0.5,79.37,24.71,3.22
2020-08,331.12,127.95,58.33,4.52,0.97,82.9,24.43,3.3
2020-09,182.14,82.03,35.62,1.95,0.33,78.87,23.88,6.8
2020-10,88.79,52.62,23.99,0.96,0.15,68.67,20.84,17.16
2020-11,30.22,20.51,11.83,0.31,0.07,64.72,15.53,24.58
2020-12,24.1,17.1,7.73,0.29,0.06,66.26,12.3,25.63
2021-01,22.63,17.14,9.03,0.24,0.03,67.22,12.36,24.05
2021-02,8.05,6.35,3.55,0.03,0.0,55.57,13.99,25.86
2021-03,14.15,8.18,4.43,0.11,0.0,48.09,18.62,26.96
2021-04,27.49,15.4,7.08,0.17,0.01,45.58,21.58,23.41
2021-05,103.0,56.74,31.38,1.09,0.26,60.07,23.73,13.88
2021-06,172.06,77.58,32.62,2.25,0.32,71.42,24.38,8.39
2021-07,284.75,127.56,54.82,3.92,0.84,78.48,24.67,7.0
2021-08,199.83,91.15,37.71,2.42,0.37,79.28,24.18,6.65
2021-09,231.81,97.44,47.29,2.66,0.49,82.2,23.65,3.7
2021-10,97.98,57.69,30.36,1.08,0.21,72.22,20.83,12.47
2021-11,61.57,30.77,13.46,0.71,0.1,68.76,16.06,21.49
2021-12,25.3,21.39,13.45,0.27,0.05,69.55,12.61,26.18
2022-01,39.23,27.5,13.12,0.37,0.03,71.87,11.74,15.23
2022-02,18.99,12.27,7.77,0.2,0.01,59.31,13.32,22.44
2022-03,7.38,5.79,2.55,0.04,0.0,49.4,19.16,28.98
2022-04,31.12,14.94,6.26,0.34,0.06,47.32,23.23,25.96
2022-05,73.59,39.23,20.07,0.82,0.19,55.64,24.96,20.11
2022-06,149.11,77.79,31.8,1.65,0.3,64.27,25.24,15.75
2022-07,342.01,133.15,53.51,4.81,0.95,82.24,24.48,2.81
2022-08,276.99,115.25,51.32,3.74,0.84,82.04,24.09,4.43
2022-09,193.43,94.21,39.58,2.44,0.31,80.16,23.4,7.11
2022-10,112.36,64.72,29.12,1.2,0.16,72.35,19.94,14.72
2022-11,19.49,11.1,6.26,0.18,0.03,64.6,15.28,25.23
2022-12,18.32,14.54,7.11,0.16,0.02,66.47,13.01,26.98
2023-01,14.89,8.75,5.56,0.13,0.01,65.97,11.47,24.98
2023-02,7.89,4.98,2.33,0.06,0.0,52.99,14.25,26.08
2023-03,41.98,26.79,13.47,0.29,0.02,55.7,18.07,27.46
2023-04,38.28,31.18,11.88,0.25,0.01,50.41,21.2,20.29
2023-05,57.13,37.14,15.69,0.48,0.03,55.81,23.33,16.27
2023-06,158.89,104.76,45.48,2.13,0.5,63.99,25.3,14.95
2023-07,333.8,142.67,55.76,4.68,0.87,81.8,24.7,3.12
2023-08,170.24,79.29,37.18,2.24,0.5,78.2,24.36,7.95
2023-09,213.64,96.53,43.93,2.69,0.41,78.92,23.84,8.78
2023-10,46.93,40.35,15.7,0.58,0.08,67.04,20.39,21.58
2023-11,48.29,30.13,17.34,0.55,0.09,68.68,17.08,23.71
2023-12,28.78,26.5,16.02,0.32,0.09,70.68,13.59,25.36
