Month,cdd_true,cdd_pred,label_true,label_pred,label_true_txt,label_pred_txt,model,error_bucket
01/12/2012,18.26000023,21.231936,2,2,Drought,Drought,LSTM,Correct
01/01/2013,18.94000053,20.786478,2,2,Drought,Drought,LSTM,Correct
01/02/2013,17.70999908,19.03836,2,2,Drought,Drought,LSTM,Correct
01/03/2013,19.46999931,16.582073,2,2,Drought,Drought,LSTM,Correct
01/04/2013,14.81000042,13.841643,1,1,Slight drought,Slight drought,LSTM,Correct
01/05/2013,11.42000008,12.002394,1,1,Slight drought,Slight drought,LSTM,Correct
01/06/2013,10.11999989,10.071929,0,0,Non-drought,Non-drought,LSTM,Correct
01/07/2013,7.75,8.821299,0,0,Non-drought,Non-drought,LSTM,Correct
01/08/2013,10.07999992,8.467872,0,0,Non-drought,Non-drought,LSTM,Correct
01/09/2013,10.27999973,10.589913,0,0,Non-drought,Non-drought,LSTM,Correct
01/10/2013,16.20000076,15.320558,2,1,Drought,Slight drought,LSTM,Under by 1
01/11/2013,18.73999977,19.705486,2,2,Drought,Drought,LSTM,Correct
01/12/2013,24.05999947,21.33434,2,2,Drought,Drought,LSTM,Correct
01/01/2014,21.31999969,20.67284,2,2,Drought,Drought,LSTM,Correct
01/02/2014,20.84000015,19.125523,2,2,Drought,Drought,LSTM,Correct
01/03/2014,18.48999977,16.958967,2,2,Drought,Drought,LSTM,Correct
01/04/2014,15.51000023,14.254204,1,1,Slight drought,Slight drought,LSTM,Correct
01/05/2014,12.47000027,12.151561,1,1,Slight drought,Slight drought,LSTM,Correct
01/06/2014,10.59000015,10.444793,0,0,Non-drought,Non-drought,LSTM,Correct
01/07/2014,8.010000229,9.238791,0,0,Non-drought,Non-drought,LSTM,Correct
01/08/2014,8.470000267,9.325626,0,0,Non-drought,Non-drought,LSTM,Correct
01/09/2014,9.670000076,11.243767,0,1,Non-drought,Slight drought,LSTM,Over by 1
01/10/2014,16.09000015,14.582007,2,1,Drought,Slight drought,LSTM,Under by 1
01/11/2014,18.12000084,18.836096,2,2,Drought,Drought,LSTM,Correct
01/12/2014,23.02000046,20.955273,2,2,Drought,Drought,LSTM,Correct
01/01/2015,18.79999924,21.055048,2,2,Drought,Drought,LSTM,Correct
01/02/2015,20.52000046,19.017424,2,2,Drought,Drought,LSTM,Correct
01/03/2015,18.29999924,16.67237,2,2,Drought,Drought,LSTM,Correct
01/04/2015,13.34000015,14.198708,1,1,Slight drought,Slight drought,LSTM,Correct
01/05/2015,12.02999973,12.148996,1,1,Slight drought,Slight drought,LSTM,Correct
01/06/2015,9.039999962,10.320188,0,0,Non-drought,Non-drought,LSTM,Correct
01/07/2015,10.56999969,8.930446,0,0,Non-drought,Non-drought,LSTM,Correct
01/08/2015,10.02000046,9.66595,0,0,Non-drought,Non-drought,LSTM,Correct
01/09/2015,10.14999962,11.308469,0,1,Non-drought,Slight drought,LSTM,Over by 1
01/10/2015,16.05999947,15.125851,2,1,Drought,Slight drought,LSTM,Under by 1
01/11/2015,15.23999977,18.591736,1,2,Slight drought,Drought,LSTM,Over by 1
01/12/2015,19.39999962,20.04727,2,2,Drought,Drought,LSTM,Correct
01/01/2016,17.59000015,20.113138,2,2,Drought,Drought,LSTM,Correct
01/02/2016,19.82999992,18.746574,2,2,Drought,Drought,LSTM,Correct
01/03/2016,19.95000076,16.830452,2,2,Drought,Drought,LSTM,Correct
01/04/2016,13.97999954,13.998392,1,1,Slight drought,Slight drought,LSTM,Correct
01/05/2016,10.61999989,11.257425,0,1,Non-drought,Slight drought,LSTM,Over by 1
01/06/2016,9.390000343,9.614446,0,0,Non-drought,Non-drought,LSTM,Correct
01/07/2016,8.779999733,8.59972,0,0,Non-drought,Non-drought,LSTM,Correct
01/08/2016,9.020000458,8.33854,0,0,Non-drought,Non-drought,LSTM,Correct
01/09/2016,11.18999958,10.991498,1,0,Slight drought,Non-drought,LSTM,Under by 1
01/10/2016,13.69999981,15.155176,1,1,Slight drought,Slight drought,LSTM,Correct
01/11/2016,17.39999962,18.813362,2,2,Drought,Drought,LSTM,Correct
01/12/2016,21.86000061,21.00453,2,2,Drought,Drought,LSTM,Correct
01/01/2017,20.73999977,20.659708,2,2,Drought,Drought,LSTM,Correct
01/02/2017,19.55999947,19.046978,2,2,Drought,Drought,LSTM,Correct
01/03/2017,18,16.810379,2,2,Drought,Drought,LSTM,Correct
01/04/2017,14.03999996,14.476369,1,1,Slight drought,Slight drought,LSTM,Correct
01/05/2017,12.43000031,12.472011,1,1,Slight drought,Slight drought,LSTM,Correct
01/06/2017,9.350000381,11.003579,0,1,Non-drought,Slight drought,LSTM,Over by 1
01/07/2017,9.069999695,9.062366,0,0,Non-drought,Non-drought,LSTM,Correct
01/08/2017,7.800000191,8.774764,0,0,Non-drought,Non-drought,LSTM,Correct
01/09/2017,10.42000008,10.29325,0,0,Non-drought,Non-drought,LSTM,Correct
01/10/2017,14.93000031,15.167789,1,1,Slight drought,Slight drought,LSTM,Correct
01/11/2017,21.95000076,19.217995,2,2,Drought,Drought,LSTM,Correct
01/12/2017,24.77000046,21.503794,2,2,Drought,Drought,LSTM,Correct
01/01/2018,19.76000023,21.211174,2,2,Drought,Drought,LSTM,Correct
01/02/2018,21.22999954,18.943235,2,2,Drought,Drought,LSTM,Correct
01/03/2018,17.40999985,16.936693,2,2,Drought,Drought,LSTM,Correct
01/04/2018,13.60999966,14.17346,1,1,Slight drought,Slight drought,LSTM,Correct
01/05/2018,11.73999977,12.16138,1,1,Slight drought,Slight drought,LSTM,Correct
01/06/2018,10.81999969,10.71146,0,0,Non-drought,Non-drought,LSTM,Correct
01/07/2018,8.079999924,9.499209,0,0,Non-drought,Non-drought,LSTM,Correct
01/08/2018,7.429999828,8.8561945,0,0,Non-drought,Non-drought,LSTM,Correct
01/09/2018,9.270000458,10.174576,0,0,Non-drought,Non-drought,LSTM,Correct
01/10/2018,16.63999939,14.820023,2,1,Drought,Slight drought,LSTM,Under by 1
01/11/2018,18.29000092,20.069637,2,2,Drought,Drought,LSTM,Correct
01/12/2018,21.68000031,21.557146,2,2,Drought,Drought,LSTM,Correct
01/01/2019,19.87000084,20.879374,2,2,Drought,Drought,LSTM,Correct
01/02/2019,17.60000038,18.7735,2,2,Drought,Drought,LSTM,Correct
01/03/2019,17.88999939,16.331303,2,2,Drought,Drought,LSTM,Correct
01/04/2019,15.80000019,13.897212,1,1,Slight drought,Slight drought,LSTM,Correct
01/05/2019,12.53999996,11.789949,1,1,Slight drought,Slight drought,LSTM,Correct
01/06/2019,10.71000004,10.560858,0,0,Non-drought,Non-drought,LSTM,Correct
01/07/2019,8.100000381,9.104736,0,0,Non-drought,Non-drought,LSTM,Correct
01/08/2019,9.409999847,8.921561,0,0,Non-drought,Non-drought,LSTM,Correct
01/09/2019,13.35000038,10.787198,1,0,Slight drought,Non-drought,LSTM,Under by 1
01/10/2019,16.13999939,15.255663,2,1,Drought,Slight drought,LSTM,Under by 1
01/11/2019,18.61000061,19.598026,2,2,Drought,Drought,LSTM,Correct
01/12/2019,21.05999947,21.576248,2,2,Drought,Drought,LSTM,Correct
01/01/2020,17.15999985,21.224405,2,2,Drought,Drought,LSTM,Correct
01/02/2020,20.06999969,18.79588,2,2,Drought,Drought,LSTM,Correct
01/03/2020,16.63999939,16.318102,2,2,Drought,Drought,LSTM,Correct
01/04/2020,15.82999992,13.938826,1,1,Slight drought,Slight drought,LSTM,Correct
01/05/2020,12.93000031,12.401051,1,1,Slight drought,Slight drought,LSTM,Correct
01/06/2020,9.819999695,10.764628,0,0,Non-drought,Non-drought,LSTM,Correct
01/07/2020,8.590000153,8.897219,0,0,Non-drought,Non-drought,LSTM,Correct
01/08/2020,8.130000114,8.556231,0,0,Non-drought,Non-drought,LSTM,Correct
01/09/2020,10.67000008,9.743082,0,0,Non-drought,Non-drought,LSTM,Correct
01/10/2020,17.54000092,14.038699,2,1,Drought,Slight drought,LSTM,Under by 1
01/11/2020,21.62000084,19.41739,2,2,Drought,Drought,LSTM,Correct
01/12/2020,24.35000038,21.39858,2,2,Drought,Drought,LSTM,Correct
01/01/2021,19.98999977,21.525352,2,2,Drought,Drought,LSTM,Correct
01/02/2021,19.71999931,19.506908,2,2,Drought,Drought,LSTM,Correct
01/03/2021,15.94999981,16.54165,1,2,Slight drought,Drought,LSTM,Over by 1
01/04/2021,12.27999973,14.103271,1,1,Slight drought,Slight drought,LSTM,Correct
01/05/2021,11.77999973,12.460378,1,1,Slight drought,Slight drought,LSTM,Correct
01/06/2021,9.609999657,10.61526,0,0,Non-drought,Non-drought,LSTM,Correct
01/07/2021,9.489999771,9.457003,0,0,Non-drought,Non-drought,LSTM,Correct
01/08/2021,9.100000381,8.507257,0,0,Non-drought,Non-drought,LSTM,Correct
01/09/2021,10.35999966,10.127035,0,0,Non-drought,Non-drought,LSTM,Correct
01/10/2021,14.48999977,14.28085,1,1,Slight drought,Slight drought,LSTM,Correct
01/11/2021,19.20999908,18.351067,2,2,Drought,Drought,LSTM,Correct
01/12/2021,22.72999954,21.1468,2,2,Drought,Drought,LSTM,Correct
01/01/2022,19.12999916,21.112644,2,2,Drought,Drought,LSTM,Correct
01/02/2022,17.95999908,19.191414,2,2,Drought,Drought,LSTM,Correct
01/03/2022,20.18000031,16.772749,2,2,Drought,Drought,LSTM,Correct
01/04/2022,16.45999908,13.557444,2,1,Drought,Slight drought,LSTM,Under by 1
01/05/2022,12.02000046,11.497159,1,1,Slight drought,Slight drought,LSTM,Correct
01/06/2022,10.26000023,10.009091,0,0,Non-drought,Non-drought,LSTM,Correct
01/07/2022,9.970000267,8.385297,0,0,Non-drought,Non-drought,LSTM,Correct
01/08/2022,9.619999886,9.543958,0,0,Non-drought,Non-drought,LSTM,Correct
01/09/2022,13.23999977,12.0883465,1,1,Slight drought,Slight drought,LSTM,Correct
01/10/2022,17.35000038,16.214888,2,2,Drought,Drought,LSTM,Correct
01/11/2022,18.60000038,19.588715,2,2,Drought,Drought,LSTM,Correct
01/12/2022,24.37999916,20.559055,2,2,Drought,Drought,LSTM,Correct
01/01/2023,19.70000076,20.933138,2,2,Drought,Drought,LSTM,Correct
01/02/2023,21.02000046,19.315,2,2,Drought,Drought,LSTM,Correct
01/03/2023,21.01000023,16.806345,2,2,Drought,Drought,LSTM,Correct
01/04/2023,14.97999954,14.202446,1,1,Slight drought,Slight drought,LSTM,Correct
01/05/2023,11.13000011,12.009485,1,1,Slight drought,Slight drought,LSTM,Correct
01/06/2023,10.97999954,11.072085,0,1,Non-drought,Slight drought,LSTM,Over by 1
01/07/2023,9,10.030515,0,0,Non-drought,Non-drought,LSTM,Correct
01/08/2023,8.659999847,9.163249,0,0,Non-drought,Non-drought,LSTM,Correct
01/09/2023,10.68999958,10.524474,0,0,Non-drought,Non-drought,LSTM,Correct
01/10/2023,15.15999985,14.404381,1,1,Slight drought,Slight drought,LSTM,Correct
01/11/2023,18.45999908,18.96033,2,2,Drought,Drought,LSTM,Correct
01/12/2023,21.89999962,21.250872,2,2,Drought,Drought,LSTM,Correct
01/10/2012,15.52999973,14.8358755,1,1,Slight drought,Slight drought,CEEMDAN-LSTM,Correct
01/11/2012,15.85000038,19.544611,1,2,Slight drought,Drought,CEEMDAN-LSTM,Over by 1
01/12/2012,18.26000023,22.587736,2,2,Drought,Drought,CEEMDAN-LSTM,Correct
01/01/2013,18.94000053,19.29279,2,2,Drought,Drought,CEEMDAN-LSTM,Correct
01/02/2013,17.70999908,19.927143,2,2,Drought,Drought,CEEMDAN-LSTM,Correct
01/03/2013,19.46999931,16.852156,2,2,Drought,Drought,CEEMDAN-LSTM,Correct
01/04/2013,14.81000042,13.8877,1,1,Slight drought,Slight drought,CEEMDAN-LSTM,Correct
01/05/2013,11.42000008,12.13852,1,1,Slight drought,Slight drought,CEEMDAN-LSTM,Correct
01/06/2013,10.11999989,9.767717,0,0,Non-drought,Non-drought,CEEMDAN-LSTM,Correct
01/07/2013,7.75,8.352725,0,0,Non-drought,Non-drought,CEEMDAN-LSTM,Correct
01/08/2013,10.07999992,8.354351,0,0,Non-drought,Non-drought,CEEMDAN-LSTM,Correct
01/09/2013,10.27999973,10.244619,0,0,Non-drought,Non-drought,CEEMDAN-LSTM,Correct
01/10/2013,16.20000076,14.908622,2,1,Drought,Slight drought,CEEMDAN-LSTM,Under by 1
01/11/2013,18.73999977,19.249819,2,2,Drought,Drought,CEEMDAN-LSTM,Correct
01/12/2013,24.05999947,22.230381,2,2,Drought,Drought,CEEMDAN-LSTM,Correct
01/01/2014,21.31999969,19.006643,2,2,Drought,Drought,CEEMDAN-LSTM,Correct
01/02/2014,20.84000015,20.042385,2,2,Drought,Drought,CEEMDAN-LSTM,Correct
01/03/2014,18.48999977,17.345612,2,2,Drought,Drought,CEEMDAN-LSTM,Correct
01/04/2014,15.51000023,14.112864,1,1,Slight drought,Slight drought,CEEMDAN-LSTM,Correct
01/05/2014,12.47000027,11.960372,1,1,Slight drought,Slight drought,CEEMDAN-LSTM,Correct
01/06/2014,10.59000015,10.181298,0,0,Non-drought,Non-drought,CEEMDAN-LSTM,Correct
01/07/2014,8.010000229,8.779938,0,0,Non-drought,Non-drought,CEEMDAN-LSTM,Correct
01/08/2014,8.470000267,8.5778675,0,0,Non-drought,Non-drought,CEEMDAN-LSTM,Correct
01/09/2014,9.670000076,10.599573,0,0,Non-drought,Non-drought,CEEMDAN-LSTM,Correct
01/10/2014,16.09000015,14.037414,2,1,Drought,Slight drought,CEEMDAN-LSTM,Under by 1
01/11/2014,18.12000084,18.574976,2,2,Drought,Drought,CEEMDAN-LSTM,Correct
01/12/2014,23.02000046,21.684196,2,2,Drought,Drought,CEEMDAN-LSTM,Correct
01/01/2015,18.79999924,19.191315,2,2,Drought,Drought,CEEMDAN-LSTM,Correct
01/02/2015,20.52000046,19.728264,2,2,Drought,Drought,CEEMDAN-LSTM,Correct
01/03/2015,18.29999924,16.943825,2,2,Drought,Drought,CEEMDAN-LSTM,Correct
01/04/2015,13.34000015,14.075185,1,1,Slight drought,Slight drought,CEEMDAN-LSTM,Correct
01/05/2015,12.02999973,11.973012,1,1,Slight drought,Slight drought,CEEMDAN-LSTM,Correct
01/06/2015,9.039999962,10.245476,0,0,Non-drought,Non-drought,CEEMDAN-LSTM,Correct
01/07/2015,10.56999969,8.81761,0,0,Non-drought,Non-drought,CEEMDAN-LSTM,Correct
01/08/2015,10.02000046,9.056434,0,0,Non-drought,Non-drought,CEEMDAN-LSTM,Correct
01/09/2015,10.14999962,10.55591,0,0,Non-drought,Non-drought,CEEMDAN-LSTM,Correct
01/10/2015,16.05999947,14.3350115,2,1,Drought,Slight drought,CEEMDAN-LSTM,Under by 1
01/11/2015,15.23999977,18.224825,1,2,Slight drought,Drought,CEEMDAN-LSTM,Over by 1
01/12/2015,19.39999962,20.521671,2,2,Drought,Drought,CEEMDAN-LSTM,Correct
01/01/2016,17.59000015,18.621729,2,2,Drought,Drought,CEEMDAN-LSTM,Correct
01/02/2016,19.82999992,19.55296,2,2,Drought,Drought,CEEMDAN-LSTM,Correct
01/03/2016,19.95000076,17.215025,2,2,Drought,Drought,CEEMDAN-LSTM,Correct
01/04/2016,13.97999954,13.968246,1,1,Slight drought,Slight drought,CEEMDAN-LSTM,Correct
01/05/2016,10.61999989,11.552511,0,1,Non-drought,Slight drought,CEEMDAN-LSTM,Over by 1
01/06/2016,9.390000343,9.741888,0,0,Non-drought,Non-drought,CEEMDAN-LSTM,Correct
01/07/2016,8.779999733,8.262651,0,0,Non-drought,Non-drought,CEEMDAN-LSTM,Correct
01/08/2016,9.020000458,7.9222293,0,0,Non-drought,Non-drought,CEEMDAN-LSTM,Correct
01/09/2016,11.18999958,10.367043,1,0,Slight drought,Non-drought,CEEMDAN-LSTM,Under by 1
01/10/2016,13.69999981,14.519104,1,1,Slight drought,Slight drought,CEEMDAN-LSTM,Correct
01/11/2016,17.39999962,18.63976,2,2,Drought,Drought,CEEMDAN-LSTM,Correct
01/12/2016,21.86000061,22.306755,2,2,Drought,Drought,CEEMDAN-LSTM,Correct
01/01/2017,20.73999977,18.762897,2,2,Drought,Drought,CEEMDAN-LSTM,Correct
01/02/2017,19.55999947,19.81951,2,2,Drought,Drought,CEEMDAN-LSTM,Correct
01/03/2017,18,17.261507,2,2,Drought,Drought,CEEMDAN-LSTM,Correct
01/04/2017,14.03999996,14.513412,1,1,Slight drought,Slight drought,CEEMDAN-LSTM,Correct
01/05/2017,12.43000031,12.104488,1,1,Slight drought,Slight drought,CEEMDAN-LSTM,Correct
01/06/2017,9.350000381,10.464886,0,0,Non-drought,Non-drought,CEEMDAN-LSTM,Correct
01/07/2017,9.069999695,8.856035,0,0,Non-drought,Non-drought,CEEMDAN-LSTM,Correct
01/08/2017,7.800000191,8.235886,0,0,Non-drought,Non-drought,CEEMDAN-LSTM,Correct
01/09/2017,10.42000008,10.061183,0,0,Non-drought,Non-drought,CEEMDAN-LSTM,Correct
01/10/2017,14.93000031,14.494994,1,1,Slight drought,Slight drought,CEEMDAN-LSTM,Correct
01/11/2017,21.95000076,18.871609,2,2,Drought,Drought,CEEMDAN-LSTM,Correct
01/12/2017,24.77000046,22.403042,2,2,Drought,Drought,CEEMDAN-LSTM,Correct
01/01/2018,19.76000023,18.990026,2,2,Drought,Drought,CEEMDAN-LSTM,Correct
01/02/2018,21.22999954,19.901821,2,2,Drought,Drought,CEEMDAN-LSTM,Correct
01/03/2018,17.40999985,17.283731,2,2,Drought,Drought,CEEMDAN-LSTM,Correct
01/04/2018,13.60999966,13.67119,1,1,Slight drought,Slight drought,CEEMDAN-LSTM,Correct
01/05/2018,11.73999977,11.998392,1,1,Slight drought,Slight drought,CEEMDAN-LSTM,Correct
01/06/2018,10.81999969,10.326462,0,0,Non-drought,Non-drought,CEEMDAN-LSTM,Correct
01/07/2018,8.079999924,8.805134,0,0,Non-drought,Non-drought,CEEMDAN-LSTM,Correct
01/08/2018,7.429999828,8.3652525,0,0,Non-drought,Non-drought,CEEMDAN-LSTM,Correct
01/09/2018,9.270000458,9.966145,0,0,Non-drought,Non-drought,CEEMDAN-LSTM,Correct
01/10/2018,16.63999939,14.492816,2,1,Drought,Slight drought,CEEMDAN-LSTM,Under by 1
01/11/2018,18.29000092,19.827793,2,2,Drought,Drought,CEEMDAN-LSTM,Correct
01/12/2018,21.68000031,22.647114,2,2,Drought,Drought,CEEMDAN-LSTM,Correct
01/01/2019,19.87000084,19.106962,2,2,Drought,Drought,CEEMDAN-LSTM,Correct
01/02/2019,17.60000038,19.75095,2,2,Drought,Drought,CEEMDAN-LSTM,Correct
01/03/2019,17.88999939,16.58608,2,2,Drought,Drought,CEEMDAN-LSTM,Correct
01/04/2019,15.80000019,13.982733,1,1,Slight drought,Slight drought,CEEMDAN-LSTM,Correct
01/05/2019,12.53999996,11.64431,1,1,Slight drought,Slight drought,CEEMDAN-LSTM,Correct
01/06/2019,10.71000004,10.268956,0,0,Non-drought,Non-drought,CEEMDAN-LSTM,Correct
01/07/2019,8.100000381,8.705809,0,0,Non-drought,Non-drought,CEEMDAN-LSTM,Correct
01/08/2019,9.409999847,8.54804,0,0,Non-drought,Non-drought,CEEMDAN-LSTM,Correct
01/09/2019,13.35000038,10.239582,1,0,Slight drought,Non-drought,CEEMDAN-LSTM,Under by 1
01/10/2019,16.13999939,14.382575,2,1,Drought,Slight drought,CEEMDAN-LSTM,Under by 1
01/11/2019,18.61000061,19.024094,2,2,Drought,Drought,CEEMDAN-LSTM,Correct
01/12/2019,21.05999947,21.934666,2,2,Drought,Drought,CEEMDAN-LSTM,Correct
01/01/2020,17.15999985,19.438152,2,2,Drought,Drought,CEEMDAN-LSTM,Correct
01/02/2020,20.06999969,19.681673,2,2,Drought,Drought,CEEMDAN-LSTM,Correct
01/03/2020,16.63999939,16.518587,2,2,Drought,Drought,CEEMDAN-LSTM,Correct
01/04/2020,15.82999992,13.826762,1,1,Slight drought,Slight drought,CEEMDAN-LSTM,Correct
01/05/2020,12.93000031,12.237403,1,1,Slight drought,Slight drought,CEEMDAN-LSTM,Correct
01/06/2020,9.819999695,10.3582115,0,0,Non-drought,Non-drought,CEEMDAN-LSTM,Correct
01/07/2020,8.590000153,8.843054,0,0,Non-drought,Non-drought,CEEMDAN-LSTM,Correct
01/08/2020,8.130000114,8.435415,0,0,Non-drought,Non-drought,CEEMDAN-LSTM,Correct
01/09/2020,10.67000008,9.907486,0,0,Non-drought,Non-drought,CEEMDAN-LSTM,Correct
01/10/2020,17.54000092,14.030023,2,1,Drought,Slight drought,CEEMDAN-LSTM,Under by 1
01/11/2020,21.62000084,18.95043,2,2,Drought,Drought,CEEMDAN-LSTM,Correct
01/12/2020,24.35000038,22.27279,2,2,Drought,Drought,CEEMDAN-LSTM,Correct
01/01/2021,19.98999977,19.61936,2,2,Drought,Drought,CEEMDAN-LSTM,Correct
01/02/2021,19.71999931,20.241707,2,2,Drought,Drought,CEEMDAN-LSTM,Correct
01/03/2021,15.94999981,16.411388,1,2,Slight drought,Drought,CEEMDAN-LSTM,Over by 1
01/04/2021,12.27999973,14.007201,1,1,Slight drought,Slight drought,CEEMDAN-LSTM,Correct
01/05/2021,11.77999973,12.231928,1,1,Slight drought,Slight drought,CEEMDAN-LSTM,Correct
01/06/2021,9.609999657,10.219434,0,0,Non-drought,Non-drought,CEEMDAN-LSTM,Correct
01/07/2021,9.489999771,9.112902,0,0,Non-drought,Non-drought,CEEMDAN-LSTM,Correct
01/08/2021,9.100000381,8.215113,0,0,Non-drought,Non-drought,CEEMDAN-LSTM,Correct
01/09/2021,10.35999966,10.196901,0,0,Non-drought,Non-drought,CEEMDAN-LSTM,Correct
01/10/2021,14.48999977,14.030942,1,1,Slight drought,Slight drought,CEEMDAN-LSTM,Correct
01/11/2021,19.20999908,18.293177,2,2,Drought,Drought,CEEMDAN-LSTM,Correct
01/12/2021,22.72999954,22.438992,2,2,Drought,Drought,CEEMDAN-LSTM,Correct
01/01/2022,19.12999916,19.60928,2,2,Drought,Drought,CEEMDAN-LSTM,Correct
01/02/2022,17.95999908,19.747295,2,2,Drought,Drought,CEEMDAN-LSTM,Correct
01/03/2022,20.18000031,17.654318,2,2,Drought,Drought,CEEMDAN-LSTM,Correct
01/04/2022,16.45999908,13.188759,2,1,Drought,Slight drought,CEEMDAN-LSTM,Under by 1
01/05/2022,12.02000046,11.547118,1,1,Slight drought,Slight drought,CEEMDAN-LSTM,Correct
01/06/2022,10.26000023,9.8558235,0,0,Non-drought,Non-drought,CEEMDAN-LSTM,Correct
01/07/2022,9.970000267,8.278391,0,0,Non-drought,Non-drought,CEEMDAN-LSTM,Correct
01/08/2022,9.619999886,8.873744,0,0,Non-drought,Non-drought,CEEMDAN-LSTM,Correct
01/09/2022,13.23999977,10.836834,1,0,Slight drought,Non-drought,CEEMDAN-LSTM,Under by 1
01/10/2022,17.35000038,14.850005,2,1,Drought,Slight drought,CEEMDAN-LSTM,Under by 1
01/11/2022,18.60000038,19.130405,2,2,Drought,Drought,CEEMDAN-LSTM,Correct
01/12/2022,24.37999916,20.138508,2,2,Drought,Drought,CEEMDAN-LSTM,Correct
01/01/2023,19.70000076,19.881182,2,2,Drought,Drought,CEEMDAN-LSTM,Correct
01/02/2023,21.02000046,20.00815,2,2,Drought,Drought,CEEMDAN-LSTM,Correct
01/03/2023,21.01000023,17.00025,2,2,Drought,Drought,CEEMDAN-LSTM,Correct
01/04/2023,14.97999954,14.156142,1,1,Slight drought,Slight drought,CEEMDAN-LSTM,Correct
01/05/2023,11.13000011,12.005422,1,1,Slight drought,Slight drought,CEEMDAN-LSTM,Correct
01/06/2023,10.97999954,10.558057,0,0,Non-drought,Non-drought,CEEMDAN-LSTM,Correct
01/07/2023,9,9.198705,0,0,Non-drought,Non-drought,CEEMDAN-LSTM,Correct
01/08/2023,8.659999847,8.535804,0,0,Non-drought,Non-drought,CEEMDAN-LSTM,Correct
01/09/2023,10.68999958,10.083258,0,0,Non-drought,Non-drought,CEEMDAN-LSTM,Correct
01/10/2012,15.52999973,15.2703085,1,1,Slight drought,Slight drought,CEEMDAN-CNN-LSTM,Correct
01/11/2012,15.85000038,20.46376,1,2,Slight drought,Drought,CEEMDAN-CNN-LSTM,Over by 1
01/12/2012,18.26000023,22.87236,2,2,Drought,Drought,CEEMDAN-CNN-LSTM,Correct
01/01/2013,18.94000053,19.324352,2,2,Drought,Drought,CEEMDAN-CNN-LSTM,Correct
01/02/2013,17.70999908,20.205708,2,2,Drought,Drought,CEEMDAN-CNN-LSTM,Correct
01/03/2013,19.46999931,17.28707,2,2,Drought,Drought,CEEMDAN-CNN-LSTM,Correct
01/04/2013,14.81000042,14.785106,1,1,Slight drought,Slight drought,CEEMDAN-CNN-LSTM,Correct
01/05/2013,11.42000008,12.421873,1,1,Slight drought,Slight drought,CEEMDAN-CNN-LSTM,Correct
01/06/2013,10.11999989,10.106012,0,0,Non-drought,Non-drought,CEEMDAN-CNN-LSTM,Correct
01/07/2013,7.75,9.1715765,0,0,Non-drought,Non-drought,CEEMDAN-CNN-LSTM,Correct
01/08/2013,10.07999992,8.418291,0,0,Non-drought,Non-drought,CEEMDAN-CNN-LSTM,Correct
01/09/2013,10.27999973,10.433777,0,0,Non-drought,Non-drought,CEEMDAN-CNN-LSTM,Correct
01/10/2013,16.20000076,15.495563,2,1,Drought,Slight drought,CEEMDAN-CNN-LSTM,Under by 1
01/11/2013,18.73999977,19.50558,2,2,Drought,Drought,CEEMDAN-CNN-LSTM,Correct
01/12/2013,24.05999947,22.828205,2,2,Drought,Drought,CEEMDAN-CNN-LSTM,Correct
01/01/2014,21.31999969,19.322357,2,2,Drought,Drought,CEEMDAN-CNN-LSTM,Correct
01/02/2014,20.84000015,19.799276,2,2,Drought,Drought,CEEMDAN-CNN-LSTM,Correct
01/03/2014,18.48999977,18.090178,2,2,Drought,Drought,CEEMDAN-CNN-LSTM,Correct
01/04/2014,15.51000023,15.237812,1,1,Slight drought,Slight drought,CEEMDAN-CNN-LSTM,Correct
01/05/2014,12.47000027,13.123035,1,1,Slight drought,Slight drought,CEEMDAN-CNN-LSTM,Correct
01/06/2014,10.59000015,10.872936,0,0,Non-drought,Non-drought,CEEMDAN-CNN-LSTM,Correct
01/07/2014,8.010000229,8.96677,0,0,Non-drought,Non-drought,CEEMDAN-CNN-LSTM,Correct
01/08/2014,8.470000267,9.086954,0,0,Non-drought,Non-drought,CEEMDAN-CNN-LSTM,Correct
01/09/2014,9.670000076,11.1077,0,1,Non-drought,Slight drought,CEEMDAN-CNN-LSTM,Over by 1
01/10/2014,16.09000015,14.063921,2,1,Drought,Slight drought,CEEMDAN-CNN-LSTM,Under by 1
01/11/2014,18.12000084,19.18451,2,2,Drought,Drought,CEEMDAN-CNN-LSTM,Correct
01/12/2014,23.02000046,22.463898,2,2,Drought,Drought,CEEMDAN-CNN-LSTM,Correct
01/01/2015,18.79999924,19.382357,2,2,Drought,Drought,CEEMDAN-CNN-LSTM,Correct
01/02/2015,20.52000046,20.736008,2,2,Drought,Drought,CEEMDAN-CNN-LSTM,Correct
01/03/2015,18.29999924,17.758802,2,2,Drought,Drought,CEEMDAN-CNN-LSTM,Correct
01/04/2015,13.34000015,14.293812,1,1,Slight drought,Slight drought,CEEMDAN-CNN-LSTM,Correct
01/05/2015,12.02999973,11.693452,1,1,Slight drought,Slight drought,CEEMDAN-CNN-LSTM,Correct
01/06/2015,9.039999962,9.962611,0,0,Non-drought,Non-drought,CEEMDAN-CNN-LSTM,Correct
01/07/2015,10.56999969,9.054402,0,0,Non-drought,Non-drought,CEEMDAN-CNN-LSTM,Correct
01/08/2015,10.02000046,9.526417,0,0,Non-drought,Non-drought,CEEMDAN-CNN-LSTM,Correct
01/09/2015,10.14999962,10.647778,0,0,Non-drought,Non-drought,CEEMDAN-CNN-LSTM,Correct
01/10/2015,16.05999947,14.747843,2,1,Drought,Slight drought,CEEMDAN-CNN-LSTM,Under by 1
01/11/2015,15.23999977,18.079819,1,2,Slight drought,Drought,CEEMDAN-CNN-LSTM,Over by 1
01/12/2015,19.39999962,22.406672,2,2,Drought,Drought,CEEMDAN-CNN-LSTM,Correct
01/01/2016,17.59000015,18.861855,2,2,Drought,Drought,CEEMDAN-CNN-LSTM,Correct
01/02/2016,19.82999992,20.399683,2,2,Drought,Drought,CEEMDAN-CNN-LSTM,Correct
01/03/2016,19.95000076,17.703506,2,2,Drought,Drought,CEEMDAN-CNN-LSTM,Correct
01/04/2016,13.97999954,14.180916,1,1,Slight drought,Slight drought,CEEMDAN-CNN-LSTM,Correct
01/05/2016,10.61999989,12.010036,0,1,Non-drought,Slight drought,CEEMDAN-CNN-LSTM,Over by 1
01/06/2016,9.390000343,10.115126,0,0,Non-drought,Non-drought,CEEMDAN-CNN-LSTM,Correct
01/07/2016,8.779999733,8.43621,0,0,Non-drought,Non-drought,CEEMDAN-CNN-LSTM,Correct
01/08/2016,9.020000458,8.607122,0,0,Non-drought,Non-drought,CEEMDAN-CNN-LSTM,Correct
01/09/2016,11.18999958,11.012846,1,1,Slight drought,Slight drought,CEEMDAN-CNN-LSTM,Correct
01/10/2016,13.69999981,14.623769,1,1,Slight drought,Slight drought,CEEMDAN-CNN-LSTM,Correct
01/11/2016,17.39999962,19.205065,2,2,Drought,Drought,CEEMDAN-CNN-LSTM,Correct
01/12/2016,21.86000061,22.83651,2,2,Drought,Drought,CEEMDAN-CNN-LSTM,Correct
01/01/2017,20.73999977,20.408018,2,2,Drought,Drought,CEEMDAN-CNN-LSTM,Correct
01/02/2017,19.55999947,19.82809,2,2,Drought,Drought,CEEMDAN-CNN-LSTM,Correct
01/03/2017,18,18.036768,2,2,Drought,Drought,CEEMDAN-CNN-LSTM,Correct
01/04/2017,14.03999996,14.46566,1,1,Slight drought,Slight drought,CEEMDAN-CNN-LSTM,Correct
01/05/2017,12.43000031,12.602858,1,1,Slight drought,Slight drought,CEEMDAN-CNN-LSTM,Correct
01/06/2017,9.350000381,10.839146,0,0,Non-drought,Non-drought,CEEMDAN-CNN-LSTM,Correct
01/07/2017,9.069999695,8.764977,0,0,Non-drought,Non-drought,CEEMDAN-CNN-LSTM,Correct
01/08/2017,7.800000191,8.38007,0,0,Non-drought,Non-drought,CEEMDAN-CNN-LSTM,Correct
01/09/2017,10.42000008,10.68598,0,0,Non-drought,Non-drought,CEEMDAN-CNN-LSTM,Correct
01/10/2017,14.93000031,14.839979,1,1,Slight drought,Slight drought,CEEMDAN-CNN-LSTM,Correct
01/11/2017,21.95000076,18.659224,2,2,Drought,Drought,CEEMDAN-CNN-LSTM,Correct
01/12/2017,24.77000046,24.037949,2,2,Drought,Drought,CEEMDAN-CNN-LSTM,Correct
01/01/2018,19.76000023,19.82818,2,2,Drought,Drought,CEEMDAN-CNN-LSTM,Correct
01/02/2018,21.22999954,21.599379,2,2,Drought,Drought,CEEMDAN-CNN-LSTM,Correct
01/03/2018,17.40999985,19.300205,2,2,Drought,Drought,CEEMDAN-CNN-LSTM,Correct
01/04/2018,13.60999966,15.033195,1,1,Slight drought,Slight drought,CEEMDAN-CNN-LSTM,Correct
01/05/2018,11.73999977,13.422207,1,1,Slight drought,Slight drought,CEEMDAN-CNN-LSTM,Correct
01/06/2018,10.81999969,10.818617,0,0,Non-drought,Non-drought,CEEMDAN-CNN-LSTM,Correct
01/07/2018,8.079999924,9.54929,0,0,Non-drought,Non-drought,CEEMDAN-CNN-LSTM,Correct
01/08/2018,7.429999828,9.115864,0,0,Non-drought,Non-drought,CEEMDAN-CNN-LSTM,Correct
01/09/2018,9.270000458,10.63073,0,0,Non-drought,Non-drought,CEEMDAN-CNN-LSTM,Correct
01/10/2018,16.63999939,14.294357,2,1,Drought,Slight drought,CEEMDAN-CNN-LSTM,Under by 1
01/11/2018,18.29000092,20.146585,2,2,Drought,Drought,CEEMDAN-CNN-LSTM,Correct
01/12/2018,21.68000031,23.98975,2,2,Drought,Drought,CEEMDAN-CNN-LSTM,Correct
01/01/2019,19.87000084,19.610744,2,2,Drought,Drought,CEEMDAN-CNN-LSTM,Correct
01/02/2019,17.60000038,20.176674,2,2,Drought,Drought,CEEMDAN-CNN-LSTM,Correct
01/03/2019,17.88999939,16.731709,2,2,Drought,Drought,CEEMDAN-CNN-LSTM,Correct
01/04/2019,15.80000019,14.364238,1,1,Slight drought,Slight drought,CEEMDAN-CNN-LSTM,Correct
01/05/2019,12.53999996,11.884967,1,1,Slight drought,Slight drought,CEEMDAN-CNN-LSTM,Correct
01/06/2019,10.71000004,10.31221,0,0,Non-drought,Non-drought,CEEMDAN-CNN-LSTM,Correct
01/07/2019,8.100000381,8.85803,0,0,Non-drought,Non-drought,CEEMDAN-CNN-LSTM,Correct
01/08/2019,9.409999847,8.481945,0,0,Non-drought,Non-drought,CEEMDAN-CNN-LSTM,Correct
01/09/2019,13.35000038,10.631238,1,0,Slight drought,Non-drought,CEEMDAN-CNN-LSTM,Under by 1
01/10/2019,16.13999939,14.853171,2,1,Drought,Slight drought,CEEMDAN-CNN-LSTM,Under by 1
01/11/2019,18.61000061,19.295132,2,2,Drought,Drought,CEEMDAN-CNN-LSTM,Correct
01/12/2019,21.05999947,22.621656,2,2,Drought,Drought,CEEMDAN-CNN-LSTM,Correct
01/01/2020,17.15999985,20.249321,2,2,Drought,Drought,CEEMDAN-CNN-LSTM,Correct
01/02/2020,20.06999969,20.9338,2,2,Drought,Drought,CEEMDAN-CNN-LSTM,Correct
01/03/2020,16.63999939,17.42517,2,2,Drought,Drought,CEEMDAN-CNN-LSTM,Correct
01/04/2020,15.82999992,14.672092,1,1,Slight drought,Slight drought,CEEMDAN-CNN-LSTM,Correct
01/05/2020,12.93000031,12.442448,1,1,Slight drought,Slight drought,CEEMDAN-CNN-LSTM,Correct
01/06/2020,9.819999695,10.336541,0,0,Non-drought,Non-drought,CEEMDAN-CNN-LSTM,Correct
01/07/2020,8.590000153,8.78219,0,0,Non-drought,Non-drought,CEEMDAN-CNN-LSTM,Correct
01/08/2020,8.130000114,9.102993,0,0,Non-drought,Non-drought,CEEMDAN-CNN-LSTM,Correct
01/09/2020,10.67000008,10.3484535,0,0,Non-drought,Non-drought,CEEMDAN-CNN-LSTM,Correct
01/10/2020,17.54000092,14.442128,2,1,Drought,Slight drought,CEEMDAN-CNN-LSTM,Under by 1
01/11/2020,21.62000084,18.676758,2,2,Drought,Drought,CEEMDAN-CNN-LSTM,Correct
01/12/2020,24.35000038,23.02491,2,2,Drought,Drought,CEEMDAN-CNN-LSTM,Correct
01/01/2021,19.98999977,19.931215,2,2,Drought,Drought,CEEMDAN-CNN-LSTM,Correct
01/02/2021,19.71999931,21.046309,2,2,Drought,Drought,CEEMDAN-CNN-LSTM,Correct
01/03/2021,15.94999981,18.15921,1,2,Slight drought,Drought,CEEMDAN-CNN-LSTM,Over by 1
01/04/2021,12.27999973,15.703134,1,1,Slight drought,Slight drought,CEEMDAN-CNN-LSTM,Correct
01/05/2021,11.77999973,11.797863,1,1,Slight drought,Slight drought,CEEMDAN-CNN-LSTM,Correct
01/06/2021,9.609999657,10.708985,0,0,Non-drought,Non-drought,CEEMDAN-CNN-LSTM,Correct
01/07/2021,9.489999771,9.584158,0,0,Non-drought,Non-drought,CEEMDAN-CNN-LSTM,Correct
01/08/2021,9.100000381,8.99785,0,0,Non-drought,Non-drought,CEEMDAN-CNN-LSTM,Correct
01/09/2021,10.35999966,10.678906,0,0,Non-drought,Non-drought,CEEMDAN-CNN-LSTM,Correct
01/10/2021,14.48999977,14.0225525,1,1,Slight drought,Slight drought,CEEMDAN-CNN-LSTM,Correct
01/11/2021,19.20999908,18.694393,2,2,Drought,Drought,CEEMDAN-CNN-LSTM,Correct
01/12/2021,22.72999954,23.414871,2,2,Drought,Drought,CEEMDAN-CNN-LSTM,Correct
01/01/2022,19.12999916,20.30743,2,2,Drought,Drought,CEEMDAN-CNN-LSTM,Correct
01/02/2022,17.95999908,20.855122,2,2,Drought,Drought,CEEMDAN-CNN-LSTM,Correct
01/03/2022,20.18000031,18.379099,2,2,Drought,Drought,CEEMDAN-CNN-LSTM,Correct
01/04/2022,16.45999908,14.509562,2,1,Drought,Slight drought,CEEMDAN-CNN-LSTM,Under by 1
01/05/2022,12.02000046,12.703199,1,1,Slight drought,Slight drought,CEEMDAN-CNN-LSTM,Correct
01/06/2022,10.26000023,10.07567,0,0,Non-drought,Non-drought,CEEMDAN-CNN-LSTM,Correct
01/07/2022,9.970000267,8.397075,0,0,Non-drought,Non-drought,CEEMDAN-CNN-LSTM,Correct
01/08/2022,9.619999886,10.113916,0,0,Non-drought,Non-drought,CEEMDAN-CNN-LSTM,Correct
01/09/2022,13.23999977,11.856279,1,1,Slight drought,Slight drought,CEEMDAN-CNN-LSTM,Correct
01/10/2022,17.35000038,15.512665,2,1,Drought,Slight drought,CEEMDAN-CNN-LSTM,Under by 1
01/11/2022,18.60000038,19.622948,2,2,Drought,Drought,CEEMDAN-CNN-LSTM,Correct
01/12/2022,24.37999916,21.549961,2,2,Drought,Drought,CEEMDAN-CNN-LSTM,Correct
01/01/2023,19.70000076,20.09554,2,2,Drought,Drought,CEEMDAN-CNN-LSTM,Correct
01/02/2023,21.02000046,21.161575,2,2,Drought,Drought,CEEMDAN-CNN-LSTM,Correct
01/03/2023,21.01000023,18.049498,2,2,Drought,Drought,CEEMDAN-CNN-LSTM,Correct
01/04/2023,14.97999954,15.433102,1,1,Slight drought,Slight drought,CEEMDAN-CNN-LSTM,Correct
01/05/2023,11.13000011,12.024513,1,1,Slight drought,Slight drought,CEEMDAN-CNN-LSTM,Correct
01/06/2023,10.97999954,10.526843,0,0,Non-drought,Non-drought,CEEMDAN-CNN-LSTM,Correct
01/07/2023,9,9.228908,0,0,Non-drought,Non-drought,CEEMDAN-CNN-LSTM,Correct
01/08/2023,8.659999847,9.819942,0,0,Non-drought,Non-drought,CEEMDAN-CNN-LSTM,Correct
01/09/2023,10.68999958,10.7262745,0,0,Non-drought,Non-drought,CEEMDAN-CNN-LSTM,Correct
