Month,hurs,pr,rx5day,r20mm,rx1day,tasmin,r50mm,cdd
1950-01,86.35,191.3,84.02,1.75,34.32,21.63,0.22,3.07
1950-02,84.25,139.97,68.78,1.53,28.51,21.51,0.12,4.8
1950-03,85.2,225.16,105.54,2.61,42.09,22.21,0.32,4.28
1950-04,82.68,143.27,48.32,1.0,18.26,22.9,0.04,4.77
1950-05,81.73,151.65,58.02,0.71,19.66,23.25,0.04,3.7
1950-06,84.96,215.6,71.54,1.65,24.66,23.23,0.07,1.23
1950-07,83.59,148.6,47.2,0.74,17.18,22.96,0.01,3.15
1950-08,82.63,164.35,73.91,1.13,24.23,22.9,0.15,5.75
1950-09,86.09,282.08,116.6,2.73,32.32,22.73,0.09,0.78
1950-10,85.67,221.35,98.66,1.74,41.35,22.49,0.37,1.68
1950-11,84.77,167.26,64.47,1.58,28.41,22.12,0.11,4.72
1950-12,83.15,153.98,87.58,1.42,34.79,21.24,0.23,6.14
1951-01,84.66,145.77,58.29,0.96,28.44,21.45,0.18,5.5
1951-02,83.03,112.81,46.54,0.67,18.88,21.48,0.04,4.87
1951-03,78.66,61.75,25.71,0.17,10.69,21.64,0.01,8.63
1951-04,80.7,111.59,39.87,0.36,13.8,22.92,0.0,4.35
1951-05,82.17,186.49,86.87,1.19,44.69,23.31,0.3,3.04
1951-06,82.63,194.92,70.82,1.7,29.55,23.3,0.1,2.28
1951-07,84.36,242.53,88.82,1.62,41.81,22.89,0.22,1.03
1951-08,84.69,219.93,93.99,2.26,29.66,23.21,0.08,4.1
1951-09,86.4,290.42,105.35,3.16,46.84,23.13,0.43,1.16
1951-10,85.63,181.96,62.89,1.04,22.16,22.88,0.02,1.69
1951-11,86.06,217.05,93.33,1.76,56.23,22.83,0.47,3.21
1951-12,85.85,235.61,97.38,2.45,51.27,22.2,0.54,3.58
1952-01,83.13,116.97,54.42,0.94,21.98,21.52,0.12,5.72
1952-02,82.3,146.32,74.13,1.79,33.84,21.76,0.3,6.34
1952-03,79.14,105.4,51.34,0.96,22.22,22.1,0.15,9.65
1952-04,78.2,98.38,38.8,0.53,14.68,22.95,0.01,6.85
1952-05,80.64,150.13,52.23,0.82,17.28,23.66,0.01,3.51
1952-06,83.14,225.56,90.45,2.24,29.46,23.53,0.06,2.13
1952-07,83.5,269.21,106.91,3.09,44.95,23.31,0.48,2.86
1952-08,85.77,292.98,102.26,3.51,45.54,22.93,0.35,1.7
1952-09,85.75,225.61,101.07,1.92,28.94,22.65,0.05,1.83
1952-10,86.39,332.2,134.62,3.2,81.67,22.95,0.91,1.5
1952-11,85.99,175.41,78.51,1.34,35.55,22.58,0.28,2.58
1952-12,86.74,308.98,132.47,3.6,64.35,22.2,0.92,2.14
1953-01,83.45,126.68,49.64,1.07,27.19,21.39,0.12,5.37
1953-02,83.52,128.83,51.97,0.96,20.26,21.86,0.02,4.45
1953-03,79.17,76.34,39.52,0.37,16.99,22.25,0.06,8.99
1953-04,78.97,88.81,36.98,0.33,14.62,23.23,0.03,6.17
1953-05,80.78,153.25,52.03,0.68,17.86,23.55,0.02,2.97
1953-06,83.27,212.5,95.88,1.76,48.6,23.48,0.42,2.83
1953-07,83.95,204.76,66.86,1.36,22.45,22.96,0.01,1.88
1953-08,85.62,245.33,84.72,2.3,29.95,23.25,0.12,1.4
1953-09,85.78,261.23,91.84,2.46,32.86,22.84,0.18,1.32
1953-10,84.94,163.42,66.76,1.03,26.85,22.94,0.12,2.36
1953-11,85.47,193.8,92.65,1.67,48.85,22.98,0.46,2.79
1953-12,85.47,230.78,127.14,2.58,54.92,22.25,0.64,4.56
1954-01,83.42,98.04,45.93,0.41,14.5,21.83,0.0,5.68
1954-02,83.2,124.34,53.56,0.91,22.34,21.86,0.13,4.83
1954-03,83.4,211.35,96.52,2.5,41.49,22.34,0.32,5.1
1954-04,80.54,103.77,39.65,0.47,15.44,23.02,0.01,4.7
1954-05,80.84,160.91,57.82,1.08,24.47,23.57,0.08,3.33
1954-06,82.56,219.23,63.72,1.59,22.64,23.36,0.04,1.7
1954-07,84.39,276.36,77.87,2.46,27.74,22.85,0.09,0.72
1954-08,85.94,344.21,116.19,4.22,44.54,23.09,0.41,1.57
1954-09,86.43,320.55,110.95,4.09,37.5,22.9,0.27,1.08
1954-10,86.51,250.43,78.42,1.6,25.47,22.5,0.03,0.59
1954-11,85.06,244.19,111.04,2.59,50.9,22.27,0.44,4.21
1954-12,85.08,272.32,132.68,3.19,59.8,21.79,0.78,4.5
1955-01,85.89,295.81,141.03,3.33,67.17,21.48,0.95,3.31
1955-02,82.33,82.75,44.86,0.46,15.04,21.37,0.01,7.82
1955-03,81.28,100.69,38.84,0.45,15.5,21.74,0.05,6.74
1955-04,79.96,114.9,41.18,0.52,14.67,22.86,0.0,5.14
1955-05,82.11,211.99,70.35,1.82,25.47,23.56,0.07,3.03
1955-06,84.41,245.2,76.35,2.09,30.03,23.07,0.07,0.88
1955-07,84.53,247.61,81.82,2.32,28.48,22.74,0.07,2.46
1955-08,85.47,281.91,85.33,2.98,30.16,22.76,0.09,1.91
1955-09,85.64,253.73,95.7,2.0,37.92,22.82,0.28,1.07
1955-10,86.91,297.76,95.13,2.99,34.12,22.66,0.15,1.2
1955-11,86.92,364.16,158.67,4.83,66.7,22.59,1.06,1.96
1955-12,83.49,152.75,91.86,1.38,26.32,20.96,0.13,6.58
1956-01,84.76,223.03,102.78,2.76,41.39,21.15,0.53,4.29
1956-02,83.66,146.47,65.38,1.24,24.17,21.39,0.05,5.93
1956-03,81.24,114.55,49.29,0.57,18.1,21.88,0.04,6.73
1956-04,84.4,255.99,118.03,3.03,56.87,22.79,0.5,3.52
1956-05,84.2,219.77,74.94,1.7,23.18,22.94,0.02,1.8
1956-06,84.31,229.94,88.6,2.68,35.16,22.85,0.13,2.34
1956-07,85.61,313.44,97.88,3.48,36.58,22.66,0.15,0.72
1956-08,86.92,411.15,146.73,6.08,52.52,22.73,0.69,1.14
1956-09,87.15,360.9,127.99,4.63,46.14,22.71,0.66,1.08
1956-10,86.72,256.28,88.67,2.25,35.79,22.48,0.18,1.12
1956-11,86.83,283.9,114.49,3.19,51.72,22.47,0.73,1.91
1956-12,87.97,410.62,179.55,5.69,73.72,22.12,1.28,2.06
1957-01,85.67,202.93,107.73,1.73,52.76,21.54,0.5,3.77
1957-02,82.27,85.74,39.95,0.63,18.92,21.06,0.04,6.68
1957-03,82.95,132.41,73.62,1.02,26.78,22.26,0.14,4.79
1957-04,82.18,166.72,92.15,1.61,42.69,22.8,0.41,5.96
1957-05,77.68,88.15,36.94,0.26,11.43,23.34,0.0,9.27
1957-06,84.6,290.44,109.28,3.35,34.07,23.49,0.19,1.59
1957-07,85.85,292.45,104.02,3.01,42.72,23.0,0.37,1.48
1957-08,85.62,293.27,104.03,3.34,37.38,23.23,0.3,1.67
1957-09,85.19,307.65,118.8,3.47,51.18,22.97,0.49,1.6
1957-10,84.26,192.68,86.64,1.75,37.61,22.64,0.24,3.29
1957-11,82.28,151.95,93.36,1.04,52.21,21.99,0.53,6.09
1957-12,83.2,77.87,24.91,0.18,10.69,22.25,0.03,7.73
1958-01,82.48,115.27,42.55,0.71,17.85,21.74,0.05,4.81
1958-02,80.93,87.78,44.93,0.52,18.1,21.56,0.03,6.74
1958-03,76.53,53.79,30.53,0.22,10.87,22.05,0.02,12.91
1958-04,74.57,76.47,39.99,0.45,14.77,23.1,0.0,11.64
1958-05,80.32,179.79,82.52,1.57,25.64,23.96,0.08,4.34
1958-06,85.13,268.93,96.65,3.13,33.22,23.75,0.3,2.14
1958-07,84.84,243.53,92.93,2.44,33.76,23.4,0.24,2.73
1958-08,85.38,277.54,96.68,2.64,31.56,23.19,0.12,1.82
1958-09,86.32,288.75,113.95,3.75,40.78,23.24,0.39,1.69
1958-10,85.67,264.63,117.42,2.63,53.7,23.07,0.67,2.45
1958-11,85.32,241.78,107.56,2.78,42.97,22.36,0.35,3.04
1958-12,83.33,96.4,41.42,0.62,17.53,21.51,0.07,7.05
1959-01,81.47,87.34,28.35,0.49,14.38,21.21,0.02,6.72
1959-02,78.84,49.06,40.34,0.15,8.56,21.66,0.02,9.55
1959-03,80.21,129.25,59.71,1.35,29.93,22.35,0.15,7.21
1959-04,76.38,60.72,30.22,0.2,9.19,22.83,0.0,10.33
1959-05,80.63,184.29,62.09,1.24,24.09,23.54,0.09,3.71
1959-06,80.73,161.69,62.02,0.93,19.38,23.77,0.03,3.01
1959-07,83.21,261.82,91.91,2.61,37.33,23.16,0.25,1.97
1959-08,84.33,276.17,93.74,3.31,33.24,23.14,0.22,2.58
1959-09,83.78,194.71,78.09,1.8,30.92,23.0,0.11,2.67
1959-10,82.86,158.84,69.57,1.31,25.89,22.83,0.05,4.53
1959-11,84.07,232.5,125.08,2.07,57.39,22.77,0.86,4.43
1959-12,83.1,152.78,76.34,1.52,40.61,22.25,0.37,5.64
1960-01,81.92,115.25,56.14,0.91,28.32,21.89,0.22,8.61
1960-02,82.52,155.14,63.66,1.43,26.53,22.06,0.13,4.72
1960-03,78.76,77.0,39.58,0.32,13.27,22.12,0.0,9.38
1960-04,80.19,169.16,90.92,1.72,39.41,23.24,0.32,7.13
1960-05,80.96,183.46,80.77,1.71,30.39,23.61,0.11,4.13
1960-06,83.91,270.88,111.4,3.15,45.0,23.49,0.4,2.19
1960-07,83.17,211.84,71.02,1.45,25.6,23.48,0.09,1.78
1960-08,83.05,252.38,109.46,3.65,42.95,23.72,0.56,6.67
1960-09,84.68,259.19,89.51,2.61,34.04,23.13,0.14,1.37
1960-10,83.64,275.73,140.91,2.81,66.03,23.01,0.9,3.01
1960-11,83.49,134.58,43.71,0.55,16.5,22.7,0.01,4.23
1960-12,81.86,102.01,46.68,0.74,19.95,21.85,0.07,8.68
1961-01,80.07,122.2,49.75,1.14,20.77,20.81,0.14,9.33
1961-02,80.92,98.06,50.96,0.85,19.66,21.82,0.09,9.29
1961-03,79.71,73.71,40.45,0.25,13.7,22.38,0.01,8.1
1961-04,78.08,90.64,36.61,0.39,14.95,23.34,0.01,7.62
1961-05,81.81,218.86,84.53,2.2,31.95,23.83,0.14,3.77
1961-06,82.25,253.66,105.87,2.78,39.54,23.52,0.39,2.85
1961-07,83.67,212.56,85.33,2.25,38.81,23.08,0.33,3.31
1961-08,84.16,297.88,108.79,3.43,47.64,23.31,0.52,3.84
1961-09,83.79,193.5,73.78,1.57,32.89,23.06,0.14,2.38
1961-10,83.58,212.17,76.94,1.85,30.09,22.54,0.13,2.96
1961-11,82.16,133.79,86.22,1.24,46.82,22.33,0.46,6.65
1961-12,82.62,139.4,60.08,1.22,26.13,22.33,0.21,6.45
1962-01,82.68,165.18,64.21,1.66,23.25,21.43,0.25,7.79
1962-02,81.56,128.7,55.52,1.24,25.63,21.09,0.18,8.11
1962-03,81.21,129.47,51.5,1.06,21.71,22.36,0.08,7.01
1962-04,79.4,91.82,34.56,0.45,15.87,23.01,0.03,5.87
1962-05,80.58,175.69,71.44,1.52,35.24,23.72,0.18,5.7
1962-06,82.82,182.53,56.04,0.93,20.15,23.23,0.03,1.82
1962-07,84.67,309.8,125.46,3.68,48.41,23.45,0.62,2.06
1962-08,84.3,266.33,101.33,2.72,52.72,23.11,0.45,2.02
1962-09,85.21,287.55,114.67,3.57,46.25,23.17,0.5,1.85
1962-10,82.17,131.08,48.76,0.56,17.59,23.2,0.02,4.11
1962-11,82.59,160.58,81.96,1.75,44.23,22.5,0.42,5.78
1962-12,82.04,117.36,49.57,0.6,18.71,21.73,0.07,7.85
1963-01,82.49,195.01,73.21,2.25,31.85,20.89,0.41,6.01
1963-02,80.9,130.14,49.02,1.28,20.01,20.74,0.2,8.09
1963-03,79.56,74.24,31.17,0.28,11.4,21.38,0.03,10.39
1963-04,75.64,37.67,17.11,0.08,7.36,22.05,0.0,12.76
1963-05,76.2,106.03,52.48,0.55,18.48,23.55,0.04,11.92
1963-06,83.16,281.65,108.69,3.59,39.35,23.5,0.6,3.72
1963-07,82.86,194.19,68.82,1.44,26.45,23.18,0.08,2.72
1963-08,85.27,315.42,113.69,3.16,54.31,23.32,0.52,1.1
1963-09,84.84,249.4,110.0,2.54,42.63,23.44,0.41,2.44
1963-10,82.85,142.34,48.75,0.72,17.45,22.7,0.01,2.98
1963-11,82.12,94.27,34.84,0.32,16.76,22.67,0.03,5.7
1963-12,82.43,111.82,53.83,0.76,22.62,22.19,0.06,6.16
1964-01,80.68,70.6,25.35,0.26,12.51,21.84,0.02,7.82
1964-02,80.53,191.95,85.84,2.18,49.93,21.69,0.6,7.72
1964-03,80.0,79.04,43.77,0.42,17.03,22.02,0.05,7.46
1964-04,78.58,115.36,38.6,0.5,14.28,22.94,0.04,7.51
1964-05,82.4,234.58,95.62,2.35,36.37,23.53,0.3,3.49
1964-06,83.68,253.41,110.72,2.01,57.53,23.12,0.39,2.06
1964-07,84.54,200.9,100.93,1.3,24.11,22.85,0.02,1.76
1964-08,84.71,267.21,109.28,3.09,46.28,23.03,0.51,3.54
1964-09,85.75,304.02,100.16,3.26,45.12,22.91,0.26,0.94
1964-10,85.42,210.87,70.82,1.53,28.82,22.63,0.07,2.07
1964-11,87.15,403.55,155.55,5.0,77.44,22.4,1.02,1.18
1964-12,85.38,195.36,95.4,1.58,51.71,21.43,0.49,3.57
1965-01,83.34,211.64,124.34,3.03,45.85,20.61,0.72,6.14
1965-02,81.18,98.49,41.14,0.74,19.84,21.05,0.06,8.58
1965-03,81.72,149.45,64.54,1.19,33.42,21.61,0.22,6.98
1965-04,80.3,98.16,39.62,0.34,14.15,22.55,0.0,5.31
1965-05,81.17,167.95,89.92,1.56,36.34,23.12,0.31,5.16
1965-06,84.45,256.62,90.11,2.75,34.63,22.95,0.16,2.07
1965-07,85.67,288.13,112.45,3.16,52.87,22.54,0.57,1.39
1965-08,83.89,194.42,95.48,1.77,32.31,22.61,0.27,3.04
1965-09,84.93,219.68,86.46,1.87,28.19,22.74,0.09,2.4
1965-10,83.85,119.73,48.42,0.45,15.43,22.41,0.0,4.67
1965-11,84.22,122.26,48.35,0.56,18.01,22.47,0.02,5.22
1965-12,82.55,109.45,41.07,0.63,15.79,21.96,0.03,5.94
1966-01,80.47,80.78,37.09,0.38,14.48,21.36,0.01,8.86
1966-02,78.55,58.57,26.39,0.2,11.19,21.52,0.03,9.66
1966-03,76.66,60.65,27.49,0.24,12.4,22.06,0.01,10.43
1966-04,75.18,66.34,27.03,0.23,10.77,23.18,0.01,9.62
1966-05,82.21,300.44,147.64,3.72,67.66,23.44,0.91,8.19
1966-06,82.34,151.41,54.87,0.86,20.79,23.23,0.03,4.2
1966-07,83.96,287.5,94.85,3.42,41.81,23.19,0.38,1.78
1966-08,82.91,177.39,73.46,1.43,24.81,23.25,0.05,4.36
1966-09,82.86,163.42,68.92,1.42,25.11,23.06,0.1,3.48
1966-10,83.04,163.06,53.03,0.84,21.2,22.68,0.05,4.13
1966-11,85.31,236.77,109.04,1.97,51.72,22.64,0.54,2.92
1966-12,85.29,195.59,91.15,1.71,52.72,22.22,0.51,3.47
1967-01,82.32,165.58,75.99,1.81,29.87,21.19,0.2,6.39
1967-02,80.42,94.18,39.87,0.69,16.13,20.98,0.04,8.57
1967-03,79.08,97.28,59.5,1.02,21.25,21.29,0.04,11.21
1967-04,77.31,86.34,44.04,0.51,19.08,22.54,0.1,10.96
1967-05,78.09,120.49,53.63,0.66,15.16,23.38,0.01,7.33
1967-06,81.13,191.36,89.79,2.17,43.81,23.43,0.37,6.38
1967-07,82.82,182.05,66.79,1.4,23.16,23.43,0.08,3.03
1967-08,83.72,231.18,81.75,2.15,41.84,23.41,0.34,2.43
1967-09,83.71,154.54,63.66,1.0,24.37,23.01,0.06,2.96
1967-10,84.05,219.3,124.0,1.48,68.11,22.65,0.47,3.82
1967-11,82.6,172.55,113.02,1.27,66.74,22.1,0.64,6.58
1967-12,81.19,91.14,34.91,0.5,13.32,21.22,0.03,9.35
1968-01,81.37,138.02,62.92,1.45,31.18,21.21,0.26,8.81
1968-02,79.92,75.42,29.55,0.34,11.25,20.74,0.01,8.44
1968-03,78.15,56.31,21.61,0.12,8.77,21.93,0.0,11.5
1968-04,74.65,57.16,27.81,0.07,8.3,22.41,0.0,13.34
1968-05,77.25,94.8,33.88,0.44,15.46,23.56,0.04,7.89
1968-06,78.87,137.58,51.88,0.96,19.61,23.55,0.02,5.72
1968-07,81.43,214.46,101.38,1.97,36.22,23.67,0.38,3.43
1968-08,83.95,278.2,102.49,3.36,44.19,23.57,0.46,3.11
1968-09,83.25,240.0,113.94,2.21,52.22,23.28,0.47,5.06
1968-10,81.8,127.37,59.21,0.68,19.87,22.46,0.04,5.6
1968-11,79.8,118.89,60.05,1.2,34.36,21.6,0.4,10.19
1968-12,81.97,127.57,57.94,1.1,24.97,21.51,0.18,8.86
1969-01,80.2,55.89,26.74,0.21,11.43,21.34,0.01,10.33
1969-02,76.02,31.92,15.93,0.06,6.0,21.0,0.0,12.74
1969-03,75.2,61.85,32.32,0.49,13.26,22.27,0.02,14.17
1969-04,75.79,106.66,61.1,0.92,27.22,23.14,0.2,12.61
1969-05,79.53,135.32,44.84,0.65,15.52,24.05,0.03,4.42
1969-06,82.85,254.93,93.8,2.65,38.03,23.87,0.29,2.91
1969-07,84.63,354.19,125.98,4.63,53.22,23.29,0.71,2.21
1969-08,83.72,194.81,91.31,1.8,27.46,23.03,0.21,3.41
1969-09,84.96,279.12,96.35,3.21,36.5,23.31,0.33,1.54
1969-10,82.85,148.08,65.37,0.69,23.82,22.84,0.09,2.94
1969-11,82.94,159.81,64.13,1.26,26.32,22.3,0.08,5.5
1969-12,84.29,177.89,60.35,1.54,25.21,22.29,0.16,4.31
1970-01,82.79,103.32,46.58,0.51,18.88,21.63,0.06,6.33
1970-02,79.94,103.65,46.46,0.91,25.22,21.74,0.18,8.23
1970-03,79.02,109.13,51.3,0.99,22.37,22.51,0.08,8.64
1970-04,77.24,70.88,30.72,0.34,14.93,23.26,0.03,7.49
1970-05,78.93,136.95,44.04,0.77,16.1,23.86,0.02,5.05
1970-06,84.2,322.91,118.86,3.86,44.15,23.63,0.37,1.31
1970-07,83.9,281.0,119.67,3.08,51.94,23.4,0.56,1.87
1970-08,84.8,268.86,89.5,2.46,30.17,23.34,0.15,1.1
1970-09,84.2,232.83,90.74,2.19,32.3,23.14,0.23,2.62
1970-10,85.84,352.22,152.97,4.31,71.24,23.19,0.97,1.55
1970-11,86.18,253.33,96.7,2.42,48.84,22.92,0.39,1.45
1970-12,85.14,171.8,78.64,1.61,38.77,22.47,0.28,3.66
1971-01,81.13,149.3,68.62,1.55,32.91,20.9,0.28,8.85
1971-02,83.43,166.75,82.75,1.76,33.15,21.64,0.35,5.42
1971-03,80.24,159.99,95.27,1.79,43.03,21.68,0.4,8.46
1971-04,78.04,100.38,59.82,0.79,26.68,22.45,0.15,10.21
1971-05,84.14,242.52,77.66,1.8,36.76,23.19,0.23,1.42
1971-06,85.29,308.81,106.57,3.27,48.72,23.1,0.4,0.89
1971-07,84.51,295.73,124.69,3.51,57.01,23.12,0.67,2.95
1971-08,83.16,176.12,67.94,1.23,24.12,22.83,0.07,2.75
1971-09,83.82,206.9,77.62,1.61,25.37,23.11,0.03,1.91
1971-10,85.71,353.77,175.96,4.19,74.89,22.86,1.38,2.09
1971-11,85.57,220.04,74.87,1.88,29.22,22.39,0.19,2.35
1971-12,85.16,178.44,76.91,1.41,31.37,22.26,0.37,2.71
1972-01,83.91,183.14,93.56,1.63,43.98,21.4,0.4,5.22
1972-02,82.25,84.77,42.46,0.57,14.07,21.39,0.01,7.07
1972-03,81.06,157.96,73.74,1.4,34.24,21.41,0.27,6.19
1972-04,80.69,91.13,39.84,0.33,13.96,22.68,0.01,4.36
1972-05,82.52,218.69,84.54,2.13,28.81,23.24,0.07,2.73
1972-06,83.76,235.81,103.85,2.6,41.75,23.42,0.39,1.84
1972-07,84.32,351.38,133.94,5.7,46.18,23.85,1.41,5.6
1972-08,84.76,310.01,121.68,3.94,39.0,23.01,0.57,2.48
1972-09,85.53,280.07,91.94,2.95,34.01,23.05,0.19,1.44
1972-10,82.89,120.01,45.27,0.34,14.6,22.8,0.0,3.43
1972-11,83.15,137.72,62.16,0.84,27.2,22.96,0.13,4.21
1972-12,83.58,132.29,78.38,1.15,39.87,22.26,0.33,6.62
1973-01,78.32,43.53,20.4,0.13,7.34,21.35,0.01,11.68
1973-02,76.72,46.9,24.97,0.19,10.67,21.7,0.01,11.71
1973-03,74.14,51.2,23.43,0.22,10.01,22.14,0.01,14.51
1973-04,75.85,79.74,29.8,0.55,12.48,23.55,0.01,10.37
1973-05,77.73,119.74,40.38,0.53,14.76,23.8,0.02,6.16
1973-06,82.23,241.44,80.33,2.2,29.92,23.89,0.1,1.59
1973-07,84.11,264.52,90.82,2.79,32.51,23.47,0.13,1.88
1973-08,84.75,300.29,96.9,3.22,30.27,23.29,0.17,1.08
1973-09,85.43,297.44,85.41,2.98,31.84,23.01,0.14,0.64
1973-10,85.39,297.09,145.4,2.96,63.71,23.15,0.95,2.55
1973-11,86.52,307.82,145.68,3.66,66.52,22.86,1.02,2.35
1973-12,85.5,239.16,91.88,2.25,37.56,21.9,0.35,2.78
1974-01,82.14,130.61,67.11,1.01,26.55,20.81,0.22,6.41
1974-02,83.12,203.13,97.67,2.3,42.95,21.5,0.56,5.17
1974-03,79.52,74.42,42.79,0.26,12.78,21.64,0.0,7.98
1974-04,80.14,133.11,53.05,0.8,18.87,22.96,0.01,6.67
1974-05,81.17,189.58,84.12,1.6,36.41,23.12,0.14,4.23
1974-06,83.86,268.48,139.81,2.81,63.63,23.18,0.83,2.6
1974-07,83.46,224.32,80.44,1.66,33.55,22.94,0.15,2.3
1974-08,84.29,322.59,140.25,4.81,48.7,23.41,0.84,3.37
1974-09,82.82,177.21,64.39,1.08,24.15,22.96,0.1,3.62
1974-10,86.23,405.05,142.06,4.73,69.61,23.17,1.25,0.88
1974-11,85.22,271.49,119.29,2.74,66.34,22.69,0.97,3.74
1974-12,85.79,255.7,105.15,3.02,49.87,22.31,0.63,2.63
1975-01,82.99,149.9,65.44,1.4,38.45,21.55,0.31,5.17
1975-02,81.02,98.52,52.78,0.79,20.35,21.37,0.1,7.21
1975-03,80.26,107.97,42.34,0.83,18.91,22.2,0.05,7.18
1975-04,80.82,173.82,97.0,1.72,45.85,23.06,0.4,5.59
1975-05,82.23,219.59,69.64,1.73,22.53,23.48,0.02,2.29
1975-06,84.88,324.6,106.79,3.76,39.63,23.16,0.25,1.36
1975-07,84.79,274.41,89.12,2.13,29.24,22.72,0.07,0.67
1975-08,84.62,250.91,105.9,2.91,34.11,23.45,0.3,3.31
1975-09,85.26,269.55,80.39,2.19,30.17,22.79,0.09,0.8
1975-10,85.56,298.47,107.31,3.19,45.64,23.0,0.43,1.09
1975-11,83.26,127.14,49.54,0.49,16.75,22.31,0.01,4.2
1975-12,85.92,308.6,143.24,3.71,61.67,22.1,0.83,2.94
1976-01,84.2,228.14,122.25,2.32,44.17,21.31,0.8,3.92
1976-02,81.3,89.39,39.25,0.38,18.47,20.99,0.05,6.62
1976-03,80.33,103.65,42.41,0.51,16.54,22.03,0.01,5.8
1976-04,77.7,69.42,25.39,0.17,9.86,22.72,0.0,7.55
1976-05,83.84,424.1,235.33,4.76,82.43,23.33,1.65,4.99
1976-06,84.84,335.54,142.17,3.89,66.06,22.92,0.9,3.01
1976-07,84.83,264.1,108.15,2.67,35.11,23.04,0.2,3.12
1976-08,85.32,296.37,102.58,3.35,35.35,22.8,0.26,1.58
1976-09,85.1,246.06,101.69,2.53,38.29,23.0,0.3,2.7
1976-10,84.82,189.73,59.25,0.95,22.93,22.98,0.06,1.54
1976-11,85.67,209.77,75.62,1.44,29.67,22.53,0.23,1.86
1976-12,85.57,235.57,122.59,2.41,55.21,22.14,0.56,4.56
1977-01,85.56,180.57,80.22,1.77,39.46,22.11,0.28,3.62
1977-02,83.65,171.96,81.44,1.99,32.88,21.61,0.28,4.6
1977-03,80.98,93.6,38.03,0.49,14.68,21.86,0.03,6.44
1977-04,77.44,57.24,23.62,0.21,10.63,23.03,0.03,8.99
1977-05,79.34,187.02,67.93,1.29,24.09,23.67,0.09,7.2
1977-06,83.54,282.24,103.85,3.17,37.96,23.54,0.24,0.91
1977-07,85.85,433.29,147.33,5.82,70.96,23.41,0.82,0.9
1977-08,84.85,316.27,125.34,3.83,37.18,23.51,0.24,2.03
1977-09,85.4,341.66,148.39,4.57,69.83,23.52,0.92,2.28
1977-10,83.6,162.53,64.79,1.2,22.88,22.94,0.07,3.2
1977-11,84.72,228.2,104.41,1.94,52.36,22.61,0.4,3.28
1977-12,82.3,83.23,41.41,0.41,16.91,21.71,0.06,7.96
1978-01,81.28,99.88,56.26,0.69,23.44,21.53,0.14,7.99
1978-02,80.18,93.77,44.76,0.75,17.78,21.49,0.03,9.46
1978-03,78.21,62.29,27.83,0.26,13.77,22.7,0.02,9.44
1978-04,77.69,125.71,64.31,0.92,36.82,23.42,0.24,10.35
1978-05,81.46,227.32,83.8,2.02,26.6,24.15,0.06,3.2
1978-06,84.49,289.56,99.81,3.11,44.32,23.53,0.34,1.29
1978-07,84.73,262.01,76.98,2.11,25.96,23.54,0.04,1.38
1978-08,86.03,446.8,143.42,6.92,54.11,23.78,1.15,1.08
1978-09,85.99,380.23,134.79,4.84,65.26,23.36,0.65,1.03
1978-10,86.28,400.64,151.39,4.73,79.15,23.28,1.11,1.64
1978-11,84.95,199.7,90.09,2.18,36.14,22.52,0.2,3.18
1978-12,84.9,177.25,76.53,1.87,32.59,22.62,0.24,4.22
1979-01,81.43,66.51,28.3,0.18,10.84,21.46,0.0,8.28
1979-02,80.61,63.18,29.7,0.28,10.92,22.04,0.0,7.93
1979-03,77.36,84.19,42.86,0.7,17.86,22.24,0.12,9.37
1979-04,77.82,132.89,85.52,1.08,46.71,23.39,0.46,10.11
1979-05,82.14,265.37,116.56,3.37,47.86,23.76,0.49,4.43
1979-06,85.11,338.01,113.64,4.21,42.44,23.6,0.32,0.75
1979-07,85.36,341.31,115.25,4.2,51.88,23.48,0.51,1.38
1979-08,84.26,261.92,102.14,3.36,33.8,23.43,0.33,3.06
1979-09,84.78,269.18,123.5,2.84,39.22,23.24,0.25,1.68
1979-10,85.28,286.34,138.02,3.37,49.96,22.8,0.53,2.8
1979-11,85.83,204.96,72.46,1.83,32.35,22.72,0.34,2.59
1979-12,83.32,129.81,56.06,1.09,24.85,21.45,0.08,6.63
1980-01,84.4,168.86,60.58,1.58,26.92,22.03,0.13,4.97
1980-02,82.79,124.09,77.42,1.42,33.26,21.74,0.27,7.31
1980-03,79.71,92.46,56.57,0.76,26.93,22.23,0.16,9.86
1980-04,78.99,100.74,50.65,0.84,19.54,23.23,0.06,7.62
1980-05,80.94,174.71,85.73,1.43,45.05,23.88,0.34,5.48
1980-06,85.4,336.34,106.16,3.92,41.68,23.73,0.45,0.71
1980-07,85.56,315.76,112.81,3.19,52.16,23.58,0.72,1.57
1980-08,85.69,308.3,96.79,3.85,35.38,23.37,0.15,1.41
1980-09,85.99,267.59,98.44,2.63,32.79,23.48,0.19,1.76
1980-10,86.23,263.61,89.21,2.67,32.91,23.23,0.14,1.22
1980-11,85.91,268.2,144.05,2.3,73.32,23.03,0.79,2.42
1980-12,85.59,246.88,111.39,2.52,39.29,22.33,0.47,3.03
1981-01,84.0,251.61,94.33,3.28,42.39,21.15,0.54,5.66
1981-02,82.91,96.84,43.26,0.63,16.25,21.64,0.02,6.91
1981-03,79.0,58.0,26.51,0.18,10.09,22.15,0.0,10.16
1981-04,78.09,82.02,37.18,0.4,13.74,23.45,0.03,8.21
1981-05,82.42,199.09,67.31,1.49,24.32,23.93,0.08,3.16
1981-06,85.19,344.22,117.71,4.68,40.01,23.78,0.5,1.41
1981-07,85.54,333.24,121.24,3.8,52.03,23.41,0.38,1.1
1981-08,83.52,226.35,88.88,2.88,32.54,23.78,0.3,3.99
1981-09,85.22,277.67,114.33,2.79,47.99,23.42,0.38,1.86
1981-10,86.05,271.53,102.05,3.09,42.02,23.08,0.26,2.62
1981-11,86.23,250.89,101.92,2.26,53.55,22.97,0.46,2.21
1981-12,84.1,152.1,75.95,1.55,35.86,21.68,0.3,6.06
1982-01,83.62,169.32,57.06,1.78,25.2,21.16,0.21,6.21
1982-02,84.11,148.2,67.13,1.41,30.89,21.58,0.24,6.62
1982-03,81.63,130.03,64.81,1.19,35.25,22.24,0.24,9.29
1982-04,82.57,121.14,45.44,0.53,14.9,23.26,0.03,3.17
1982-05,82.89,174.95,72.37,1.11,30.54,23.59,0.16,3.5
1982-06,84.53,279.04,106.19,3.01,40.37,23.88,0.31,2.08
1982-07,85.06,321.51,109.55,3.97,50.8,23.4,0.57,2.75
1982-08,85.61,339.13,142.44,4.38,56.22,23.3,0.62,1.66
1982-09,85.01,260.53,123.51,2.54,58.08,23.38,0.48,2.78
1982-10,84.63,188.78,71.46,1.16,29.42,22.77,0.17,3.42
1982-11,84.78,131.21,48.19,0.55,18.59,22.79,0.04,3.78
1982-12,85.42,145.52,55.23,1.25,26.31,22.59,0.14,3.38
1983-01,82.75,82.76,33.26,0.6,13.72,21.89,0.07,7.02
1983-02,78.26,26.98,12.44,0.05,5.67,21.29,0.0,13.45
1983-03,77.2,40.05,17.7,0.13,7.73,22.33,0.01,13.24
1983-04,73.13,31.48,17.11,0.07,5.99,23.16,0.0,16.53
1983-05,75.98,99.91,48.89,0.63,18.32,24.1,0.05,10.5
1983-06,81.69,211.94,78.36,1.93,28.98,23.98,0.07,2.12
1983-07,84.77,371.08,125.35,4.11,58.89,23.62,0.64,1.0
1983-08,85.09,307.71,98.08,3.59,34.32,23.64,0.2,1.59
1983-09,84.72,273.82,99.98,2.75,37.2,23.56,0.25,1.21
1983-10,85.62,252.06,91.39,2.23,40.55,23.36,0.23,1.12
1983-11,84.54,237.66,87.39,2.41,36.78,22.77,0.32,2.98
1983-12,84.35,190.35,61.55,1.69,23.85,21.84,0.1,5.77
1984-01,84.87,185.14,62.59,1.57,23.26,21.85,0.09,4.15
1984-02,82.88,132.68,46.7,0.94,20.48,22.01,0.07,5.75
1984-03,82.71,139.05,68.67,1.24,25.84,22.66,0.1,6.57
1984-04,81.74,169.37,68.64,1.25,24.46,23.32,0.1,7.29
1984-05,84.39,262.22,72.48,2.22,23.86,23.54,0.04,0.72
1984-06,85.29,349.77,115.74,4.58,37.36,23.41,0.36,0.67
1984-07,84.15,259.36,89.64,2.19,33.99,23.25,0.16,0.83
1984-08,85.2,370.43,125.49,5.41,52.16,23.64,0.8,2.43
1984-09,85.16,250.64,82.11,2.01,34.1,22.9,0.17,1.31
1984-10,85.97,376.08,135.93,4.94,50.52,23.08,0.79,1.42
1984-11,84.53,149.21,78.48,0.83,29.89,22.67,0.2,3.82
1984-12,84.01,155.5,80.02,1.31,29.99,22.27,0.19,6.6
1985-01,81.88,120.11,58.77,1.08,28.45,21.31,0.22,8.56
1985-02,82.38,93.47,43.05,0.66,19.2,22.36,0.04,7.83
1985-03,80.24,84.77,33.35,0.16,12.67,22.74,0.03,6.14
1985-04,82.67,224.17,98.89,2.48,40.09,23.38,0.23,3.53
1985-05,82.04,170.9,58.86,1.03,21.79,23.67,0.03,3.28
1985-06,84.55,327.28,122.13,4.07,51.18,23.92,0.78,1.95
1985-07,84.76,290.3,100.83,2.88,44.34,22.95,0.26,1.28
1985-08,85.12,259.56,93.23,2.88,25.11,23.31,0.12,1.84
1985-09,86.04,353.99,121.48,4.6,53.45,23.06,0.56,1.0
1985-10,85.79,324.96,131.72,3.39,67.49,23.11,0.89,1.22
1985-11,85.56,198.11,71.41,1.43,27.58,23.02,0.11,2.15
1985-12,84.59,200.81,109.61,1.89,56.31,21.77,0.54,5.61
1986-01,84.81,223.73,86.75,2.69,36.26,21.76,0.41,5.14
1986-02,82.24,93.97,47.79,0.76,15.4,21.33,0.01,6.38
1986-03,82.02,129.23,52.17,1.08,19.09,22.39,0.1,7.88
1986-04,79.7,90.87,52.69,0.74,25.68,23.33,0.08,7.45
1986-05,82.14,203.27,70.34,1.73,25.86,24.08,0.09,3.47
1986-06,83.77,239.01,87.12,2.35,30.21,23.76,0.07,1.68
1986-07,84.82,340.38,138.24,3.45,64.46,23.61,0.62,1.29
1986-08,85.09,334.36,140.47,5.01,46.93,23.94,0.64,2.77
1986-09,85.3,302.8,125.47,3.19,48.87,23.39,0.48,1.87
1986-10,86.0,300.82,105.36,3.03,51.36,23.33,0.7,1.45
1986-11,86.4,274.7,105.69,3.04,48.82,23.18,0.49,1.91
1986-12,82.06,82.37,47.98,0.49,26.23,21.88,0.17,7.91
1987-01,81.59,97.06,39.73,0.7,17.12,21.43,0.04,7.44
1987-02,81.19,84.52,38.5,0.54,14.57,21.31,0.03,9.68
1987-03,77.81,46.33,21.56,0.17,9.21,22.28,0.01,11.41
1987-04,76.57,52.74,25.81,0.21,10.34,23.62,0.02,11.01
1987-05,78.62,133.72,46.59,0.64,15.57,24.34,0.01,7.12
1987-06,83.45,253.47,88.78,2.66,27.8,24.26,0.11,2.3
1987-07,84.78,274.4,94.29,2.8,37.39,23.76,0.22,1.33
1987-08,84.56,309.4,121.26,3.34,58.4,23.7,0.51,2.38
1987-09,84.74,237.02,93.04,2.43,36.03,23.72,0.33,2.49
1987-10,84.07,212.68,102.5,1.29,53.28,23.56,0.3,2.32
1987-11,85.66,247.56,98.34,2.31,48.25,23.49,0.47,3.28
1987-12,84.99,177.22,70.64,1.63,38.7,22.88,0.4,3.55
1988-01,83.25,103.78,42.64,0.65,21.83,22.78,0.09,4.74
1988-02,82.64,135.8,67.89,1.31,26.88,22.74,0.24,6.16
1988-03,78.87,79.0,50.15,0.69,16.05,23.33,0.02,10.7
1988-04,81.72,126.16,61.25,0.8,22.41,23.9,0.05,5.78
1988-05,82.7,193.12,84.92,1.75,29.59,24.57,0.1,3.24
1988-06,85.0,290.69,99.81,3.3,37.46,23.89,0.21,1.38
1988-07,85.03,315.2,102.74,3.27,44.15,23.8,0.37,1.31
1988-08,83.72,231.68,81.78,2.16,26.84,23.8,0.09,1.9
1988-09,85.28,264.71,83.98,2.19,30.58,23.67,0.1,0.97
1988-10,86.57,453.59,159.89,5.83,86.73,23.63,1.45,0.97
1988-11,85.72,312.01,144.32,3.49,68.95,23.04,1.02,2.91
1988-12,83.36,205.66,105.1,2.54,42.36,21.87,0.5,6.71
1989-01,84.05,178.35,94.4,1.81,38.56,22.39,0.39,4.69
1989-02,84.06,150.86,71.02,1.35,29.98,22.04,0.17,5.35
1989-03,84.44,193.7,69.18,1.49,28.12,22.43,0.11,2.81
1989-04,82.85,112.57,42.65,0.66,15.21,23.4,0.0,5.01
1989-05,84.0,275.03,114.76,2.56,59.87,23.93,0.5,1.62
1989-06,85.25,292.08,97.37,3.02,40.32,23.65,0.19,0.69
1989-07,84.89,308.2,118.82,3.53,58.19,23.69,0.63,2.57
1989-08,85.14,295.2,102.96,3.86,35.42,23.65,0.23,2.47
1989-09,84.61,280.75,109.09,2.87,40.42,23.5,0.49,1.96
1989-10,84.88,246.66,104.6,2.01,56.68,23.3,0.52,2.65
1989-11,83.29,149.48,74.92,1.17,42.6,22.67,0.25,5.57
1989-12,81.95,76.74,40.59,0.35,15.28,21.69,0.04,8.75
1990-01,83.21,115.45,57.16,0.95,23.74,21.93,0.09,6.71
1990-02,79.77,35.52,14.53,0.04,5.25,22.13,0.0,10.59
1990-03,78.62,70.42,26.38,0.36,12.27,22.46,0.02,11.48
1990-04,77.59,66.29,28.35,0.27,13.56,23.85,0.02,10.83
1990-05,82.57,278.19,127.35,3.56,49.74,24.26,0.41,4.34
1990-06,85.65,385.62,142.74,5.37,66.87,24.05,1.14,1.64
1990-07,84.9,264.21,91.22,2.62,30.24,23.63,0.16,1.8
1990-08,84.29,304.81,128.63,4.15,48.04,24.09,0.72,4.23
1990-09,84.73,282.14,115.43,2.95,54.78,23.56,0.49,2.76
1990-10,85.76,227.05,80.64,1.53,25.03,23.24,0.03,1.84
1990-11,85.6,246.05,106.76,2.68,57.65,23.04,0.51,4.06
1990-12,83.97,95.58,33.63,0.54,14.31,22.31,0.07,6.18
1991-01,82.63,91.64,41.27,0.62,15.47,22.01,0.02,8.1
1991-02,82.41,97.69,48.24,0.79,19.97,22.15,0.05,7.86
1991-03,79.23,85.95,56.3,0.74,34.59,22.3,0.25,10.05
1991-04,79.75,111.66,52.9,0.92,28.46,23.47,0.19,8.1
1991-05,81.25,127.69,42.78,0.66,17.64,24.14,0.02,4.35
1991-06,82.53,217.48,100.51,2.1,45.48,24.22,0.39,6.01
1991-07,84.36,334.49,139.96,4.16,55.62,23.9,0.93,2.37
1991-08,85.53,295.28,99.04,3.51,42.65,23.86,0.44,1.89
1991-09,84.68,229.58,85.43,2.52,33.96,23.71,0.26,2.81
1991-10,84.03,225.95,118.42,1.52,51.74,23.12,0.52,3.29
1991-11,84.54,153.82,70.02,1.25,38.01,22.55,0.33,3.61
1991-12,82.93,87.74,33.78,0.46,13.89,21.91,0.01,6.1
1992-01,82.49,77.07,32.27,0.37,13.13,21.35,0.03,6.32
1992-02,78.75,38.98,19.02,0.13,8.9,21.51,0.02,10.91
1992-03,77.09,42.8,16.98,0.08,8.53,22.37,0.0,12.23
1992-04,76.43,56.55,28.49,0.19,11.38,23.53,0.01,10.12
1992-05,80.08,143.17,58.14,1.0,21.16,24.07,0.07,7.79
1992-06,83.3,258.74,125.92,3.22,45.97,24.12,0.46,2.8
1992-07,85.12,307.75,110.23,3.36,49.09,23.4,0.48,2.17
1992-08,85.12,302.61,108.24,3.66,34.91,23.84,0.54,2.51
1992-09,84.86,242.83,101.07,2.26,45.04,23.58,0.39,2.72
1992-10,85.65,284.25,98.4,2.99,45.85,23.36,0.41,1.56
1992-11,84.2,135.47,61.63,1.16,25.93,22.29,0.12,4.94
1992-12,84.2,117.77,52.82,1.04,27.67,22.12,0.2,6.77
1993-01,82.18,81.06,54.0,0.56,18.64,21.56,0.06,7.48
1993-02,83.2,138.54,65.13,1.41,29.75,21.71,0.25,5.76
1993-03,80.77,98.23,53.2,0.76,21.25,22.07,0.04,10.19
1993-04,80.03,88.31,38.86,0.5,20.49,23.09,0.09,7.65
1993-05,78.22,83.42,35.34,0.38,13.27,23.96,0.0,7.32
1993-06,82.82,246.47,93.74,2.22,45.68,24.11,0.37,1.94
1993-07,84.77,321.32,122.44,3.83,45.65,23.82,0.5,1.41
1993-08,85.12,287.84,103.6,3.58,43.45,23.57,0.45,1.91
1993-09,85.8,282.59,96.68,2.93,34.17,23.34,0.31,1.01
1993-10,85.47,264.6,135.33,2.31,55.91,23.28,0.72,2.96
1993-11,85.82,205.96,102.84,1.66,58.39,23.34,0.47,3.13
1993-12,86.48,335.95,146.9,4.21,71.08,23.07,1.16,2.4
1994-01,84.27,119.51,51.84,0.99,26.81,22.1,0.09,6.74
1994-02,82.59,77.92,39.7,0.47,14.14,22.28,0.02,7.57
1994-03,81.53,102.91,36.35,0.51,15.8,22.97,0.02,6.38
1994-04,81.72,135.18,61.11,0.94,31.33,23.64,0.2,5.46
1994-05,83.76,255.06,93.2,2.28,44.5,24.09,0.27,1.52
1994-06,85.41,325.99,106.31,3.68,40.77,23.82,0.21,0.81
1994-07,85.65,364.47,130.18,4.83,51.75,23.82,1.04,2.03
1994-08,83.62,242.4,113.43,3.16,42.36,23.64,0.41,6.24
1994-09,85.47,278.52,97.81,3.32,36.59,23.53,0.17,1.97
1994-10,83.57,153.22,67.13,0.98,32.5,23.17,0.16,3.36
1994-11,82.81,86.02,28.8,0.15,9.84,22.73,0.0,6.92
1994-12,83.1,146.38,80.05,1.43,46.18,22.39,0.4,8.46
1995-01,82.56,106.97,51.48,0.86,24.62,21.69,0.15,7.58
1995-02,81.58,86.56,45.9,0.6,20.62,21.64,0.11,7.92
1995-03,79.66,82.41,40.04,0.64,16.74,22.02,0.06,9.59
1995-04,77.16,59.53,25.56,0.38,10.98,22.98,0.0,10.63
1995-05,81.56,211.83,83.0,1.86,26.46,23.77,0.08,8.21
1995-06,84.33,240.74,89.68,2.36,39.77,23.94,0.27,1.69
1995-07,85.53,339.05,110.42,3.66,44.65,23.35,0.43,0.64
1995-08,86.16,361.52,114.83,4.46,45.74,23.58,0.43,0.64
1995-09,86.73,410.82,141.29,5.94,73.34,23.5,1.0,1.68
1995-10,86.72,284.37,144.32,3.11,39.01,23.2,0.22,1.3
1995-11,86.74,281.88,135.25,2.44,74.51,23.17,0.72,2.11
1995-12,86.65,351.01,142.54,4.08,60.07,22.07,1.0,2.48
1996-01,85.9,237.83,82.98,2.89,36.51,21.56,0.36,4.49
1996-02,83.1,184.83,85.55,2.27,39.3,21.25,0.45,6.19
1996-03,82.65,101.87,70.18,0.65,20.88,22.29,0.08,6.53
1996-04,84.42,206.92,88.57,1.91,37.43,23.11,0.26,3.43
1996-05,85.22,224.89,76.79,1.88,29.79,23.6,0.09,2.18
1996-06,84.87,246.88,78.54,2.27,27.83,23.42,0.04,1.51
1996-07,85.06,330.82,140.86,3.92,53.96,23.61,0.74,1.6
1996-08,84.55,239.61,97.04,2.39,43.28,23.34,0.3,2.76
1996-09,85.69,279.7,105.74,3.5,38.81,23.49,0.21,2.1
1996-10,86.19,278.37,90.92,2.55,32.43,23.3,0.14,1.55
1996-11,86.57,277.09,126.51,3.15,61.51,22.95,0.71,2.16
1996-12,83.05,134.99,58.42,1.12,25.35,21.5,0.13,8.38
1997-01,83.15,121.28,53.94,1.16,23.55,21.06,0.1,8.31
1997-02,83.78,170.67,77.31,2.09,36.59,21.59,0.31,6.35
1997-03,81.26,96.86,55.82,0.95,25.07,21.49,0.15,10.81
1997-04,79.87,80.59,33.6,0.28,11.53,22.82,0.01,7.9
1997-05,82.16,198.95,87.03,2.07,32.46,23.48,0.28,5.3
1997-06,83.94,212.8,89.9,2.05,32.51,23.41,0.15,4.21
1997-07,86.61,362.47,124.32,4.97,41.63,23.36,0.39,1.28
1997-08,83.88,193.62,71.38,2.01,25.0,23.7,0.12,3.95
1997-09,85.89,267.75,89.49,2.36,31.77,23.17,0.11,0.94
1997-10,84.62,189.74,72.48,1.18,30.45,23.02,0.13,2.63
1997-11,83.23,104.54,53.9,0.6,22.12,22.56,0.11,5.54
1997-12,82.3,81.53,32.41,0.43,14.72,22.13,0.04,8.68
1998-01,80.32,58.7,27.54,0.33,13.11,21.95,0.01,10.57
1998-02,78.84,39.89,19.63,0.19,10.25,22.13,0.03,13.21
1998-03,74.77,32.42,17.87,0.02,5.42,22.5,0.0,15.05
1998-04,73.73,38.84,20.27,0.14,8.56,23.45,0.01,15.08
1998-05,79.19,189.53,89.5,2.14,36.65,24.43,0.28,9.08
1998-06,83.54,237.9,82.62,2.41,28.44,24.12,0.09,2.06
1998-07,83.82,243.13,81.88,2.02,25.82,23.83,0.07,1.81
1998-08,84.56,247.4,74.05,1.9,27.34,23.73,0.08,1.0
1998-09,84.92,312.01,127.91,3.47,43.69,23.72,0.64,2.03
1998-10,86.44,389.76,180.95,3.95,95.63,23.73,1.18,1.38
1998-11,86.96,260.4,86.57,2.73,34.56,23.3,0.25,1.34
1998-12,86.67,258.16,112.48,3.01,49.62,22.95,0.58,2.14
1999-01,85.78,253.7,96.54,3.24,40.91,22.44,0.47,3.63
1999-02,82.46,146.51,73.93,1.38,40.71,21.61,0.47,7.13
1999-03,85.68,253.22,102.02,3.48,39.47,22.73,0.24,4.84
1999-04,85.32,268.48,105.22,3.23,42.17,23.18,0.42,2.65
1999-05,85.16,263.0,83.08,2.35,29.09,23.31,0.1,0.76
1999-06,85.49,317.47,110.75,3.81,40.78,23.18,0.31,1.57
1999-07,85.11,318.54,109.68,3.94,44.51,23.28,0.49,2.01
1999-08,85.81,309.28,111.28,3.8,41.0,23.09,0.3,2.29
1999-09,85.46,245.46,93.41,2.66,35.48,23.05,0.21,2.57
1999-10,85.79,268.49,103.23,2.6,49.25,23.08,0.48,2.14
1999-11,85.99,249.95,107.35,2.48,55.53,22.77,0.42,2.81
1999-12,87.2,298.84,105.01,3.46,46.35,22.71,0.56,1.85
2000-01,84.09,155.18,85.96,1.55,35.79,22.05,0.37,4.83
2000-02,86.51,263.92,128.76,3.27,51.58,22.51,0.52,3.01
2000-03,85.23,236.81,92.6,2.39,41.08,22.82,0.34,2.89
2000-04,83.92,172.69,61.66,1.38,23.79,23.49,0.05,2.37
2000-05,84.34,270.46,104.24,2.87,35.71,23.68,0.32,2.23
2000-06,85.15,288.38,89.17,2.74,28.0,23.53,0.03,0.63
2000-07,85.8,341.85,136.01,4.24,55.57,23.34,0.84,2.09
2000-08,85.05,280.76,105.92,3.35,39.92,23.41,0.33,1.91
2000-09,84.64,218.88,82.63,2.02,31.4,23.33,0.23,2.3
2000-10,86.76,377.51,139.9,5.08,61.07,23.27,0.65,1.53
2000-11,86.83,254.53,120.39,1.99,62.86,23.02,0.64,2.0
2000-12,86.76,275.76,135.02,2.95,59.63,22.99,0.86,2.18
2001-01,85.15,137.87,54.71,0.95,19.77,22.52,0.06,4.45
2001-02,84.43,194.48,114.83,2.21,56.23,22.72,0.6,4.53
2001-03,84.3,185.8,75.04,1.89,29.52,23.0,0.12,3.59
2001-04,82.23,106.86,44.41,0.54,16.94,23.9,0.01,3.64
2001-05,83.83,242.86,95.95,2.44,38.06,24.06,0.23,2.38
2001-06,84.56,276.6,98.24,3.04,38.76,23.82,0.26,1.39
2001-07,85.44,321.66,135.44,3.33,67.62,23.63,0.59,1.33
2001-08,86.18,353.79,118.66,5.07,40.66,23.97,0.41,1.71
2001-09,84.32,227.73,82.6,1.77,30.23,23.79,0.24,1.67
2001-10,85.17,218.75,82.24,1.91,33.0,23.64,0.2,2.75
2001-11,84.58,260.96,110.84,3.04,55.5,23.18,0.63,4.77
2001-12,84.88,195.86,92.66,1.92,42.46,22.48,0.39,6.32
2002-01,82.9,100.61,45.0,0.72,23.13,22.01,0.12,7.46
2002-02,82.0,105.7,52.94,0.94,25.25,22.0,0.14,7.63
2002-03,80.8,93.7,44.28,0.73,21.38,22.67,0.06,8.53
2002-04,79.64,74.61,34.99,0.34,12.97,23.49,0.02,8.37
2002-05,81.96,200.53,74.05,1.71,26.6,24.25,0.09,5.51
2002-06,84.04,246.83,84.58,2.26,30.23,24.14,0.1,1.46
2002-07,84.88,321.23,132.41,4.34,61.24,24.15,1.16,3.99
2002-08,85.46,318.33,125.02,4.04,48.19,23.87,0.52,1.99
2002-09,85.85,285.64,101.19,3.34,34.03,23.62,0.21,1.34
2002-10,84.58,194.27,65.53,1.0,23.76,23.68,0.04,1.88
2002-11,84.58,179.99,74.02,1.26,33.57,23.36,0.29,3.36
2002-12,84.05,100.13,35.85,0.46,15.04,22.97,0.01,6.62
2003-01,83.15,121.24,44.92,0.87,18.24,22.06,0.06,6.46
2003-02,81.38,72.51,32.96,0.49,13.46,21.96,0.05,9.45
2003-03,80.97,104.33,36.58,0.77,14.62,22.68,0.01,10.25
2003-04,78.84,70.4,41.56,0.35,20.31,23.87,0.11,9.21
2003-05,83.48,287.73,145.86,3.54,57.76,24.36,0.81,4.59
2003-06,83.96,230.78,105.94,2.35,43.05,23.76,0.34,6.59
2003-07,84.99,320.81,123.93,3.51,63.2,23.85,0.69,1.27
2003-08,85.49,321.47,111.67,3.74,43.9,23.94,0.35,1.94
2003-09,85.78,274.67,87.19,2.67,32.64,23.65,0.11,1.17
2003-10,84.13,214.81,78.17,1.95,29.43,23.4,0.1,2.95
2003-11,84.35,147.96,70.34,1.06,34.25,23.48,0.26,4.03
2003-12,83.79,235.09,112.71,3.24,46.11,22.16,0.78,6.94
2004-01,84.03,85.34,32.69,0.3,12.55,22.25,0.02,7.1
2004-02,83.6,130.21,58.98,1.23,27.36,22.47,0.1,7.28
2004-03,82.82,110.92,49.1,0.74,25.45,23.21,0.11,6.38
2004-04,79.97,72.49,33.31,0.23,13.16,23.81,0.01,6.39
2004-05,83.22,257.27,121.5,2.79,58.39,24.18,0.52,3.64
2004-06,85.38,314.93,137.08,3.3,57.79,23.96,0.52,2.31
2004-07,85.39,305.52,123.58,3.54,33.93,23.57,0.12,2.5
2004-08,85.16,277.76,105.2,3.79,39.13,23.98,0.44,3.27
2004-09,83.85,201.12,82.78,1.83,29.33,23.49,0.08,2.65
2004-10,83.86,175.95,84.2,1.86,30.69,23.06,0.21,3.93
2004-11,84.44,189.6,118.8,1.9,43.56,23.25,0.71,4.23
2004-12,84.8,159.88,103.71,1.15,46.63,22.8,0.4,5.21
2005-01,83.34,89.4,40.35,0.57,16.09,21.79,0.07,7.08
2005-02,80.69,38.87,18.98,0.07,8.21,22.19,0.01,10.46
2005-03,80.72,105.88,45.84,0.87,24.02,22.79,0.1,9.24
2005-04,78.89,55.58,24.88,0.19,10.53,23.46,0.0,7.81
2005-05,82.05,216.33,81.45,2.02,29.82,24.41,0.13,4.38
2005-06,84.28,286.35,98.86,3.07,37.68,24.23,0.26,1.51
2005-07,84.47,288.36,97.21,3.04,39.77,24.04,0.33,1.27
2005-08,85.2,286.01,107.49,3.26,41.41,23.99,0.31,1.77
2005-09,85.55,303.52,122.64,3.74,49.87,23.83,0.57,1.87
2005-10,85.23,255.12,88.05,2.47,34.38,23.76,0.18,2.15
2005-11,85.13,201.42,73.93,1.69,37.11,23.62,0.26,2.41
2005-12,86.74,420.4,162.72,5.65,75.64,23.01,1.5,1.86
2006-01,85.29,165.04,83.47,1.46,38.18,22.81,0.35,4.48
2006-02,84.09,150.14,74.06,1.66,29.11,22.88,0.16,4.25
2006-03,83.09,171.1,84.49,1.72,46.98,23.19,0.41,5.82
2006-04,79.52,78.11,35.08,0.23,11.76,23.8,0.01,6.5
2006-05,81.84,239.64,111.02,2.11,49.92,24.14,0.36,3.88
2006-06,83.76,277.9,95.34,3.16,37.08,24.03,0.18,1.79
2006-07,85.23,300.34,105.21,3.71,44.06,24.14,0.53,1.84
2006-08,85.49,309.78,123.24,4.02,43.31,23.93,0.44,2.39
2006-09,85.31,322.66,125.03,3.6,51.6,23.72,0.45,0.97
2006-10,84.73,235.08,103.23,2.39,44.67,23.56,0.29,2.82
2006-11,84.0,159.82,83.63,1.06,46.91,23.58,0.39,4.4
2006-12,85.24,237.88,109.69,2.42,55.35,23.28,0.75,2.99
2007-01,84.55,182.6,76.56,2.09,27.78,22.78,0.2,5.55
2007-02,82.13,87.97,52.37,0.68,17.25,22.48,0.06,7.91
2007-03,80.47,90.76,43.11,0.6,19.22,22.92,0.07,8.54
2007-04,79.84,93.29,34.42,0.32,12.81,23.99,0.0,7.44
2007-05,82.18,218.32,75.62,1.83,27.28,24.26,0.07,3.39
2007-06,84.07,271.99,90.17,2.77,31.59,24.37,0.16,1.05
2007-07,84.18,265.69,95.6,3.05,35.81,24.09,0.25,1.73
2007-08,85.14,311.43,112.04,4.04,40.92,23.95,0.48,2.81
2007-09,85.4,327.42,120.28,4.66,43.39,23.99,0.54,1.84
2007-10,85.07,252.46,96.91,2.33,37.76,23.69,0.22,2.97
2007-11,86.07,335.26,143.38,4.51,67.55,23.24,1.02,2.34
2007-12,85.89,199.64,84.27,1.73,37.01,23.08,0.28,3.96
2008-01,85.17,207.95,87.92,2.46,40.36,22.73,0.34,4.48
2008-02,84.89,296.72,145.93,4.08,57.88,22.48,0.99,5.74
2008-03,83.79,171.16,73.29,1.5,27.41,22.95,0.14,3.74
2008-04,82.81,178.76,90.99,1.78,37.39,23.72,0.23,3.92
2008-05,84.86,333.81,125.62,3.87,54.62,23.8,0.6,1.64
2008-06,84.04,272.36,114.46,2.86,55.69,23.82,0.48,1.89
2008-07,85.04,305.88,115.21,3.16,42.81,23.75,0.44,1.23
2008-08,84.71,295.38,128.82,3.44,56.14,23.64,0.62,2.6
2008-09,85.03,295.18,109.47,3.4,48.04,23.81,0.38,1.62
2008-10,85.5,247.69,81.96,2.13,32.14,23.8,0.16,1.26
2008-11,86.08,264.99,100.41,3.13,40.05,23.61,0.44,1.81
2008-12,84.76,231.7,104.03,2.63,47.32,22.91,0.48,4.44
2009-01,85.09,281.09,127.44,3.39,55.55,22.34,0.9,3.79
2009-02,84.77,188.4,82.24,2.24,44.77,23.02,0.42,4.32
2009-03,82.67,123.83,51.75,0.78,22.64,23.38,0.06,5.76
2009-04,84.23,300.72,137.69,3.82,52.8,23.93,0.55,2.35
2009-05,84.56,283.0,120.4,3.18,48.44,23.95,0.43,1.57
2009-06,84.84,273.08,96.71,3.28,39.51,24.06,0.3,2.12
2009-07,85.59,383.55,128.06,4.73,52.39,23.99,0.86,0.85
2009-08,84.09,223.01,95.15,1.81,39.2,24.42,0.27,3.4
2009-09,85.54,348.2,133.26,4.63,61.87,24.22,1.11,2.72
2009-10,84.49,289.36,131.92,3.11,65.55,23.7,1.06,3.59
2009-11,84.97,201.98,115.09,1.8,52.6,23.4,0.62,4.19
2009-12,82.89,84.94,36.97,0.43,14.33,22.43,0.01,8.57
2010-01,84.06,162.29,74.94,1.85,31.2,22.39,0.25,5.61
2010-02,80.12,41.59,21.85,0.24,9.34,22.42,0.04,12.92
2010-03,79.03,78.43,38.93,0.52,18.68,23.25,0.09,13.05
2010-04,79.04,97.07,50.39,0.76,22.12,24.13,0.07,8.06
2010-05,79.82,129.06,57.89,0.99,21.47,24.91,0.05,6.87
2010-06,83.72,291.85,87.63,3.23,32.56,24.59,0.14,0.89
2010-07,84.88,359.45,109.33,4.56,48.15,24.06,0.37,0.64
2010-08,85.12,316.76,98.11,3.64,36.16,24.04,0.17,0.98
2010-09,84.29,267.17,91.77,2.58,33.84,23.87,0.18,1.24
2010-10,85.68,319.79,119.24,3.39,54.8,23.76,0.4,1.59
2010-11,86.17,257.31,90.13,2.02,40.22,23.55,0.37,1.21
2010-12,85.7,230.1,90.49,2.29,37.8,23.13,0.26,2.69
2011-01,85.22,305.76,119.14,3.92,53.0,22.46,0.84,2.65
2011-02,83.81,206.99,99.93,2.36,42.38,22.41,0.5,4.86
2011-03,84.39,259.68,89.0,3.1,40.72,22.98,0.29,3.54
2011-04,81.62,146.63,61.7,1.37,27.23,23.27,0.14,5.77
2011-05,84.7,324.7,129.13,3.59,62.76,24.19,0.62,1.96
2011-06,85.49,360.5,133.78,4.92,61.11,24.19,0.88,2.08
2011-07,85.11,325.29,139.83,4.74,51.82,23.99,0.68,2.72
2011-08,85.7,305.96,110.48,3.3,43.24,23.99,0.3,1.82
2011-09,85.32,340.57,128.28,4.08,55.3,24.02,0.74,1.58
2011-10,85.0,283.12,132.73,3.12,60.0,23.74,0.62,2.22
2011-11,85.61,246.11,90.53,2.56,39.83,23.73,0.29,1.8
2011-12,86.23,307.9,111.21,4.14,49.52,23.43,0.79,2.15
2012-01,85.02,164.47,59.53,1.28,24.12,22.94,0.09,3.52
2012-02,84.73,249.69,103.81,3.13,47.16,22.97,0.47,3.31
2012-03,83.18,221.0,103.71,2.81,42.69,23.23,0.45,4.8
2012-04,82.13,132.75,52.73,0.71,15.05,23.84,0.02,3.94
2012-05,83.9,283.09,94.31,2.82,31.18,24.25,0.09,1.25
2012-06,84.11,262.2,94.58,2.95,32.07,24.26,0.17,2.44
2012-07,85.9,413.27,138.33,5.79,52.36,23.91,0.84,0.86
2012-08,84.27,287.7,120.69,3.58,55.81,24.05,0.55,2.98
2012-09,85.55,328.78,119.33,4.39,50.45,23.88,0.44,1.37
2012-10,84.77,239.75,113.91,2.84,47.88,23.47,0.44,3.13
2012-11,84.31,143.8,59.25,1.34,27.07,23.53,0.13,4.96
2012-12,84.38,189.36,89.44,1.96,54.58,23.34,0.52,6.05
2013-01,85.19,292.47,123.63,4.31,54.12,22.67,1.03,4.6
2013-02,83.57,152.07,93.37,1.77,42.38,23.02,0.4,5.34
2013-03,82.07,116.85,46.02,0.71,21.91,23.45,0.08,5.03
2013-04,81.26,138.33,51.47,1.13,26.35,24.29,0.13,4.2
2013-05,82.95,238.31,76.98,2.23,30.11,24.5,0.13,2.52
2013-06,84.87,338.45,111.68,4.56,48.47,24.38,0.48,1.21
2013-07,85.48,390.22,124.51,5.66,46.52,23.85,0.48,0.91
2013-08,85.36,331.31,119.07,4.65,55.61,24.01,0.66,2.32
2013-09,85.24,334.31,120.0,4.49,44.25,24.06,0.53,2.03
2013-10,84.48,240.14,107.74,2.53,50.31,23.49,0.5,2.84
2013-11,86.12,264.35,106.65,3.12,56.38,23.54,0.64,2.29
2013-12,86.01,208.26,85.47,1.69,38.31,23.33,0.32,2.59
2014-01,83.37,294.2,148.06,3.56,61.44,21.57,1.45,7.04
2014-02,82.68,93.37,51.31,0.85,17.32,21.9,0.03,8.15
2014-03,81.87,157.24,80.48,1.72,36.43,22.85,0.28,8.55
2014-04,81.73,151.11,80.96,1.32,39.16,23.89,0.26,5.08
2014-05,81.5,177.68,56.15,1.28,19.87,24.57,0.01,2.92
2014-06,84.17,323.03,112.09,3.91,45.11,24.62,0.38,0.99
2014-07,85.75,358.63,119.07,4.67,59.11,24.35,0.72,1.42
2014-08,84.45,299.49,112.31,3.82,48.02,23.97,0.44,4.55
2014-09,85.44,351.99,124.16,4.71,65.2,23.88,1.09,2.02
2014-10,85.26,280.93,103.33,3.08,44.2,23.74,0.34,1.64
2014-11,84.17,189.42,80.25,1.8,36.22,23.51,0.21,3.71
2014-12,85.24,282.31,131.98,3.44,71.24,23.29,1.1,3.52
2015-01,83.31,171.11,79.04,1.72,47.98,22.16,0.42,5.51
2015-02,80.89,74.26,38.1,0.45,17.56,22.05,0.06,7.88
2015-03,77.15,61.76,30.26,0.31,15.18,22.45,0.06,12.29
2015-04,78.51,94.84,45.44,0.55,19.25,23.77,0.07,6.5
2015-05,79.72,145.83,62.06,1.0,24.96,24.38,0.09,4.79
2015-06,82.82,272.12,102.69,3.1,35.94,24.44,0.21,1.43
2015-07,83.91,314.63,143.27,4.24,54.62,24.24,0.87,5.12
2015-08,84.24,312.02,148.82,3.7,53.9,24.27,0.71,2.26
2015-09,84.91,289.51,101.49,3.18,37.07,24.08,0.18,1.21
2015-10,83.65,239.47,132.6,1.97,64.45,23.98,0.82,3.75
2015-11,83.8,130.59,46.51,0.76,19.56,23.71,0.05,5.4
2015-12,84.02,230.76,144.28,2.43,74.14,23.36,0.99,5.64
2016-01,81.17,72.63,34.08,0.51,16.71,22.88,0.04,7.81
2016-02,81.31,112.35,46.46,1.11,23.89,22.78,0.08,6.14
2016-03,78.61,58.6,26.58,0.28,11.34,23.54,0.03,10.62
2016-04,77.02,80.21,33.7,0.43,13.92,24.56,0.01,8.99
2016-05,80.6,224.06,80.59,2.23,29.2,24.95,0.08,3.89
2016-06,84.18,342.48,114.34,3.96,43.31,24.52,0.27,0.45
2016-07,84.01,320.2,119.84,3.94,48.22,24.28,0.53,1.26
2016-08,84.8,293.81,105.83,3.8,41.47,24.63,0.62,2.76
2016-09,85.21,306.35,98.03,3.45,36.98,24.16,0.21,1.99
2016-10,86.08,406.5,160.71,5.17,81.21,24.11,0.84,2.01
2016-11,85.19,247.18,113.43,3.08,57.35,23.69,0.65,3.51
2016-12,85.79,293.85,113.41,3.17,55.54,23.67,0.73,2.28
2017-01,84.8,308.06,137.92,4.11,67.0,22.92,1.15,3.71
2017-02,82.7,166.2,94.73,1.48,49.78,22.55,0.43,4.81
2017-03,82.61,183.36,82.64,2.16,32.47,23.08,0.22,5.5
2017-04,81.87,127.83,51.49,0.93,23.31,23.86,0.05,5.22
2017-05,83.83,304.39,101.2,3.73,34.1,24.6,0.2,2.21
2017-06,83.77,276.0,87.56,2.78,33.99,24.38,0.12,1.06
2017-07,85.12,367.66,120.33,5.04,43.37,24.18,0.41,2.05
2017-08,85.18,348.82,107.36,4.22,47.18,24.27,0.42,0.73
2017-09,85.04,342.51,129.01,4.38,62.08,24.23,0.65,1.47
2017-10,85.61,344.78,137.24,4.55,59.3,24.05,0.81,1.61
2017-11,85.82,216.96,91.62,2.16,44.23,24.07,0.36,1.92
2017-12,85.25,340.75,164.48,4.05,80.28,23.51,1.25,2.3
2018-01,85.31,251.38,104.81,3.04,56.23,23.09,0.65,3.12
2018-02,83.27,172.44,81.2,2.01,44.83,23.07,0.5,4.74
2018-03,79.69,88.84,37.57,0.57,17.36,23.01,0.01,6.39
2018-04,79.93,116.37,51.67,0.68,20.15,24.02,0.1,4.96
2018-05,80.59,169.22,66.3,1.16,25.29,24.62,0.11,2.94
2018-06,83.27,279.64,109.95,3.36,38.5,24.48,0.43,2.76
2018-07,85.01,388.79,129.33,5.92,46.32,24.3,0.87,1.58
2018-08,83.93,296.11,113.33,3.94,37.92,24.38,0.45,3.0
2018-09,84.19,304.03,125.43,3.44,59.01,23.97,0.59,2.02
2018-10,81.89,182.32,83.65,1.28,43.01,23.81,0.33,3.6
2018-11,82.89,151.31,77.7,1.48,33.8,23.64,0.17,4.93
2018-12,84.12,231.94,132.36,2.86,57.37,23.56,0.75,5.52
2019-01,81.35,136.59,60.15,1.44,30.0,22.64,0.29,7.52
2019-02,76.99,31.31,16.16,0.11,6.91,21.79,0.01,12.28
2019-03,75.87,67.63,36.64,0.61,21.13,22.93,0.1,14.49
2019-04,76.69,87.12,42.64,0.52,15.93,24.29,0.01,9.29
2019-05,81.05,222.34,79.23,2.06,28.9,24.7,0.14,3.23
2019-06,83.0,272.19,102.85,3.02,38.28,24.88,0.26,1.25
2019-07,84.27,344.06,115.6,4.48,49.05,24.29,0.5,2.03
2019-08,83.48,304.22,113.5,4.38,46.03,24.65,0.63,4.96
2019-09,82.47,225.62,119.67,3.11,51.57,24.36,0.59,4.83
2019-10,82.91,191.66,73.8,1.39,26.21,23.86,0.07,2.36
2019-11,83.81,231.9,113.14,2.21,46.99,23.89,0.5,3.02
2019-12,83.44,195.58,93.42,1.82,56.45,23.47,0.54,4.79
2020-01,82.23,93.12,37.67,0.53,18.46,23.02,0.05,4.87
2020-02,79.08,77.36,33.3,0.43,14.9,22.55,0.01,7.43
2020-03,77.89,75.16,40.32,0.7,21.53,23.53,0.06,10.56
2020-04,76.6,68.84,30.25,0.23,12.91,24.37,0.02,9.8
2020-05,81.09,228.71,94.51,2.1,54.69,25.2,0.42,4.08
2020-06,82.84,297.21,105.65,3.65,48.25,24.58,0.44,1.5
2020-07,83.43,343.7,123.07,4.14,48.76,24.26,0.46,0.72
2020-08,84.36,304.44,112.86,3.97,44.19,24.29,0.32,2.36
2020-09,83.89,290.04,102.52,3.25,42.71,24.28,0.38,1.28
2020-10,86.29,500.64,151.49,7.94,73.18,24.14,1.28,0.57
2020-11,85.19,269.97,128.81,2.61,69.25,23.83,0.71,3.05
2020-12,86.26,335.13,121.85,4.01,63.04,23.71,1.02,1.68
2021-01,85.09,318.06,139.05,4.31,66.12,22.96,0.96,3.45
2021-02,83.54,215.43,97.19,2.5,51.24,22.84,0.56,3.64
2021-03,82.06,174.12,83.76,1.95,33.79,23.52,0.19,4.34
2021-04,80.63,142.56,72.59,1.14,35.71,23.73,0.27,5.26
2021-05,81.21,225.22,92.15,2.76,31.2,24.83,0.23,4.54
2021-06,82.32,280.85,103.81,3.06,49.79,24.34,0.34,1.91
2021-07,83.48,309.13,114.38,4.17,42.07,24.59,0.37,3.35
2021-08,83.35,292.88,91.83,3.45,36.42,24.29,0.15,2.81
2021-09,84.36,333.29,129.72,4.2,57.59,24.05,0.61,1.19
2021-10,84.4,336.05,130.64,4.38,62.92,24.16,0.69,2.07
2021-11,84.34,223.55,70.99,1.96,31.73,24.05,0.16,2.65
2021-12,83.31,258.03,113.75,2.98,60.86,23.07,0.9,3.95
2022-01,82.68,148.48,71.88,1.43,38.34,22.61,0.29,5.22
2022-02,83.0,132.73,52.52,1.04,27.82,22.93,0.11,3.97
2022-03,83.3,217.54,91.29,2.47,40.55,23.62,0.42,4.3
2022-04,83.61,312.4,144.44,4.26,57.32,23.82,0.86,2.54
2022-05,82.57,298.91,107.4,4.24,41.48,24.33,0.33,3.37
2022-06,82.24,259.97,88.04,2.51,31.97,24.18,0.13,1.09
2022-07,84.24,364.24,111.7,4.93,43.08,24.28,0.28,1.04
2022-08,84.41,384.23,122.6,5.14,50.68,23.99,0.62,0.88
2022-09,83.12,268.38,99.31,2.99,42.16,24.1,0.24,1.99
2022-10,84.83,408.16,176.89,4.64,85.6,24.13,1.43,1.41
2022-11,84.4,204.17,84.43,1.76,32.22,23.94,0.18,2.78
2022-12,84.2,267.12,110.64,3.17,50.29,23.36,0.66,2.98
2023-01,85.03,393.12,153.04,6.11,59.65,22.85,1.33,2.64
2023-02,82.63,184.1,95.63,2.24,50.91,22.81,0.48,4.22
2023-03,79.67,114.78,50.96,0.94,20.68,22.94,0.1,7.57
2023-04,79.75,136.14,69.57,1.14,31.19,24.12,0.19,5.01
2023-05,81.7,250.15,95.12,2.61,42.32,24.84,0.29,2.6
2023-06,83.94,336.18,115.34,4.4,44.33,24.53,0.4,1.62
2023-07,84.42,412.0,170.72,5.63,77.82,24.65,1.02,1.66
2023-08,83.09,263.68,110.43,3.15,40.3,24.75,0.35,4.13
2023-09,84.79,312.55,102.97,3.72,37.58,24.47,0.21,1.75
2023-10,83.51,221.94,78.44,1.94,30.22,24.28,0.04,1.96
2023-11,83.75,205.74,84.69,1.97,38.08,24.21,0.28,2.89
2023-12,84.01,173.04,77.0,1.44,40.48,23.99,0.39,3.95
