Month,pr,tasmin,rx5day,r20mm,hurs,tas,rx1day,cdd
1950-01,35.58,16.1,18.6,0.17,77.73,20.07,10.46,13.6
1950-02,36.29,16.07,16.97,0.12,73.76,19.97,7.97,12.74
1950-03,69.41,19.24,35.62,0.31,77.2,22.89,16.5,12.64
1950-04,72.03,21.15,34.89,0.16,76.7,24.7,12.92,8.72
1950-05,195.04,22.79,68.39,2.1,80.77,25.89,24.45,4.79
1950-06,225.16,23.11,79.29,2.43,82.57,25.74,35.41,3.88
1950-07,193.37,23.06,65.09,1.42,81.57,25.8,23.0,3.33
1950-08,222.51,22.82,89.5,2.73,81.69,25.42,34.33,5.46
1950-09,241.54,22.12,84.7,2.08,87.05,24.57,31.7,1.6
1950-10,263.41,20.74,97.02,2.7,87.71,23.24,41.21,2.11
1950-11,106.03,18.66,53.08,0.75,84.62,21.53,21.51,7.84
1950-12,49.52,15.13,22.49,0.25,80.94,18.3,10.81,12.65
1951-01,47.9,15.31,23.17,0.1,80.39,18.53,9.24,13.24
1951-02,30.82,16.54,15.96,0.01,76.5,20.59,6.51,14.61
1951-03,71.24,18.18,35.8,0.55,76.77,22.04,16.8,11.25
1951-04,93.01,21.34,42.06,0.56,75.53,25.13,18.29,10.83
1951-05,167.02,22.47,55.18,1.14,82.24,25.49,22.6,3.49
1951-06,203.76,23.08,84.66,2.58,79.83,25.69,41.14,5.41
1951-07,151.0,22.8,65.83,1.28,79.34,25.69,25.83,7.43
1951-08,290.76,23.11,120.3,3.13,84.29,25.52,53.82,3.64
1951-09,227.21,22.07,102.46,1.95,86.4,24.8,39.54,2.91
1951-10,227.31,20.97,92.11,2.01,87.12,23.6,35.87,2.89
1951-11,175.93,19.4,73.9,1.47,87.05,21.88,35.91,4.8
1951-12,87.04,16.71,51.32,0.9,83.27,19.67,17.67,11.32
1952-01,41.16,16.29,16.21,0.1,79.9,19.77,6.67,13.91
1952-02,48.19,17.59,22.88,0.17,78.06,21.3,11.94,14.86
1952-03,137.34,20.02,56.7,1.33,79.77,23.73,30.99,7.18
1952-04,77.19,21.49,37.31,0.33,76.64,25.25,16.04,8.15
1952-05,197.96,23.11,81.68,2.29,80.63,26.29,28.13,5.84
1952-06,204.37,23.5,67.64,2.13,82.12,26.21,26.06,2.68
1952-07,170.27,23.51,66.7,1.69,79.37,26.17,26.44,6.48
1952-08,307.64,22.65,102.12,3.23,86.88,24.95,46.14,1.67
1952-09,277.77,22.07,86.34,2.59,87.81,24.48,33.44,1.23
1952-10,299.54,20.98,118.87,3.19,87.36,23.33,65.52,2.58
1952-11,67.28,18.95,64.63,0.35,83.65,21.89,12.74,9.14
1952-12,109.36,15.21,52.17,1.11,80.98,18.37,24.94,14.24
1953-01,177.76,16.22,82.7,2.52,84.56,19.13,41.87,7.55
1953-02,127.18,17.2,61.69,1.14,84.3,20.23,25.8,5.33
1953-03,116.51,19.48,47.24,0.65,82.86,22.85,21.16,6.47
1953-04,166.4,20.76,60.37,1.16,85.46,23.7,22.49,3.08
1953-05,162.22,22.72,53.58,1.03,82.51,25.82,24.05,3.38
1953-06,187.98,23.25,78.22,1.86,82.24,26.1,31.89,4.13
1953-07,110.71,23.23,51.55,0.4,78.25,26.34,18.23,7.64
1953-08,205.3,23.12,96.08,1.95,81.96,25.88,37.9,3.65
1953-09,255.74,22.02,116.74,2.74,85.77,24.68,47.18,2.46
1953-10,123.36,21.61,49.89,0.15,86.52,24.36,14.31,2.81
1953-11,187.78,19.4,72.73,1.96,86.36,21.82,32.34,3.11
1953-12,128.26,16.71,53.67,1.43,84.21,19.52,25.68,7.48
1954-01,48.66,17.44,20.38,0.07,82.14,20.75,8.17,10.17
1954-02,35.53,16.56,17.31,0.05,76.86,20.55,7.17,14.23
1954-03,81.39,17.5,34.44,0.48,78.13,20.95,19.14,12.74
1954-04,91.26,21.54,39.88,0.49,77.54,25.12,18.4,7.26
1954-05,184.05,22.78,61.87,1.77,82.56,25.81,25.76,3.17
1954-06,138.68,23.58,55.68,0.82,79.47,26.48,20.98,5.6
1954-07,140.89,23.42,50.44,0.61,78.14,26.42,18.37,4.97
1954-08,267.18,23.09,100.6,2.77,83.56,25.6,47.53,2.53
1954-09,319.36,22.22,135.24,3.87,87.17,24.54,54.89,2.55
1954-10,181.97,20.27,89.3,1.58,85.67,23.0,36.35,5.98
1954-11,42.91,17.77,34.83,0.17,78.84,21.46,10.28,12.79
1954-12,100.74,15.52,46.87,1.17,79.51,18.55,20.71,14.44
1955-01,46.9,13.74,23.73,0.38,74.85,17.42,9.01,17.29
1955-02,24.72,16.33,14.74,0.08,72.85,20.72,7.34,17.93
1955-03,59.35,18.95,27.89,0.53,73.94,22.87,14.16,17.18
1955-04,91.36,20.75,38.48,0.33,77.09,24.2,15.77,11.09
1955-05,206.27,22.95,68.93,1.48,82.78,25.88,33.24,2.69
1955-06,253.95,22.87,96.43,2.66,84.5,25.5,43.21,3.13
1955-07,208.86,23.02,64.9,1.55,84.31,25.65,21.94,3.29
1955-08,286.86,22.43,106.11,3.29,85.96,25.05,38.93,1.73
1955-09,259.72,21.91,109.75,2.27,86.66,24.68,52.27,2.23
1955-10,208.1,19.9,91.11,2.7,83.65,22.79,37.34,6.38
1955-11,223.18,17.22,93.18,2.91,81.53,20.1,39.79,9.16
1955-12,27.57,14.8,12.82,0.03,76.65,18.93,6.28,20.94
1956-01,38.58,13.52,22.66,0.15,74.57,17.61,9.82,14.82
1956-02,56.15,16.8,26.41,0.26,79.0,20.49,14.16,12.55
1956-03,48.37,19.09,24.34,0.15,74.91,23.13,9.87,12.73
1956-04,143.36,21.62,66.39,1.45,80.54,24.97,26.57,8.2
1956-05,256.6,22.26,81.52,2.31,86.52,25.0,27.88,1.76
1956-06,228.12,22.72,101.64,3.01,83.23,25.63,43.63,3.66
1956-07,246.19,22.54,89.77,2.11,84.52,25.32,45.25,2.91
1956-08,321.18,22.47,105.51,3.25,86.57,24.95,49.26,2.02
1956-09,282.38,21.95,102.81,3.26,85.75,24.67,42.62,4.44
1956-10,162.72,19.91,77.8,1.16,82.56,22.95,26.76,7.46
1956-11,130.44,16.82,73.92,1.32,77.52,20.09,34.23,11.03
1956-12,124.6,14.93,63.81,1.63,78.73,18.31,24.37,16.52
1957-01,38.2,15.24,17.39,0.21,77.76,19.17,9.04,13.42
1957-02,47.3,14.66,26.25,0.19,75.83,18.48,12.14,13.97
1957-03,75.02,18.35,34.34,0.28,79.72,21.94,16.12,12.65
1957-04,88.49,21.22,39.82,0.68,76.93,24.92,20.36,8.95
1957-05,185.51,22.92,76.34,2.09,77.3,26.35,38.84,6.92
1957-06,275.63,23.52,94.91,3.33,84.87,25.98,37.92,2.49
1957-07,280.64,23.33,98.76,3.15,85.14,25.99,44.26,2.87
1957-08,286.27,23.18,123.95,3.6,84.39,26.0,48.05,3.1
1957-09,275.33,22.49,88.68,2.56,85.1,25.08,35.03,2.04
1957-10,247.0,20.48,122.42,3.17,84.24,23.08,54.82,4.5
1957-11,80.15,18.86,44.3,0.44,82.64,22.08,18.46,7.1
1957-12,55.86,16.94,35.92,0.33,81.02,20.42,12.28,12.95
1958-01,66.49,14.9,39.6,0.6,79.13,18.67,18.47,11.17
1958-02,46.04,15.52,27.8,0.12,77.59,19.22,11.93,11.12
1958-03,42.41,19.43,22.28,0.21,71.87,23.75,13.4,16.37
1958-04,50.48,21.66,26.96,0.32,71.2,25.76,15.06,11.34
1958-05,164.13,23.39,78.66,1.67,77.52,26.77,27.88,6.03
1958-06,284.75,23.75,129.49,3.87,84.52,26.34,48.84,3.25
1958-07,243.92,23.53,92.08,2.92,84.77,25.94,32.54,2.87
1958-08,280.85,22.7,116.73,2.98,85.41,25.59,55.4,3.47
1958-09,312.28,22.34,151.98,4.2,84.85,24.9,68.82,5.07
1958-10,206.02,20.38,80.24,2.13,82.42,23.05,33.59,6.16
1958-11,65.02,17.2,38.32,0.65,76.39,20.73,17.64,14.79
1958-12,17.19,14.66,8.84,0.03,70.25,19.27,3.74,26.03
1959-01,45.13,14.48,17.49,0.24,77.84,18.15,8.51,13.64
1959-02,39.63,16.83,20.13,0.18,76.28,20.91,8.19,13.09
1959-03,69.7,18.12,30.71,0.33,79.55,21.65,13.11,11.09
1959-04,109.13,21.42,59.98,1.07,78.48,24.98,25.83,8.79
1959-05,205.17,22.56,79.46,2.46,80.73,25.69,35.49,6.01
1959-06,183.13,23.78,78.32,1.8,80.82,26.77,32.85,6.2
1959-07,237.71,23.16,75.55,1.96,84.34,25.64,29.7,2.54
1959-08,293.58,23.18,110.64,3.81,84.64,25.64,46.56,3.33
1959-09,244.21,22.28,104.43,2.62,85.43,24.82,38.04,3.06
1959-10,143.49,20.18,68.94,1.45,81.02,23.49,30.63,9.42
1959-11,86.28,18.72,40.89,0.63,81.4,22.11,21.85,9.79
1959-12,87.64,17.09,41.48,0.66,83.3,20.19,18.38,8.77
1960-01,47.13,15.25,27.01,0.31,78.62,19.15,12.02,13.66
1960-02,43.54,16.4,24.65,0.19,77.46,20.01,10.46,15.64
1960-03,67.88,19.58,36.38,0.39,76.93,23.77,16.27,11.82
1960-04,64.3,20.77,32.67,0.34,76.47,24.35,16.77,9.14
1960-05,194.43,22.44,68.05,1.88,81.35,25.66,29.04,5.08
1960-06,279.02,23.79,124.22,3.28,82.94,26.44,58.5,2.68
1960-07,266.74,23.06,116.86,3.39,85.28,25.65,40.72,2.64
1960-08,302.64,23.69,125.75,3.79,85.0,26.19,47.9,2.47
1960-09,293.82,22.25,122.52,3.35,85.69,24.92,47.19,2.87
1960-10,246.2,20.79,129.41,3.0,85.2,23.34,50.91,4.97
1960-11,148.01,19.38,69.85,1.12,86.03,22.18,39.52,5.89
1960-12,49.7,15.82,25.42,0.41,81.99,19.04,9.48,13.08
1961-01,44.74,14.4,22.84,0.24,78.34,18.22,9.26,17.08
1961-02,46.68,16.23,23.02,0.23,80.23,19.65,10.51,13.48
1961-03,64.03,19.06,27.88,0.36,79.35,22.58,15.13,11.13
1961-04,148.36,21.29,65.02,1.68,80.6,24.68,39.01,7.65
1961-05,244.83,22.93,99.62,3.24,82.65,25.73,42.6,3.18
1961-06,271.24,23.08,107.35,3.4,83.32,25.71,50.7,3.88
1961-07,183.97,23.61,75.04,1.74,81.99,26.26,27.77,4.15
1961-08,314.51,23.27,110.87,3.88,84.82,25.7,50.61,3.31
1961-09,263.43,22.52,101.07,2.91,85.16,25.05,40.97,2.43
1961-10,245.14,21.04,98.78,2.5,85.85,23.73,53.55,3.2
1961-11,98.38,18.87,51.7,0.63,83.49,21.94,22.92,6.73
1961-12,78.64,16.85,35.28,0.47,82.31,20.11,16.85,12.6
1962-01,49.75,13.94,20.58,0.18,79.15,17.04,8.64,13.1
1962-02,34.36,15.34,19.42,0.16,77.4,19.4,9.83,19.35
1962-03,50.43,18.11,22.65,0.06,77.97,21.6,9.64,9.9
1962-04,126.05,20.75,46.6,1.16,80.66,24.14,23.23,7.27
1962-05,189.13,23.16,72.53,1.88,80.77,26.37,34.22,3.99
1962-06,276.04,23.44,104.9,3.65,84.28,25.98,45.07,3.38
1962-07,271.0,23.74,103.4,3.36,83.93,26.09,45.26,4.18
1962-08,234.68,22.97,84.77,2.06,84.63,25.63,37.61,2.62
1962-09,315.35,22.29,103.76,3.92,85.63,24.83,57.88,2.8
1962-10,150.03,20.78,75.85,1.62,83.56,23.67,25.44,7.43
1962-11,92.28,18.39,40.42,1.02,80.82,21.53,22.45,10.51
1962-12,38.04,15.19,31.38,0.2,78.38,19.02,9.39,15.62
1963-01,24.68,12.27,10.37,0.06,71.91,16.44,4.6,19.88
1963-02,36.41,14.8,14.21,0.01,78.72,18.44,6.62,19.95
1963-03,68.79,17.52,30.5,0.47,78.37,21.4,15.51,17.48
1963-04,61.48,20.58,27.38,0.27,78.26,24.15,14.21,8.17
1963-05,170.34,22.8,66.94,1.3,79.79,26.13,25.17,6.32
1963-06,257.27,23.61,84.62,2.98,82.43,26.2,36.93,2.28
1963-07,307.05,23.55,120.29,3.85,83.46,25.94,52.84,2.39
1963-08,311.33,23.19,101.76,2.97,86.11,25.58,54.01,1.77
1963-09,279.29,23.04,123.64,3.23,85.45,25.56,50.56,3.01
1963-10,228.47,20.8,95.63,2.82,85.58,23.29,38.21,4.7
1963-11,123.85,19.92,47.77,0.56,85.83,22.62,18.79,5.25
1963-12,49.56,15.74,27.14,0.37,80.3,19.47,10.95,13.69
1964-01,39.49,16.29,16.35,0.1,80.08,19.79,7.85,13.23
1964-02,52.32,15.7,21.18,0.19,78.94,19.11,9.45,12.98
1964-03,75.87,18.82,33.77,0.36,79.18,22.31,16.29,10.75
1964-04,104.45,21.74,52.42,0.97,78.69,25.3,19.2,8.91
1964-05,232.99,22.92,86.95,2.39,82.94,25.69,35.15,2.5
1964-06,225.32,23.46,83.43,2.74,81.95,26.18,34.74,2.97
1964-07,252.43,23.23,131.24,2.21,81.85,26.13,66.59,3.08
1964-08,274.37,23.43,107.02,3.0,84.13,25.76,45.92,3.36
1964-09,331.12,22.67,127.73,3.52,85.67,25.12,54.94,2.03
1964-10,294.17,21.54,113.0,3.56,86.6,23.96,53.85,2.21
1964-11,214.95,17.4,115.21,2.96,81.24,20.39,47.85,9.92
1964-12,94.52,14.75,60.44,1.13,81.2,18.1,28.09,13.01
1965-01,33.08,13.96,19.01,0.14,79.17,17.95,6.58,18.24
1965-02,45.94,17.05,23.45,0.18,79.04,20.68,12.06,14.64
1965-03,67.63,17.72,36.46,0.51,78.18,21.56,17.92,14.38
1965-04,143.28,21.24,70.49,1.61,78.74,24.8,30.81,7.87
1965-05,235.67,22.31,82.93,2.62,83.24,25.21,36.22,2.73
1965-06,287.27,23.05,93.14,3.28,85.29,25.26,34.63,1.99
1965-07,250.87,23.12,103.1,2.71,82.66,25.81,55.6,3.43
1965-08,198.26,22.58,78.72,1.48,83.84,25.37,32.7,3.61
1965-09,246.9,21.87,88.14,2.53,85.78,24.38,41.47,3.38
1965-10,190.95,21.05,89.43,1.99,85.72,23.71,33.93,5.16
1965-11,112.85,18.69,57.68,0.96,83.5,21.82,25.77,7.87
1965-12,103.94,16.54,53.28,1.03,83.91,19.51,26.65,11.13
1966-01,56.45,16.47,26.91,0.16,82.21,19.75,12.1,9.72
1966-02,43.89,17.35,24.57,0.28,76.98,21.17,12.85,13.46
1966-03,75.32,19.4,38.6,0.48,74.9,23.43,19.94,10.98
1966-04,98.92,21.77,44.95,0.66,77.9,25.41,18.42,6.9
1966-05,301.78,22.08,114.73,3.87,84.31,24.61,45.05,3.3
1966-06,260.84,22.88,86.13,3.33,85.01,25.44,32.82,2.6
1966-07,285.25,22.99,106.05,3.34,85.04,25.51,47.09,2.73
1966-08,279.52,22.69,106.75,3.17,86.52,25.02,47.74,2.48
1966-09,153.39,20.9,67.1,1.26,82.0,23.91,25.53,7.68
1966-10,222.01,20.45,118.18,2.63,84.14,23.17,48.25,9.44
1966-11,120.74,18.18,59.02,1.25,82.86,21.16,30.18,7.63
1966-12,93.54,16.98,39.55,0.81,83.61,19.84,17.31,8.2
1967-01,77.89,13.69,38.72,0.76,77.1,17.4,15.04,11.84
1967-02,38.7,14.44,19.0,0.14,76.79,18.38,7.51,15.64
1967-03,37.49,17.76,21.73,0.18,75.0,22.21,9.94,17.12
1967-04,133.14,20.35,62.38,1.24,79.65,24.08,25.28,9.98
1967-05,161.88,22.9,65.71,1.32,79.66,26.36,27.7,5.75
1967-06,181.87,23.1,80.31,1.79,80.83,26.3,31.48,4.94
1967-07,208.12,23.79,76.42,2.12,81.0,26.49,33.74,4.22
1967-08,259.98,23.56,99.13,3.15,83.24,26.0,45.49,3.09
1967-09,268.51,22.33,102.81,2.84,84.96,24.78,44.25,2.73
1967-10,157.28,20.22,81.35,1.6,81.52,23.12,36.8,7.68
1967-11,108.46,18.69,54.02,1.11,82.78,21.76,32.16,8.33
1967-12,58.4,14.86,26.27,0.45,79.93,18.0,9.25,15.32
1968-01,36.87,15.19,17.8,0.08,78.56,19.08,7.47,14.86
1968-02,47.08,14.05,17.85,0.09,78.58,17.19,7.96,15.35
1968-03,48.82,18.2,22.67,0.27,77.56,22.08,11.89,15.47
1968-04,126.75,19.88,54.78,1.16,79.16,23.18,24.78,11.65
1968-05,174.56,22.66,67.12,1.34,80.69,25.89,26.42,3.21
1968-06,246.83,23.31,89.07,2.95,82.48,26.12,32.52,3.38
1968-07,194.36,23.95,71.74,2.12,80.47,26.84,28.75,4.57
1968-08,304.38,23.71,122.44,3.73,84.02,26.11,56.69,4.18
1968-09,278.81,22.57,129.55,2.83,84.67,25.09,54.13,3.12
1968-10,199.16,20.71,125.97,2.26,82.89,23.52,53.11,7.91
1968-11,82.12,19.27,37.56,0.51,83.1,22.3,20.98,8.85
1968-12,30.35,17.63,14.52,0.12,79.37,21.59,8.57,15.44
1969-01,73.41,16.45,54.5,0.67,79.05,20.25,25.83,11.19
1969-02,25.22,15.98,13.83,0.04,73.95,20.17,5.81,16.86
1969-03,54.78,19.02,25.83,0.16,76.98,22.75,11.78,15.96
1969-04,74.62,21.22,35.41,0.64,75.1,24.99,18.0,11.4
1969-05,160.51,24.02,67.59,1.51,77.01,27.3,30.11,5.29
1969-06,215.47,23.94,76.02,1.97,82.4,26.56,32.52,2.65
1969-07,265.02,23.75,84.36,3.1,83.21,26.16,42.21,2.72
1969-08,245.14,23.24,105.52,2.86,83.28,25.92,34.64,2.85
1969-09,262.17,22.4,100.3,2.68,84.99,25.0,44.17,3.27
1969-10,192.46,21.23,92.31,2.11,82.47,24.2,33.76,7.18
1969-11,91.89,17.52,57.04,0.8,80.38,20.5,21.86,9.36
1969-12,46.2,15.1,22.34,0.37,76.6,18.81,12.91,15.83
1970-01,58.4,15.03,29.71,0.26,79.26,18.36,12.84,9.37
1970-02,34.47,17.05,18.4,0.08,78.07,20.86,9.04,14.03
1970-03,49.5,18.25,27.99,0.05,77.03,22.13,10.1,15.87
1970-04,107.71,20.92,49.08,1.15,78.13,24.39,27.93,6.98
1970-05,192.63,23.27,78.96,1.94,80.8,26.26,36.1,4.15
1970-06,274.31,23.56,99.85,3.22,83.32,26.2,45.12,2.91
1970-07,210.08,23.73,73.18,2.3,82.42,26.23,28.7,4.06
1970-08,263.45,23.3,99.67,3.02,83.7,25.88,45.01,3.05
1970-09,279.53,22.56,120.25,3.27,84.35,25.24,54.2,2.96
1970-10,275.41,20.68,138.08,3.19,81.72,23.39,56.61,5.47
1970-11,132.59,18.19,71.29,1.52,81.51,21.18,30.03,7.92
1970-12,107.49,17.18,50.15,0.95,83.76,20.05,21.75,8.71
1971-01,42.5,13.68,21.7,0.16,76.33,17.47,7.23,18.53
1971-02,46.0,15.58,24.49,0.12,78.22,19.25,10.91,14.41
1971-03,53.82,18.05,25.1,0.15,76.71,21.83,11.52,10.14
1971-04,96.87,21.11,50.62,0.75,77.46,24.76,22.49,10.02
1971-05,230.77,22.53,75.59,2.13,82.26,25.45,34.53,2.71
1971-06,256.77,23.55,104.98,2.55,83.31,26.06,48.78,2.52
1971-07,345.4,23.17,126.05,3.91,83.71,25.69,74.83,3.16
1971-08,327.06,22.7,113.73,4.38,85.76,25.14,40.77,2.82
1971-09,251.33,22.6,103.99,2.8,83.72,25.26,45.55,4.02
1971-10,311.85,19.68,142.84,4.02,82.63,22.47,69.59,5.34
1971-11,179.12,16.76,91.49,2.31,78.08,20.19,36.79,10.58
1971-12,87.17,16.16,44.88,0.78,80.76,19.37,18.28,12.31
1972-01,36.61,14.64,18.76,0.08,77.66,18.4,7.4,17.33
1972-02,61.3,16.29,31.07,0.25,78.28,20.09,12.99,10.78
1972-03,90.63,18.07,45.59,0.74,76.91,21.96,22.4,12.41
1972-04,161.75,20.42,72.81,1.46,80.99,23.71,31.95,4.35
1972-05,227.28,23.27,102.76,2.86,79.25,26.56,40.0,4.12
1972-06,253.63,23.63,110.11,3.09,82.24,26.4,39.19,2.96
1972-07,320.8,23.75,112.69,4.46,82.93,26.22,49.76,2.85
1972-08,350.85,23.14,106.35,4.3,84.98,25.52,51.16,1.96
1972-09,340.55,22.41,121.52,3.86,86.24,24.95,54.06,1.69
1972-10,221.52,21.59,79.59,1.67,84.85,24.4,35.83,3.2
1972-11,204.67,19.62,84.72,2.34,85.1,22.22,34.49,4.74
1972-12,119.03,16.35,78.53,1.5,83.62,19.58,33.68,11.2
1973-01,37.41,15.91,19.34,0.11,78.62,19.5,9.18,12.57
1973-02,37.16,18.17,21.1,0.16,76.6,22.45,10.18,14.91
1973-03,77.04,19.89,36.42,0.56,76.58,23.75,15.59,14.56
1973-04,123.96,22.2,54.48,1.19,76.41,25.98,25.27,8.16
1973-05,229.6,23.36,72.9,2.46,80.89,26.69,33.78,3.01
1973-06,252.46,24.17,90.28,2.99,81.27,26.98,36.39,3.88
1973-07,306.23,23.69,118.0,3.56,84.27,26.24,53.06,3.08
1973-08,357.79,23.42,145.86,4.28,84.69,25.89,57.75,1.66
1973-09,416.55,22.64,150.0,4.98,87.33,25.0,60.79,1.1
1973-10,278.18,20.66,133.29,3.3,83.31,23.26,64.55,4.28
1973-11,207.54,18.05,101.14,2.69,80.6,20.99,48.88,9.37
1973-12,59.65,14.63,25.15,0.33,74.83,18.24,11.72,13.96
1974-01,43.3,14.08,19.97,0.06,76.94,18.26,10.04,13.22
1974-02,31.12,15.02,18.24,0.07,73.71,18.85,7.75,15.15
1974-03,67.02,17.4,28.69,0.44,77.1,21.1,15.53,13.05
1974-04,146.67,20.99,56.01,1.2,79.95,24.37,27.48,6.34
1974-05,199.36,22.82,71.33,1.86,80.64,26.02,35.28,3.4
1974-06,261.33,23.59,101.79,3.21,82.7,26.15,48.72,3.19
1974-07,201.0,23.58,65.75,1.66,81.14,26.36,24.0,3.2
1974-08,300.43,23.31,117.19,3.36,84.27,25.73,47.54,2.45
1974-09,236.49,22.65,87.34,2.01,84.89,25.36,33.04,1.83
1974-10,288.63,20.99,109.95,3.74,83.75,23.61,54.45,3.81
1974-11,173.2,18.89,81.19,2.18,82.83,21.75,37.64,9.25
1974-12,125.82,16.99,54.45,1.45,83.11,19.78,28.32,13.62
1975-01,107.62,16.42,54.69,0.87,84.09,19.25,20.75,8.49
1975-02,52.21,17.15,28.12,0.24,80.0,20.64,12.48,12.42
1975-03,86.73,19.48,46.27,0.44,79.57,23.04,18.97,8.88
1975-04,136.14,21.57,69.9,1.28,80.04,24.93,34.14,7.22
1975-05,277.12,22.79,84.42,3.05,84.0,25.55,33.97,1.87
1975-06,324.15,23.41,118.52,4.37,84.71,25.77,54.44,2.1
1975-07,193.91,23.2,65.69,1.37,81.82,26.06,22.97,3.71
1975-08,365.02,23.25,141.8,4.41,84.18,25.66,65.74,2.23
1975-09,260.1,22.32,125.32,2.29,85.28,25.1,56.54,2.3
1975-10,295.57,20.99,133.88,3.24,84.93,23.45,61.81,5.62
1975-11,137.79,17.75,77.17,1.24,82.17,20.58,32.87,8.78
1975-12,81.27,13.36,45.43,0.59,75.31,16.98,22.25,13.51
1976-01,47.43,13.99,21.26,0.35,78.14,17.69,10.64,15.05
1976-02,46.51,16.37,29.22,0.44,78.6,20.16,16.97,14.89
1976-03,64.69,18.17,28.57,0.35,78.99,21.62,13.72,11.82
1976-04,115.29,20.6,49.04,0.83,80.33,23.94,19.95,6.23
1976-05,250.92,22.69,92.18,2.91,82.79,25.44,34.43,2.69
1976-06,216.18,23.1,83.51,2.27,82.35,25.84,35.24,3.3
1976-07,265.29,23.36,106.02,3.19,83.3,25.91,40.83,3.52
1976-08,277.82,22.74,104.63,3.0,84.84,25.28,46.37,2.7
1976-09,242.71,22.47,88.41,2.39,84.21,25.1,38.61,3.08
1976-10,245.2,21.2,85.66,2.27,85.51,23.88,38.19,3.86
1976-11,114.46,17.58,60.66,0.96,80.61,20.12,19.28,8.67
1976-12,56.18,16.38,27.87,0.31,80.59,19.63,12.13,13.99
1977-01,48.13,14.37,28.77,0.21,80.8,17.68,10.32,13.74
1977-02,35.01,14.39,14.25,0.15,75.37,17.78,6.75,13.81
1977-03,44.55,17.79,20.14,0.36,74.19,21.69,12.3,18.99
1977-04,88.5,21.0,39.02,0.66,78.67,24.39,20.54,13.3
1977-05,148.16,23.33,56.65,1.04,78.48,26.62,25.06,5.33
1977-06,209.88,24.01,72.22,2.51,80.09,27.04,26.5,3.75
1977-07,337.63,23.66,113.27,4.52,84.17,26.08,53.01,2.68
1977-08,252.61,23.54,97.23,2.69,83.85,26.09,40.41,3.5
1977-09,303.78,22.31,129.14,3.72,84.87,24.75,55.37,3.61
1977-10,185.41,21.1,78.27,1.57,84.36,23.94,34.24,4.44
1977-11,121.87,17.9,66.14,1.57,80.0,20.9,25.13,11.53
1977-12,39.62,16.88,22.66,0.18,79.71,20.5,10.92,16.57
1978-01,62.71,15.8,34.05,0.46,78.56,19.23,14.14,12.34
1978-02,38.32,16.33,20.15,0.16,76.63,19.8,8.93,15.93
1978-03,59.04,19.34,26.81,0.23,78.98,23.06,12.27,14.67
1978-04,141.76,21.26,53.99,1.15,79.83,24.75,23.48,8.87
1978-05,257.21,23.25,87.72,3.12,83.15,25.96,35.57,2.82
1978-06,310.17,23.69,113.03,3.52,84.41,26.2,61.43,2.57
1978-07,233.15,23.46,93.65,1.78,84.07,26.06,32.31,2.04
1978-08,342.65,23.59,123.02,4.48,85.17,25.83,56.12,2.36
1978-09,402.64,22.42,161.2,5.47,86.0,24.59,74.04,2.36
1978-10,257.46,20.52,130.91,3.27,82.08,23.24,55.07,6.17
1978-11,155.78,18.41,86.48,1.62,83.55,21.1,46.31,8.3
1978-12,70.7,16.72,32.43,0.63,80.51,20.08,13.95,12.36
1979-01,43.71,16.37,20.26,0.1,80.05,20.01,10.87,15.07
1979-02,54.54,17.64,32.93,0.51,76.13,21.56,12.86,14.88
1979-03,50.48,19.26,27.88,0.14,76.56,23.35,11.6,13.42
1979-04,167.56,21.25,70.25,1.5,80.59,24.86,29.57,6.33
1979-05,240.46,22.85,94.13,2.58,82.66,25.74,46.56,2.79
1979-06,338.18,23.22,123.47,4.19,85.71,25.93,44.18,1.29
1979-07,241.2,23.76,82.57,2.92,82.57,26.67,29.65,3.56
1979-08,309.42,23.44,130.95,4.06,84.68,25.88,53.7,3.28
1979-09,290.53,22.16,137.9,3.2,84.18,25.28,50.8,3.4
1979-10,153.05,19.5,89.77,1.61,77.3,23.14,48.76,10.92
1979-11,106.36,17.1,48.48,1.18,74.07,20.89,24.14,12.53
1979-12,41.53,16.05,23.05,0.18,76.57,19.93,8.83,19.28
1980-01,36.82,16.01,17.28,0.06,76.46,19.66,7.65,13.82
1980-02,46.9,16.31,24.34,0.19,78.78,19.48,9.49,13.86
1980-03,74.49,19.99,31.24,0.5,75.75,23.86,19.17,16.0
1980-04,81.13,21.72,41.29,0.67,76.28,25.18,19.78,8.13
1980-05,266.78,23.2,97.85,3.3,80.89,26.17,41.12,5.36
1980-06,337.03,23.62,114.16,3.68,85.4,25.98,54.65,1.04
1980-07,318.12,23.98,124.65,4.01,83.65,26.39,54.73,2.86
1980-08,338.68,23.62,139.28,3.88,84.98,25.97,65.39,2.12
1980-09,344.19,22.57,134.71,4.4,85.59,24.94,64.21,2.85
1980-10,253.41,21.43,109.55,2.84,85.11,24.03,44.83,3.29
1980-11,160.51,19.32,71.27,1.65,82.54,22.5,38.25,8.75
1980-12,76.06,16.87,31.75,0.41,80.99,19.78,13.86,9.4
1981-01,50.92,15.65,23.23,0.12,78.76,19.05,9.32,14.6
1981-02,37.86,17.45,18.41,0.08,78.59,21.08,8.22,10.49
1981-03,76.4,19.86,35.83,0.8,75.75,23.63,16.48,15.45
1981-04,147.51,22.21,58.91,1.59,78.86,25.64,24.89,7.1
1981-05,304.19,22.72,121.13,3.86,82.13,25.61,57.85,3.31
1981-06,295.0,23.56,110.86,4.04,83.48,26.02,40.75,2.97
1981-07,294.23,23.65,105.22,3.23,83.85,26.09,48.6,2.42
1981-08,272.01,23.97,86.1,2.94,82.97,26.44,40.88,2.59
1981-09,255.84,22.78,110.67,3.04,83.44,25.57,42.8,4.27
1981-10,336.99,21.6,145.74,5.08,85.36,23.91,62.12,3.99
1981-11,258.79,19.33,122.18,3.08,85.29,21.75,49.73,4.72
1981-12,86.27,15.17,60.62,1.01,78.16,18.33,23.56,17.41
1982-01,42.23,15.42,20.36,0.14,78.22,19.13,8.14,15.97
1982-02,46.05,16.87,23.39,0.08,78.61,20.22,9.24,14.9
1982-03,60.62,19.28,47.73,0.31,76.62,23.16,15.61,14.6
1982-04,154.58,20.89,58.6,1.31,80.96,23.8,24.99,4.15
1982-05,177.51,22.93,67.3,1.42,81.17,25.98,34.3,3.14
1982-06,291.16,23.83,109.98,3.51,83.27,26.27,43.66,3.08
1982-07,243.68,23.79,79.65,2.69,82.16,26.39,31.81,3.01
1982-08,279.81,23.64,94.58,3.35,83.61,25.99,37.56,3.05
1982-09,334.54,22.57,121.38,4.02,86.56,24.94,50.36,1.33
1982-10,208.29,21.45,80.79,1.25,85.02,24.28,34.96,2.54
1982-11,142.35,19.84,51.24,0.79,84.47,22.59,22.91,4.27
1982-12,35.95,14.58,18.06,0.24,76.08,18.46,9.2,16.2
1983-01,65.11,14.99,44.93,0.56,78.9,18.3,17.35,15.1
1983-02,64.49,16.65,27.11,0.71,79.88,20.02,11.58,18.07
1983-03,55.34,18.42,28.91,0.37,77.1,21.92,12.04,14.06
1983-04,80.1,21.43,45.96,0.78,75.98,25.19,22.47,14.18
1983-05,153.52,23.68,68.75,1.26,78.41,26.8,24.72,5.11
1983-06,246.64,24.16,110.38,2.9,81.05,26.86,62.8,3.65
1983-07,282.95,24.27,117.57,3.1,81.8,26.96,50.19,4.26
1983-08,299.74,23.46,115.53,3.32,85.14,25.99,49.55,2.56
1983-09,257.2,22.9,113.76,2.58,84.73,25.64,36.24,2.03
1983-10,389.54,21.64,164.25,5.09,87.04,23.94,71.75,1.78
1983-11,123.49,17.66,83.73,1.36,79.92,20.8,28.13,11.42
1983-12,61.73,15.19,26.87,0.29,78.88,18.45,12.67,19.86
1984-01,40.01,14.06,17.14,0.14,79.13,17.38,6.55,15.41
1984-02,41.88,16.0,18.7,0.14,78.66,19.32,8.6,13.65
1984-03,44.61,18.45,27.06,0.17,75.77,22.27,11.41,13.9
1984-04,143.34,22.0,59.95,1.16,79.35,25.36,25.47,8.31
1984-05,238.97,22.67,75.17,1.99,82.78,25.45,29.16,3.14
1984-06,325.35,23.64,116.99,4.22,83.77,26.12,55.45,2.14
1984-07,210.55,23.44,75.74,1.59,81.94,26.18,27.47,3.55
1984-08,297.61,23.46,109.14,3.92,84.17,25.75,46.17,2.99
1984-09,228.74,22.25,81.88,1.88,85.07,24.93,29.87,2.1
1984-10,231.26,20.34,105.37,2.35,83.29,23.21,50.29,7.31
1984-11,153.8,19.06,77.76,1.68,81.64,22.17,49.32,11.24
1984-12,58.78,16.35,30.66,0.45,79.75,19.4,12.22,14.59
1985-01,51.64,15.3,25.17,0.3,81.3,18.44,13.35,12.44
1985-02,63.1,17.48,37.67,0.4,80.65,20.95,18.78,10.67
1985-03,80.37,17.8,37.76,0.37,78.75,21.11,15.71,9.66
1985-04,183.0,20.6,80.8,2.23,81.76,23.59,34.46,5.08
1985-05,186.29,22.96,65.92,1.27,82.22,26.07,22.56,2.7
1985-06,275.91,23.9,126.87,3.38,81.96,26.41,57.45,3.77
1985-07,218.67,23.08,69.91,1.59,82.78,25.9,27.68,2.65
1985-08,298.05,23.12,111.96,3.47,83.65,25.84,44.48,2.35
1985-09,302.67,22.26,132.08,3.93,84.6,24.94,45.27,3.03
1985-10,238.57,20.91,101.47,2.78,82.94,23.83,54.27,6.45
1985-11,202.75,19.64,87.14,2.54,85.43,22.23,36.61,4.13
1985-12,73.08,15.7,38.25,0.58,80.74,19.08,16.0,10.37
1986-01,38.01,14.9,17.66,0.09,77.17,18.61,7.89,14.69
1986-02,55.9,16.13,29.05,0.27,78.99,19.68,14.72,14.08
1986-03,35.31,18.05,19.93,0.09,73.08,22.15,9.31,16.48
1986-04,142.29,21.69,61.68,1.77,78.89,25.12,27.97,6.24
1986-05,290.72,23.18,103.58,3.88,83.01,25.73,48.29,4.76
1986-06,282.4,23.86,94.93,3.8,83.03,26.46,41.19,3.07
1986-07,299.22,23.66,99.32,3.37,83.22,26.17,40.11,3.64
1986-08,271.41,23.38,89.31,2.93,84.55,25.93,35.31,2.1
1986-09,281.89,22.1,112.95,3.31,83.65,24.91,45.96,5.0
1986-10,262.48,21.03,113.07,2.92,85.29,23.65,51.06,3.13
1986-11,130.46,18.62,77.07,1.35,82.08,21.41,27.27,7.12
1986-12,119.49,16.97,82.23,1.45,81.15,20.14,44.16,12.7
1987-01,42.95,16.42,18.99,0.13,77.12,20.07,8.0,14.36
1987-02,35.27,17.54,21.68,0.11,75.98,21.34,8.59,16.48
1987-03,55.38,19.87,38.46,0.25,73.12,24.09,14.65,13.29
1987-04,91.58,21.58,42.69,0.87,76.82,25.13,24.09,7.83
1987-05,180.17,23.85,68.25,1.83,77.7,27.2,29.5,5.65
1987-06,279.59,24.22,98.81,3.49,81.68,26.92,38.97,3.05
1987-07,241.85,24.11,74.55,2.42,82.2,26.63,29.44,2.38
1987-08,364.3,23.69,138.62,4.31,83.78,26.23,73.63,2.51
1987-09,273.66,22.82,117.73,2.64,85.19,25.31,40.39,2.34
1987-10,164.16,21.6,61.25,1.03,83.59,24.67,26.38,4.88
1987-11,203.58,20.03,80.26,2.04,85.65,22.54,44.28,4.4
1987-12,45.73,14.52,20.88,0.41,75.12,18.28,10.87,15.66
1988-01,47.96,17.05,18.99,0.08,80.01,20.47,9.02,11.56
1988-02,65.82,17.32,32.6,0.34,79.37,20.77,14.72,12.35
1988-03,40.4,18.37,23.2,0.16,75.18,22.14,10.11,16.92
1988-04,134.32,21.1,55.96,1.28,79.09,24.26,29.17,6.58
1988-05,231.99,23.91,89.89,2.2,81.28,26.79,35.73,2.92
1988-06,223.69,23.86,99.79,2.59,80.39,26.65,39.25,4.51
1988-07,231.84,23.88,92.3,2.11,82.3,26.6,30.75,2.53
1988-08,246.99,23.6,81.97,2.16,84.18,26.15,33.13,2.25
1988-09,252.55,22.66,98.32,2.78,83.19,25.32,36.07,3.9
1988-10,376.67,21.01,154.49,5.49,85.34,23.22,69.58,3.71
1988-11,126.89,17.89,67.98,1.49,78.08,20.9,36.84,10.27
1988-12,41.3,15.76,15.37,0.22,77.39,19.38,7.74,15.67
1989-01,64.62,15.88,24.23,0.2,79.79,18.97,11.05,11.94
1989-02,29.84,15.72,15.29,0.04,75.97,19.53,5.79,15.69
1989-03,128.67,18.42,68.42,1.22,80.04,21.4,28.87,12.39
1989-04,83.88,21.47,43.09,0.47,78.88,24.9,17.31,5.96
1989-05,310.35,22.76,139.77,3.75,82.52,25.59,62.09,3.64
1989-06,276.47,23.67,117.89,2.88,82.96,26.26,55.89,3.27
1989-07,285.47,23.57,109.87,3.26,82.91,26.2,63.72,2.94
1989-08,260.73,23.47,101.08,2.05,83.8,25.98,52.24,2.67
1989-09,218.53,22.86,84.97,1.96,83.6,25.58,32.83,3.07
1989-10,273.26,21.2,115.24,3.12,84.05,23.72,58.44,3.82
1989-11,88.31,18.81,42.96,0.75,79.75,21.89,18.8,10.82
1989-12,34.32,15.99,19.43,0.05,77.24,19.76,6.69,18.77
1990-01,48.17,16.57,20.24,0.15,79.16,19.89,8.67,12.8
1990-02,73.41,17.35,40.36,0.75,78.61,20.77,16.71,13.83
1990-03,106.03,19.32,47.7,1.09,78.45,22.54,20.1,11.33
1990-04,103.44,21.98,52.7,0.93,77.68,25.33,30.68,9.29
1990-05,258.82,22.68,86.9,3.54,81.49,25.6,42.54,4.56
1990-06,282.57,23.95,106.57,3.3,83.75,26.28,47.41,2.12
1990-07,245.46,23.69,81.99,2.62,83.15,26.13,38.59,2.69
1990-08,251.28,23.88,117.59,2.47,82.07,26.55,56.13,2.86
1990-09,269.71,22.99,123.19,2.7,83.91,25.58,61.73,2.6
1990-10,279.0,21.6,122.36,3.42,85.7,23.85,48.67,3.81
1990-11,210.56,19.51,122.66,2.81,82.89,22.27,55.64,7.43
1990-12,43.61,16.99,21.37,0.17,79.55,20.3,9.33,14.73
1991-01,48.97,17.03,20.74,0.15,79.97,20.35,7.99,14.05
1991-02,30.1,17.33,20.07,0.11,76.16,20.95,6.94,16.11
1991-03,87.64,19.88,53.35,0.97,77.13,23.62,29.24,14.25
1991-04,82.56,21.52,50.35,0.64,77.85,24.83,21.41,10.4
1991-05,153.1,23.17,54.82,1.12,79.32,26.37,25.57,4.08
1991-06,284.63,24.0,111.51,4.02,83.14,26.39,42.68,3.33
1991-07,295.64,23.88,115.32,3.14,83.56,26.19,61.12,2.69
1991-08,312.48,23.74,133.41,3.85,84.28,26.02,54.22,2.45
1991-09,223.55,23.05,70.97,1.75,84.04,25.63,25.38,2.5
1991-10,212.47,21.01,90.14,2.18,82.21,23.77,36.14,6.32
1991-11,72.33,18.38,41.31,0.59,78.45,21.58,22.13,12.56
1991-12,65.68,17.18,34.56,0.54,79.03,20.41,16.93,14.51
1992-01,62.45,15.08,40.49,0.47,78.04,18.34,16.33,14.74
1992-02,50.98,16.81,23.95,0.2,78.13,20.12,11.71,15.11
1992-03,33.99,19.04,16.88,0.1,75.49,22.8,7.67,14.96
1992-04,77.78,21.84,39.95,0.39,77.1,25.33,17.96,12.61
1992-05,190.18,23.45,63.13,1.64,80.19,26.46,26.09,6.06
1992-06,345.58,23.82,145.78,4.41,82.78,26.38,68.46,2.6
1992-07,286.24,23.42,120.66,3.28,83.75,25.9,48.91,3.09
1992-08,232.96,23.57,76.61,1.98,83.38,26.2,30.62,1.98
1992-09,221.04,22.99,82.95,1.73,84.14,25.64,37.78,2.56
1992-10,293.81,20.14,132.82,3.76,81.79,22.8,58.81,8.03
1992-11,70.92,17.35,31.37,0.59,77.08,20.65,15.24,11.8
1992-12,66.14,16.89,36.41,0.73,78.56,20.46,20.14,15.92
1993-01,46.37,15.11,22.47,0.11,76.82,18.36,9.86,12.15
1993-02,33.59,16.21,19.09,0.11,76.35,20.29,7.48,21.15
1993-03,66.89,18.86,41.4,0.51,77.69,22.4,18.0,14.8
1993-04,98.11,21.64,42.67,0.56,77.62,25.0,18.01,10.2
1993-05,234.37,23.11,83.52,2.58,81.49,26.13,28.47,5.63
1993-06,243.41,24.24,83.03,2.49,81.17,26.96,38.74,2.87
1993-07,222.74,24.26,82.69,1.9,82.45,26.69,33.78,2.56
1993-08,286.37,23.73,100.33,3.28,83.62,26.04,43.39,2.51
1993-09,272.05,22.7,94.54,2.42,85.23,25.22,38.89,2.43
1993-10,234.96,20.54,111.67,2.78,82.12,23.21,48.24,6.87
1993-11,116.4,18.76,70.37,1.2,79.65,22.05,40.95,12.39
1993-12,98.91,15.74,45.9,1.28,78.33,18.99,21.74,12.68
1994-01,28.02,16.17,13.5,0.04,78.06,19.84,5.77,14.25
1994-02,41.17,18.04,21.89,0.06,78.15,21.66,9.55,14.73
1994-03,99.48,18.5,45.78,0.65,79.16,21.58,20.3,12.57
1994-04,89.86,22.44,39.15,0.49,79.21,25.69,16.96,7.27
1994-05,271.47,23.5,97.27,2.89,82.61,26.22,46.75,4.98
1994-06,290.48,23.91,103.59,3.53,84.4,26.08,46.26,2.23
1994-07,346.54,23.81,118.9,4.9,84.15,25.99,49.4,2.82
1994-08,268.71,23.52,103.53,2.77,83.88,25.91,44.48,3.82
1994-09,316.7,22.84,116.83,3.56,86.67,25.04,54.37,1.91
1994-10,166.29,20.31,70.59,1.24,82.21,23.17,31.94,6.66
1994-11,68.69,19.24,43.28,0.48,80.18,22.42,14.47,16.67
1994-12,99.27,17.77,59.4,1.07,82.44,20.78,23.13,11.9
1995-01,53.19,15.64,29.29,0.18,79.37,18.99,12.59,12.73
1995-02,33.94,16.04,21.23,0.11,78.03,19.53,7.56,15.78
1995-03,51.27,18.71,24.33,0.28,76.88,22.42,15.08,15.54
1995-04,70.02,22.0,32.04,0.52,76.79,25.53,13.41,10.49
1995-05,185.46,23.32,74.42,2.0,79.4,26.27,33.8,7.51
1995-06,263.61,24.42,94.04,3.38,82.33,26.99,36.72,3.07
1995-07,276.4,23.7,95.14,3.18,83.49,26.23,40.62,2.13
1995-08,357.7,23.57,141.42,4.88,85.48,25.92,58.55,1.81
1995-09,256.57,22.86,83.97,3.01,85.69,25.22,34.28,3.79
1995-10,246.59,21.76,100.57,2.84,83.44,24.47,45.23,4.43
1995-11,150.62,18.53,80.64,1.93,81.59,21.31,40.63,7.81
1995-12,73.28,15.84,35.26,0.57,78.4,18.97,15.11,11.16
1996-01,45.9,15.37,22.51,0.2,79.34,18.94,11.59,12.8
1996-02,45.27,15.38,27.49,0.18,76.01,18.9,9.85,14.19
1996-03,66.52,18.64,55.26,0.94,74.57,22.94,20.85,16.53
1996-04,117.9,20.25,45.68,0.8,82.08,23.27,24.72,7.52
1996-05,253.93,23.05,107.1,3.02,83.66,25.74,45.6,2.82
1996-06,197.64,23.73,76.7,1.86,83.31,26.4,27.4,3.0
1996-07,257.0,23.77,109.14,2.68,82.52,26.3,54.28,3.47
1996-08,319.07,23.48,138.86,3.85,83.81,26.04,62.21,2.98
1996-09,359.76,22.77,147.49,4.11,85.27,25.2,67.75,3.11
1996-10,215.97,21.41,97.23,2.5,84.28,24.13,35.92,4.83
1996-11,274.99,20.05,140.61,3.17,84.9,22.44,67.27,6.5
1996-12,107.72,16.32,62.91,1.31,81.09,19.27,23.01,13.25
1997-01,41.22,15.64,22.3,0.25,78.05,19.34,9.42,16.87
1997-02,59.32,16.98,27.92,0.24,81.38,19.87,13.05,13.77
1997-03,85.89,19.17,37.48,0.97,78.57,22.64,18.87,15.86
1997-04,163.9,21.38,64.4,1.36,80.83,24.51,26.56,7.25
1997-05,199.86,23.27,73.94,2.12,80.5,26.22,40.52,3.86
1997-06,200.62,24.04,79.01,2.2,80.79,26.72,31.54,5.05
1997-07,346.44,23.91,111.7,4.66,85.55,25.92,37.7,2.22
1997-08,291.92,23.88,111.84,3.82,83.05,26.2,52.91,4.29
1997-09,294.29,22.19,133.35,3.52,85.35,24.63,52.0,2.63
1997-10,187.95,21.75,89.05,1.48,84.67,24.51,32.0,3.68
1997-11,72.98,19.71,55.45,0.72,79.29,23.04,24.38,11.96
1997-12,49.55,17.85,24.03,0.44,77.88,21.16,12.06,15.5
1998-01,33.11,17.35,14.33,0.12,76.52,21.02,7.65,16.01
1998-02,30.01,18.2,16.44,0.05,75.4,22.01,8.05,17.61
1998-03,38.61,19.97,25.29,0.3,73.58,24.01,10.57,18.39
1998-04,87.99,22.78,45.11,0.55,75.98,26.26,18.7,14.45
1998-05,211.61,24.21,76.28,2.3,79.82,27.13,39.78,6.23
1998-06,263.04,24.84,94.62,3.13,81.9,27.38,38.46,3.64
1998-07,206.74,24.57,83.47,2.05,81.55,27.15,32.65,5.28
1998-08,214.85,23.97,68.12,1.55,83.01,26.68,27.69,2.92
1998-09,293.01,22.86,130.28,3.63,84.29,25.46,54.87,2.74
1998-10,203.58,21.37,89.77,2.16,82.41,24.26,34.58,7.03
1998-11,251.31,19.42,108.06,3.08,82.68,22.3,55.69,7.5
1998-12,139.6,17.47,83.05,1.71,80.77,20.39,34.86,12.47
1999-01,65.39,16.68,31.49,0.43,81.47,19.71,15.49,9.37
1999-02,43.65,17.44,18.04,0.19,77.43,20.98,9.18,12.83
1999-03,56.0,19.83,28.49,0.2,77.07,23.52,13.91,11.48
1999-04,203.57,22.25,76.27,1.83,82.93,24.97,36.14,2.92
1999-05,259.67,22.6,82.95,2.43,84.51,25.04,33.83,2.8
1999-06,227.55,23.91,81.04,2.03,83.17,26.37,33.82,3.82
1999-07,218.45,24.2,71.9,2.03,82.44,26.54,28.98,3.3
1999-08,250.59,23.53,79.62,2.44,84.0,25.94,27.67,2.77
1999-09,175.01,22.85,71.6,0.89,83.34,25.57,23.92,4.15
1999-10,267.51,21.7,101.13,3.09,85.52,24.12,45.37,2.56
1999-11,217.7,19.59,140.45,2.48,84.64,22.13,55.91,5.27
1999-12,157.7,14.79,82.58,2.06,78.94,18.03,36.57,13.62
2000-01,58.81,16.93,26.74,0.46,79.26,20.1,11.69,11.55
2000-02,58.54,16.63,32.17,0.29,79.8,19.69,12.27,12.97
2000-03,57.41,19.16,32.67,0.13,79.54,22.45,12.66,9.62
2000-04,154.6,22.1,66.17,1.3,81.44,25.06,35.27,5.56
2000-05,254.01,23.11,98.54,2.55,83.01,25.76,42.66,3.02
2000-06,229.81,23.52,93.59,2.42,83.73,25.99,32.38,2.62
2000-07,243.52,23.8,92.41,2.83,82.96,26.27,36.12,2.82
2000-08,254.06,23.78,98.09,2.37,83.7,26.21,41.11,2.33
2000-09,222.46,22.52,96.6,1.92,83.49,25.1,43.82,4.27
2000-10,302.39,21.65,128.92,4.19,86.65,23.94,58.48,2.38
2000-11,134.96,18.5,72.01,1.71,80.62,21.7,33.65,11.18
2000-12,118.4,17.71,52.95,1.28,81.86,20.64,25.74,8.28
2001-01,51.39,17.24,23.31,0.11,81.2,20.4,11.42,8.77
2001-02,52.51,16.96,30.04,0.55,78.91,20.35,19.32,12.39
2001-03,139.5,19.97,65.34,1.23,81.23,22.91,27.7,9.96
2001-04,83.05,22.16,42.92,0.68,79.47,25.53,19.74,7.34
2001-05,250.74,23.33,104.75,3.27,81.95,25.95,43.91,3.98
2001-06,245.83,23.89,85.17,2.6,83.08,26.42,32.25,2.59
2001-07,247.28,24.16,88.99,2.92,82.54,26.6,41.89,3.1
2001-08,293.6,23.81,99.96,3.41,84.91,26.09,47.88,2.11
2001-09,197.11,23.12,84.33,1.94,83.46,25.8,34.44,3.65
2001-10,246.44,22.06,104.96,2.35,85.86,24.47,53.19,3.04
2001-11,94.99,17.67,62.4,0.8,78.34,21.09,34.39,12.82
2001-12,84.8,16.85,39.74,0.92,79.91,19.93,17.47,15.43
2002-01,39.19,16.04,17.64,0.19,76.45,19.62,7.61,17.06
2002-02,27.93,17.56,11.92,0.01,76.69,21.17,5.25,14.67
2002-03,50.83,20.06,26.21,0.39,74.86,23.67,15.88,16.71
2002-04,69.3,22.35,33.83,0.4,74.28,26.06,16.35,11.21
2002-05,237.36,23.79,94.33,3.15,78.81,26.66,40.41,6.78
2002-06,266.69,24.36,94.51,2.97,82.37,26.86,38.49,2.58
2002-07,240.33,24.57,83.12,2.75,81.24,26.86,37.03,3.84
2002-08,302.27,23.45,117.6,3.76,84.42,25.8,46.58,2.13
2002-09,262.73,22.72,97.22,3.32,84.12,25.2,38.51,3.48
2002-10,170.08,21.21,64.12,1.59,82.24,24.23,30.37,6.06
2002-11,161.85,19.36,65.91,1.69,83.95,22.02,27.47,7.21
2002-12,104.99,18.21,52.52,1.21,84.53,20.87,29.26,7.91
2003-01,43.53,15.45,29.6,0.5,78.36,19.08,14.41,18.92
2003-02,44.75,18.32,22.68,0.26,77.62,22.01,11.77,15.57
2003-03,65.29,19.83,33.86,0.29,75.94,23.24,14.18,16.51
2003-04,72.85,22.56,35.43,0.39,75.24,26.2,15.78,9.4
2003-05,258.93,23.88,98.11,2.91,81.61,26.68,38.78,3.41
2003-06,215.29,24.27,88.38,2.31,81.07,26.94,30.77,4.59
2003-07,230.14,24.0,94.54,2.01,82.58,26.69,47.14,2.94
2003-08,276.39,24.08,99.25,3.15,83.43,26.53,49.18,2.66
2003-09,261.13,22.95,98.23,2.73,84.83,25.46,34.73,2.49
2003-10,207.03,21.47,91.66,2.95,82.92,24.22,38.83,8.37
2003-11,91.84,19.43,55.32,1.12,79.06,22.84,29.04,13.11
2003-12,64.04,16.17,32.23,0.52,77.16,19.6,12.9,13.81
2004-01,44.15,16.24,19.38,0.2,78.38,19.67,8.91,14.29
2004-02,27.25,16.33,14.87,0.03,76.78,20.25,5.88,17.72
2004-03,49.51,19.37,27.76,0.17,77.15,22.86,11.03,17.66
2004-04,127.64,21.93,56.63,1.18,78.96,25.18,23.58,7.65
2004-05,240.06,23.08,95.82,3.04,80.98,25.95,45.23,3.47
2004-06,210.51,23.91,92.11,2.26,81.24,26.48,37.71,4.55
2004-07,278.65,23.61,104.49,3.41,83.26,26.07,40.65,3.21
2004-08,249.09,23.96,95.02,2.41,83.35,26.33,39.89,2.25
2004-09,192.36,22.7,83.89,1.49,83.11,25.43,35.64,3.18
2004-10,93.74,20.47,46.86,1.08,77.49,23.76,18.64,11.72
2004-11,102.59,19.21,61.77,1.18,79.03,22.52,28.57,10.61
2004-12,39.56,15.71,21.49,0.25,75.16,19.71,10.68,20.37
2005-01,30.71,15.58,14.71,0.02,76.8,19.07,5.42,17.43
2005-02,28.88,17.51,15.28,0.1,76.27,21.5,6.84,17.81
2005-03,57.66,18.23,25.27,0.37,76.18,21.88,12.86,15.8
2005-04,70.59,21.7,33.6,0.41,75.89,25.09,16.75,10.95
2005-05,164.1,24.03,58.57,1.19,78.49,27.07,22.01,6.46
2005-06,233.68,24.62,78.06,2.63,80.72,27.12,32.76,2.86
2005-07,289.55,23.85,96.52,3.13,82.78,26.34,44.2,2.38
2005-08,282.3,23.85,96.12,3.09,84.09,26.1,41.59,1.64
2005-09,302.0,23.02,118.05,3.5,83.98,25.62,64.3,2.45
2005-10,199.55,21.56,83.18,2.15,83.45,24.23,31.34,4.65
2005-11,141.67,19.91,66.23,1.37,83.46,22.63,30.71,8.53
2005-12,176.95,16.43,75.86,2.27,81.55,18.92,30.86,9.18
2006-01,39.6,16.51,20.91,0.14,78.94,19.84,8.67,15.4
2006-02,51.22,17.97,18.64,0.12,80.01,21.03,9.25,11.92
2006-03,64.28,19.21,35.75,0.49,78.9,22.66,21.81,10.78
2006-04,108.27,22.03,48.33,0.91,77.35,25.4,25.27,6.2
2006-05,203.44,22.84,82.12,2.18,78.51,26.0,34.69,5.44
2006-06,239.31,24.3,102.06,2.75,81.04,26.97,30.82,3.32
2006-07,299.53,24.31,124.57,3.45,82.7,26.5,64.03,3.0
2006-08,333.72,23.6,128.98,3.86,84.8,25.8,58.17,1.58
2006-09,260.71,22.53,111.96,2.91,81.95,25.29,50.11,4.49
2006-10,174.74,22.06,99.35,1.53,83.16,24.77,33.89,4.81
2006-11,73.8,20.04,49.31,0.63,78.36,23.64,25.82,11.23
2006-12,69.32,16.9,31.95,0.82,76.85,20.23,15.39,16.39
2007-01,61.71,15.93,33.67,0.52,76.84,19.05,13.03,11.82
2007-02,38.25,18.04,19.55,0.24,74.11,22.22,9.39,19.5
2007-03,87.84,19.94,47.99,0.69,78.56,23.45,24.12,11.28
2007-04,113.18,21.25,58.88,1.09,77.45,24.46,27.27,7.99
2007-05,244.37,22.77,91.4,2.92,81.09,25.71,38.98,3.73
2007-06,244.71,24.3,83.75,2.68,81.39,27.13,32.29,2.33
2007-07,250.54,24.1,80.2,2.57,82.22,26.67,29.81,2.52
2007-08,279.23,23.77,117.21,3.0,84.13,26.15,44.96,2.33
2007-09,283.55,22.64,120.33,3.74,83.56,25.31,48.11,3.66
2007-10,315.73,21.33,134.5,3.85,84.17,23.92,56.89,7.57
2007-11,185.02,17.6,94.32,2.51,78.52,20.89,38.63,13.86
2007-12,56.99,18.06,27.03,0.33,80.18,21.13,11.1,19.09
2008-01,75.49,15.48,47.99,0.78,79.35,18.87,24.17,11.56
2008-02,57.09,14.72,34.66,0.15,76.95,17.53,13.53,14.64
2008-03,74.44,18.99,36.44,0.43,78.69,22.36,20.44,9.85
2008-04,107.31,21.99,52.25,0.8,79.5,25.21,23.56,6.52
2008-05,268.5,22.84,104.17,3.16,82.4,25.53,49.7,3.34
2008-06,262.14,23.78,87.69,3.36,82.95,26.33,32.35,2.41
2008-07,247.98,23.9,78.44,2.72,82.55,26.38,31.44,2.54
2008-08,273.22,23.64,113.77,2.58,83.89,26.09,49.17,2.49
2008-09,312.31,23.06,138.25,3.58,84.58,25.6,69.6,3.24
2008-10,254.09,22.26,103.86,2.7,85.42,24.72,44.35,2.96
2008-11,199.14,18.58,115.23,2.41,82.06,21.53,44.23,7.51
2008-12,102.4,16.24,68.17,1.25,80.2,19.49,26.31,17.52
2009-01,38.04,14.37,20.89,0.24,76.74,18.0,9.0,16.92
2009-02,35.69,18.65,23.22,0.14,78.3,22.69,10.37,17.25
2009-03,78.53,19.61,39.37,0.45,77.83,23.27,16.89,7.71
2009-04,195.45,22.07,81.3,1.91,81.82,24.86,36.81,3.17
2009-05,269.3,22.91,102.4,2.7,83.76,25.48,40.74,2.56
2009-06,172.95,24.41,58.97,1.37,80.28,27.02,24.36,3.78
2009-07,279.67,24.13,94.18,3.28,83.1,26.48,42.01,2.61
2009-08,218.02,23.92,77.07,1.59,83.09,26.64,28.75,2.48
2009-09,392.37,23.32,183.12,4.79,84.52,25.75,84.88,2.56
2009-10,184.47,21.85,111.04,1.66,83.47,24.63,40.7,5.58
2009-11,110.95,18.63,71.05,1.1,77.66,21.82,41.9,11.28
2009-12,45.13,17.35,24.92,0.3,78.76,20.66,9.61,15.6
2010-01,88.66,17.21,59.89,1.16,80.25,20.45,33.96,9.82
2010-02,23.49,18.33,14.98,0.07,73.27,22.55,6.71,18.48
2010-03,40.56,19.88,26.04,0.19,71.76,23.73,12.45,18.35
2010-04,100.8,22.05,45.69,0.82,77.15,25.47,20.84,9.45
2010-05,179.12,24.67,73.34,2.07,78.78,27.62,30.87,4.77
2010-06,245.56,24.78,83.33,2.47,80.31,27.5,43.02,3.1
2010-07,276.88,24.44,105.46,3.01,81.46,27.11,54.69,3.44
2010-08,322.81,23.7,127.52,2.88,85.15,26.06,52.7,1.36
2010-09,243.36,23.41,98.98,2.36,84.31,26.12,33.65,2.68
2010-10,340.47,21.26,163.0,4.16,82.81,23.82,71.76,4.8
2010-11,231.29,18.99,98.03,3.16,82.0,21.81,37.3,11.59
2010-12,75.26,17.21,39.77,0.46,81.25,20.48,17.92,8.73
2011-01,63.1,14.72,29.73,0.46,80.22,17.21,12.83,12.34
2011-02,22.88,16.68,14.26,0.01,78.14,20.31,5.5,18.37
2011-03,124.97,17.38,70.78,1.61,80.21,20.15,25.84,12.55
2011-04,97.58,20.95,47.62,0.71,80.26,24.0,23.14,8.37
2011-05,227.93,22.9,88.06,2.48,81.12,25.85,39.66,4.75
2011-06,262.34,24.24,105.1,2.53,82.47,26.7,48.88,3.29
2011-07,238.27,24.07,96.85,2.3,82.38,26.58,36.45,3.18
2011-08,225.92,23.66,83.85,2.0,83.5,26.27,31.95,3.52
2011-09,350.79,23.14,146.61,4.34,85.17,25.4,64.64,3.25
2011-10,235.73,21.4,104.07,2.64,84.85,23.78,39.2,5.89
2011-11,145.47,19.84,82.14,1.47,82.75,22.85,46.77,8.77
2011-12,81.54,16.28,33.76,0.93,78.49,19.06,14.2,12.67
2012-01,78.29,16.2,34.16,0.43,83.41,18.86,15.74,7.32
2012-02,45.67,16.94,25.99,0.3,80.94,20.26,13.23,10.9
2012-03,85.3,19.48,55.2,0.73,78.14,22.76,24.24,9.17
2012-04,127.66,22.34,70.54,0.98,79.11,25.69,36.16,5.23
2012-05,258.44,23.93,97.2,2.66,81.26,26.72,39.73,4.93
2012-06,240.07,24.66,93.23,2.64,81.44,26.99,43.31,3.26
2012-07,265.13,24.16,104.08,2.83,83.09,26.49,41.04,2.87
2012-08,254.76,24.03,108.22,2.33,82.02,26.58,53.34,3.32
2012-09,297.34,22.72,101.14,3.7,85.47,25.12,40.97,2.18
2012-10,178.31,21.69,91.7,1.88,82.82,24.59,49.6,5.76
2012-11,106.8,20.71,50.45,0.73,84.25,23.56,24.05,5.2
2012-12,62.03,18.17,27.63,0.41,80.37,21.24,14.41,10.36
2013-01,57.45,16.34,31.77,0.37,80.93,19.15,15.35,11.72
2013-02,42.57,18.74,25.23,0.16,78.15,22.22,11.39,13.94
2013-03,69.89,20.78,34.72,0.42,75.67,24.53,16.99,12.83
2013-04,158.86,22.33,77.2,1.54,80.16,25.43,36.26,4.92
2013-05,221.0,23.93,84.01,1.75,81.31,26.85,31.82,2.77
2013-06,274.23,24.09,111.66,2.91,81.37,26.77,51.79,3.35
2013-07,329.37,23.85,107.61,3.93,85.3,26.11,42.07,1.43
2013-08,289.13,23.95,106.95,3.13,83.71,26.33,54.42,3.94
2013-09,341.83,22.8,133.2,4.33,85.26,25.19,60.1,2.38
2013-10,210.06,20.97,120.56,2.29,81.62,23.81,57.79,7.48
2013-11,170.81,20.07,78.26,2.09,82.21,22.64,51.36,7.79
2013-12,61.06,14.93,47.67,0.78,76.62,18.28,23.59,13.38
2014-01,25.54,14.44,13.88,0.1,75.28,18.54,5.99,17.92
2014-02,25.89,16.11,11.76,0.05,76.76,20.0,6.08,18.96
2014-03,52.13,19.45,25.81,0.22,77.87,23.05,12.96,16.76
2014-04,149.8,22.68,68.91,1.26,81.64,25.66,33.95,5.44
2014-05,161.97,24.16,64.44,1.3,79.44,27.27,23.61,3.69
2014-06,278.11,24.75,97.89,3.34,82.28,27.12,44.35,2.65
2014-07,318.26,24.35,117.52,3.36,83.81,26.64,51.16,1.81
2014-08,282.22,23.98,105.95,2.95,83.47,26.39,52.96,3.43
2014-09,235.37,23.59,112.76,2.22,83.46,26.22,52.79,3.23
2014-10,173.34,21.83,63.33,1.51,81.95,24.7,32.5,5.75
2014-11,118.1,20.48,60.12,1.09,83.36,23.19,27.46,7.18
2014-12,106.57,16.59,50.6,1.0,79.86,19.45,21.65,9.56
2015-01,53.72,15.41,34.29,0.43,77.81,19.16,15.73,17.29
2015-02,34.75,17.42,16.89,0.12,77.39,20.95,8.48,15.61
2015-03,50.57,20.25,27.02,0.24,76.76,23.82,11.36,17.0
2015-04,83.48,21.79,45.0,0.75,74.8,25.4,23.25,12.26
2015-05,171.01,24.68,69.64,1.84,76.49,28.01,32.97,4.98
2015-06,222.61,24.71,94.51,2.57,79.25,27.58,40.48,4.1
2015-07,265.36,24.35,106.13,3.4,80.91,26.85,41.97,5.25
2015-08,253.1,24.29,100.86,2.46,82.66,26.88,40.48,2.78
2015-09,269.14,23.79,111.25,2.9,84.28,26.33,46.41,2.1
2015-10,175.73,21.94,76.42,1.67,81.76,24.95,34.0,7.67
2015-11,136.33,21.39,62.96,1.25,84.05,24.08,25.81,5.77
2015-12,96.28,18.12,46.07,1.02,82.06,20.9,25.25,8.67
2016-01,71.81,17.38,32.57,0.47,81.58,20.46,13.6,10.38
2016-02,31.18,15.67,17.09,0.19,73.48,19.41,6.96,18.48
2016-03,28.99,19.14,18.2,0.19,76.07,22.85,10.27,18.51
2016-04,56.07,22.93,28.41,0.39,75.72,26.51,14.64,17.25
2016-05,205.8,24.36,88.89,2.49,79.3,27.31,37.9,5.99
2016-06,215.76,24.78,79.96,2.03,80.33,27.53,32.63,2.97
2016-07,231.39,24.48,86.39,1.98,81.52,27.21,46.76,3.12
2016-08,301.67,24.57,108.49,3.29,82.62,27.01,55.33,2.62
2016-09,287.44,23.77,116.7,3.25,83.79,26.32,56.44,2.89
2016-10,273.98,22.86,100.63,3.32,83.88,25.4,43.94,3.36
2016-11,165.8,20.57,90.14,1.98,83.53,23.3,37.23,5.77
2016-12,184.43,18.41,85.91,2.29,81.6,21.25,39.94,9.95
2017-01,113.1,18.25,67.8,1.36,83.06,20.98,34.54,7.82
2017-02,57.75,17.56,28.06,0.37,78.1,20.8,14.44,11.34
2017-03,108.69,19.76,57.81,1.01,79.33,23.16,24.36,11.46
2017-04,123.96,21.95,59.59,1.13,79.94,25.11,26.79,6.8
2017-05,249.9,23.47,87.57,2.7,82.2,26.31,39.06,3.5
2017-06,240.1,24.77,84.4,2.36,81.71,27.38,37.14,5.01
2017-07,347.03,24.15,117.04,4.68,84.84,26.42,48.84,2.01
2017-08,307.5,24.28,98.4,3.85,84.22,26.76,45.43,3.25
2017-09,229.58,24.08,94.34,1.73,84.02,26.79,42.69,1.85
2017-10,272.46,22.13,115.91,3.49,84.37,24.51,51.45,4.41
2017-11,208.64,20.19,99.17,2.23,82.92,22.76,47.2,6.8
2017-12,117.03,17.0,59.75,1.38,79.71,19.77,28.7,9.35
2018-01,77.41,17.47,36.03,0.36,82.15,20.16,14.53,8.53
2018-02,27.95,16.43,15.66,0.06,75.88,19.89,7.5,14.68
2018-03,69.81,19.71,27.97,0.36,77.72,23.12,16.63,9.95
2018-04,109.97,21.59,53.37,1.16,77.69,24.9,26.87,8.7
2018-05,201.5,23.79,76.71,1.54,80.78,26.94,28.13,2.81
2018-06,242.51,24.55,96.2,2.75,81.83,26.99,40.11,2.99
2018-07,371.05,24.53,131.98,5.42,83.67,26.72,50.91,3.57
2018-08,356.37,24.27,130.41,4.83,84.18,26.5,57.49,1.83
2018-09,229.09,23.39,99.57,2.59,83.43,26.12,36.53,2.95
2018-10,154.83,21.82,80.01,1.74,81.39,24.75,34.73,6.65
2018-11,120.23,20.46,64.67,1.12,81.66,23.54,32.69,8.4
2018-12,148.42,18.92,76.99,1.9,83.7,21.56,32.52,9.57
2019-01,74.18,17.51,46.1,0.59,81.12,20.46,21.63,10.35
2019-02,33.97,19.14,18.08,0.24,76.17,23.17,10.06,16.46
2019-03,61.94,20.7,28.23,0.41,76.69,24.31,16.8,15.29
2019-04,96.95,23.4,46.72,0.94,76.18,26.96,21.78,7.7
2019-05,217.34,24.22,88.45,2.24,80.79,27.07,37.21,3.68
2019-06,190.85,25.33,81.45,2.02,79.49,28.17,28.0,4.01
2019-07,235.41,24.84,100.84,2.28,80.97,27.41,46.17,3.88
2019-08,331.35,24.51,144.28,4.3,82.77,26.93,57.17,2.5
2019-09,238.12,23.07,133.64,2.92,81.33,25.92,49.99,6.1
2019-10,182.49,22.06,83.5,1.45,82.72,24.92,47.58,7.2
2019-11,125.36,19.68,76.29,1.32,82.34,22.57,33.7,8.57
2019-12,35.91,16.51,19.37,0.21,76.97,20.15,8.5,19.32
2020-01,45.16,17.74,24.12,0.29,79.45,21.08,14.48,15.66
2020-02,38.67,17.63,21.09,0.1,77.8,21.26,8.7,14.53
2020-03,75.93,20.68,33.2,0.79,78.26,24.26,18.44,15.38
2020-04,111.77,21.06,51.23,0.92,79.78,24.16,24.9,11.88
2020-05,136.52,24.63,64.15,1.45,77.73,27.89,27.67,9.75
2020-06,198.01,24.97,70.67,1.86,79.3,27.79,28.2,3.77
2020-07,208.34,24.7,107.04,1.9,80.8,27.48,31.26,3.47
2020-08,327.88,24.27,144.23,4.42,84.04,26.65,55.76,2.69
2020-09,287.44,23.76,101.63,2.92,84.75,26.35,49.21,1.72
2020-10,450.41,21.44,183.01,6.03,84.79,23.66,80.48,4.05
2020-11,188.94,20.15,93.59,2.29,81.34,22.9,47.12,8.48
2020-12,76.53,17.07,46.5,0.6,80.19,19.78,12.82,11.19
2021-01,37.13,15.22,18.53,0.19,76.75,18.43,8.97,14.11
2021-02,39.24,17.32,25.65,0.43,78.33,21.0,17.1,14.28
2021-03,43.21,20.33,21.7,0.15,78.17,23.73,11.16,12.66
2021-04,152.92,22.38,65.26,1.4,81.1,25.34,28.87,7.93
2021-05,167.18,24.32,77.68,1.51,80.04,27.37,37.39,5.08
2021-06,184.45,24.9,76.13,1.88,78.79,27.59,34.43,5.21
2021-07,262.43,24.53,99.33,3.29,81.37,27.08,42.15,4.47
2021-08,216.34,24.44,84.37,2.03,81.15,27.14,31.76,4.52
2021-09,303.33,23.31,105.79,3.24,85.21,25.83,47.8,2.15
2021-10,380.05,21.69,160.55,5.06,85.64,23.92,74.81,3.67
2021-11,221.22,19.88,98.22,2.96,83.49,22.3,40.45,5.51
2021-12,69.46,16.83,41.88,0.69,78.62,19.99,18.01,14.19
2022-01,58.03,17.54,22.59,0.22,81.02,20.51,11.08,13.06
2022-02,79.74,16.76,45.35,0.78,80.65,19.6,22.6,11.54
2022-03,131.01,20.71,89.31,1.4,80.72,23.87,45.31,11.12
2022-04,136.64,21.23,95.33,1.42,78.86,24.41,41.52,7.62
2022-05,288.97,23.04,112.23,3.69,82.66,25.52,41.96,2.95
2022-06,205.42,24.53,69.53,1.99,79.69,27.41,27.4,3.2
2022-07,245.92,24.4,91.43,2.75,82.49,27.05,35.08,3.31
2022-08,316.4,24.03,104.63,3.77,83.48,26.55,55.22,2.04
2022-09,340.45,23.29,126.0,4.33,84.41,25.76,54.82,1.65
2022-10,209.55,21.24,102.14,2.29,81.01,24.04,44.56,6.54
2022-11,146.18,20.97,78.27,1.61,83.29,23.89,35.88,10.77
2022-12,78.15,16.44,40.58,0.9,77.86,19.37,16.83,14.7
2023-01,82.46,15.86,47.15,0.93,78.15,19.08,18.22,11.75
2023-02,46.52,18.2,23.41,0.2,78.57,21.49,10.95,14.15
2023-03,32.12,19.39,18.12,0.11,76.57,22.97,8.47,19.54
2023-04,74.21,22.72,35.14,0.52,78.67,25.97,20.19,10.71
2023-05,173.08,24.19,78.18,1.66,78.66,27.33,36.49,6.77
2023-06,270.94,24.69,98.77,3.48,81.59,27.35,41.94,3.31
2023-07,248.27,24.75,90.0,2.68,81.71,27.41,33.46,3.1
2023-08,254.79,24.65,97.63,3.16,82.86,27.04,35.79,3.83
2023-09,312.66,23.83,125.94,3.91,84.78,26.23,55.27,2.8
2023-10,239.67,22.62,97.37,2.78,83.59,25.18,43.55,5.3
2023-11,116.4,20.25,53.65,1.04,81.97,23.25,23.97,7.95
2023-12,68.04,18.28,34.66,0.59,80.69,21.21,13.03,12.48
