Month,pr,r20mm,rx5day,rx1day,hurs,r50mm,tasmin,cdd
1950-01,109.94,1.04,47.1,28.73,76.73,0.04,-3.8,5.1
1950-02,84.95,0.75,52.1,22.41,73.93,0.07,-3.82,5.69
1950-03,97.29,1.0,49.43,24.74,73.6,0.09,-0.35,7.71
1950-04,76.35,0.69,51.98,22.13,76.8,0.02,5.01,9.37
1950-05,122.72,1.62,53.46,29.59,77.87,0.13,10.74,8.14
1950-06,191.97,2.82,92.46,41.72,84.24,0.38,14.95,6.01
1950-07,171.86,2.0,77.49,35.23,85.45,0.25,19.82,5.0
1950-08,148.64,1.49,72.4,35.45,84.89,0.33,20.69,6.29
1950-09,169.91,2.14,71.47,38.18,82.64,0.31,16.9,5.28
1950-10,110.04,1.26,45.03,27.59,78.51,0.05,9.41,6.75
1950-11,119.8,1.27,52.4,29.13,79.26,0.05,4.11,5.73
1950-12,112.43,0.9,42.33,25.13,76.36,0.04,-2.91,5.37
1951-01,64.1,0.19,25.42,12.94,74.56,0.0,-5.51,6.98
1951-02,109.91,0.93,50.51,26.34,75.67,0.06,-3.79,8.36
1951-03,111.17,1.09,50.16,24.27,73.4,0.02,-0.99,5.84
1951-04,143.03,2.04,55.69,30.6,77.32,0.08,4.72,5.13
1951-05,109.31,1.21,43.82,30.44,77.06,0.21,10.03,6.24
1951-06,148.9,1.99,79.32,37.0,80.21,0.29,13.84,5.42
1951-07,213.98,3.36,112.43,47.83,84.81,0.89,18.06,8.03
1951-08,112.72,1.03,55.47,28.78,82.58,0.15,21.05,7.75
1951-09,140.52,1.93,59.58,32.26,79.66,0.12,14.65,5.15
1951-10,128.86,1.77,74.36,41.88,78.91,0.5,10.4,6.89
1951-11,136.89,1.8,49.42,30.14,78.01,0.1,3.52,5.83
1951-12,93.79,0.97,44.18,22.79,79.07,0.01,-0.47,7.19
1952-01,109.13,0.78,42.71,21.04,76.71,0.01,-4.9,4.15
1952-02,81.1,0.43,30.14,17.65,73.7,0.0,-5.86,5.77
1952-03,112.12,1.29,44.96,24.67,74.92,0.01,-1.2,6.06
1952-04,149.08,2.15,56.27,35.85,76.76,0.26,4.92,5.2
1952-05,135.96,2.12,48.99,30.86,76.92,0.26,9.53,5.96
1952-06,249.03,3.74,116.78,53.04,84.36,0.95,14.46,4.43
1952-07,260.0,3.87,135.94,59.8,87.01,1.13,18.69,6.05
1952-08,122.43,1.06,54.13,28.87,85.08,0.13,20.06,6.39
1952-09,140.82,1.61,61.87,30.07,82.74,0.11,16.49,4.57
1952-10,116.53,1.55,51.72,30.15,78.14,0.08,9.88,6.53
1952-11,92.11,0.93,48.13,34.54,78.98,0.23,4.24,6.91
1952-12,70.98,0.21,23.66,11.44,76.18,0.0,-3.29,6.53
1953-01,93.93,0.47,38.96,20.0,74.38,0.06,-4.42,5.83
1953-02,73.78,0.22,31.15,13.84,73.24,0.0,-3.96,6.8
1953-03,120.48,1.29,43.3,25.39,75.64,0.0,0.93,4.54
1953-04,110.64,1.08,44.48,34.01,73.96,0.18,4.04,7.01
1953-05,203.38,3.18,78.89,46.95,79.54,0.62,9.99,5.27
1953-06,294.93,5.29,115.62,49.05,86.62,1.07,15.19,5.37
1953-07,256.45,3.94,126.57,51.33,87.15,0.85,19.5,5.57
1953-08,208.54,2.72,99.22,44.96,84.95,0.41,19.91,5.42
1953-09,232.45,3.38,111.26,67.02,82.85,0.96,16.39,5.59
1953-10,78.0,0.7,46.96,23.04,77.56,0.02,10.08,10.34
1953-11,81.46,0.42,34.49,18.03,75.37,0.01,2.73,5.05
1953-12,95.53,0.96,41.38,28.86,77.15,0.03,0.19,6.07
1954-01,91.08,0.41,35.94,18.18,76.61,0.0,-2.67,4.53
1954-02,88.22,0.81,46.24,24.45,75.37,0.02,-2.22,7.41
1954-03,87.41,0.61,41.96,19.93,72.38,0.0,-0.38,7.09
1954-04,133.47,2.07,56.06,36.58,76.01,0.24,6.55,6.27
1954-05,181.58,2.88,65.77,34.4,78.08,0.13,10.45,4.27
1954-06,307.35,5.57,102.08,54.0,83.81,1.16,13.42,5.71
1954-07,181.41,2.54,84.29,40.85,85.51,0.29,17.49,7.69
1954-08,149.95,1.87,83.38,51.21,84.4,0.43,20.47,6.3
1954-09,217.91,3.05,98.04,60.57,83.14,0.78,17.68,4.76
1954-10,92.94,0.97,39.18,23.99,77.9,0.03,9.23,6.97
1954-11,74.85,0.64,45.36,27.67,76.23,0.2,4.7,11.26
1954-12,100.96,0.81,39.62,24.97,74.76,0.04,-0.25,7.78
1955-01,94.68,0.37,31.77,17.28,73.63,0.0,-4.51,5.4
1955-02,116.92,1.86,48.66,32.8,73.62,0.06,-2.4,5.95
1955-03,114.66,0.98,44.95,23.81,76.46,0.02,1.26,4.28
1955-04,118.04,1.52,56.58,31.44,74.96,0.16,5.95,5.9
1955-05,171.46,2.62,63.63,38.47,80.26,0.25,10.34,5.6
1955-06,209.94,3.42,95.58,43.63,83.96,0.58,16.04,5.05
1955-07,171.59,2.48,90.55,41.73,84.71,0.42,21.0,7.02
1955-08,150.6,1.98,83.17,43.23,82.3,0.36,20.2,7.92
1955-09,178.56,2.49,98.72,54.72,81.59,0.57,16.19,4.61
1955-10,235.47,3.88,108.32,61.96,79.51,0.79,10.77,4.49
1955-11,95.98,1.2,42.06,30.6,76.42,0.07,3.28,7.79
1955-12,77.62,0.59,35.09,19.52,75.2,0.03,0.4,10.04
1956-01,112.83,0.88,45.46,23.53,74.17,0.05,-3.64,5.63
1956-02,107.69,0.95,49.95,31.15,73.21,0.13,-3.96,5.88
1956-03,161.29,2.11,61.61,31.92,77.79,0.06,0.84,3.9
1956-04,142.56,1.89,65.63,33.29,74.07,0.11,5.25,5.34
1956-05,165.2,2.59,60.75,34.22,77.58,0.27,10.95,4.66
1956-06,202.53,3.06,79.7,39.59,83.64,0.23,15.27,3.79
1956-07,170.62,2.24,86.75,37.96,86.32,0.3,19.06,5.77
1956-08,197.6,3.08,96.28,51.6,82.86,0.57,18.96,8.95
1956-09,233.76,3.24,103.19,61.1,83.81,1.04,16.86,4.99
1956-10,146.28,2.02,60.72,37.74,79.82,0.29,11.15,6.45
1956-11,87.55,0.65,47.94,20.75,76.88,0.0,3.98,8.29
1956-12,76.95,0.23,27.56,12.61,75.47,0.0,-2.57,9.71
1957-01,79.04,0.39,33.21,16.21,75.46,0.0,-2.7,5.87
1957-02,97.34,0.97,51.58,22.7,73.51,0.0,-3.8,5.6
1957-03,101.53,0.8,50.43,28.38,72.38,0.09,-1.66,5.96
1957-04,136.77,1.85,83.52,34.19,76.85,0.3,6.1,7.65
1957-05,158.44,2.47,58.79,39.83,78.83,0.29,10.0,5.53
1957-06,169.57,2.26,80.41,43.17,83.24,0.54,13.99,5.07
1957-07,273.84,4.05,102.17,50.99,87.37,0.89,19.2,4.73
1957-08,212.8,2.63,91.02,44.76,86.69,0.42,20.67,4.73
1957-09,303.24,4.72,131.14,66.24,81.43,1.25,15.18,4.08
1957-10,94.24,1.03,41.47,27.59,77.16,0.05,10.02,7.05
1957-11,81.5,0.97,40.37,27.54,74.75,0.1,5.22,8.79
1957-12,109.83,0.84,37.53,23.19,75.39,0.02,0.27,4.93
1958-01,117.19,0.93,44.5,24.24,74.17,0.02,-3.03,5.31
1958-02,107.66,1.35,46.24,29.81,74.51,0.05,-1.95,6.34
1958-03,102.89,0.83,41.37,22.56,73.59,0.0,0.27,5.62
1958-04,157.06,2.17,64.98,31.04,76.31,0.14,6.11,5.31
1958-05,110.12,1.06,45.96,27.59,76.72,0.16,9.95,5.67
1958-06,128.04,1.55,77.19,35.67,79.83,0.33,15.26,8.23
1958-07,195.96,2.79,99.5,45.34,84.64,0.57,19.65,7.67
1958-08,197.49,2.19,87.73,48.51,85.27,0.39,19.77,4.24
1958-09,263.65,3.48,123.11,69.79,83.68,1.28,16.95,4.89
1958-10,188.26,3.16,74.04,43.97,80.2,0.37,9.94,6.54
1958-11,76.17,0.73,37.97,20.47,77.9,0.01,4.42,8.25
1958-12,115.69,1.09,55.9,30.86,77.56,0.15,0.76,6.9
1959-01,102.29,0.55,44.03,21.33,74.08,0.02,-4.15,5.37
1959-02,131.58,1.56,49.99,25.46,76.01,0.08,-0.19,4.85
1959-03,120.05,1.14,46.09,25.2,73.62,0.02,1.84,5.29
1959-04,174.99,2.7,69.09,38.11,71.31,0.27,7.07,4.08
1959-05,140.81,1.89,58.81,32.08,74.88,0.09,11.06,5.5
1959-06,160.23,1.97,77.2,40.74,81.0,0.35,14.76,5.35
1959-07,239.6,3.43,104.89,48.59,84.57,0.6,19.78,4.65
1959-08,222.74,2.94,126.74,68.75,82.9,1.14,20.37,7.69
1959-09,200.59,2.52,104.79,60.77,80.84,0.61,17.33,4.78
1959-10,165.8,2.29,74.94,46.25,77.64,0.53,10.92,6.14
1959-11,105.92,1.23,56.01,32.79,76.13,0.16,5.06,6.33
1959-12,109.88,1.08,36.89,22.88,74.63,0.01,-0.16,7.0
1960-01,98.24,0.88,45.86,29.0,73.2,0.08,-3.82,5.99
1960-02,51.9,0.12,20.33,11.13,70.59,0.0,-2.07,8.77
1960-03,110.65,1.5,42.62,29.64,71.35,0.04,1.05,6.85
1960-04,146.75,1.84,62.89,41.42,70.88,0.33,4.99,4.67
1960-05,173.21,2.57,67.98,41.5,76.89,0.23,10.6,5.55
1960-06,186.99,2.16,99.83,56.22,81.19,0.6,15.16,5.12
1960-07,157.75,1.9,76.13,39.21,82.43,0.24,19.42,7.04
1960-08,207.17,2.89,109.53,53.63,81.34,0.76,20.96,6.18
1960-09,170.85,2.18,67.47,33.29,81.63,0.1,17.16,3.69
1960-10,125.12,1.74,63.45,43.34,76.52,0.39,10.11,7.46
1960-11,106.09,0.67,48.3,23.07,77.0,0.04,5.57,4.74
1960-12,91.68,0.6,34.55,19.31,73.56,0.0,-1.29,5.99
1961-01,94.62,0.67,38.64,20.33,72.86,0.0,-4.8,6.72
1961-02,75.94,0.5,37.61,22.99,70.61,0.03,-3.69,6.75
1961-03,101.6,1.08,36.1,24.41,71.78,0.02,0.46,7.05
1961-04,128.28,1.94,51.44,35.49,70.27,0.27,6.4,5.99
1961-05,150.04,1.88,56.65,36.49,75.49,0.34,11.7,5.42
1961-06,252.93,3.85,149.78,58.63,80.04,1.19,15.79,4.71
1961-07,175.58,2.46,107.36,39.83,83.2,0.26,20.87,7.13
1961-08,180.57,1.94,82.39,40.11,83.46,0.29,20.92,4.64
1961-09,195.83,2.53,95.24,56.74,80.94,0.63,18.57,4.47
1961-10,224.65,3.03,121.1,77.05,78.29,0.91,12.2,6.42
1961-11,110.18,1.32,58.52,28.94,74.72,0.09,5.5,7.18
1961-12,81.28,0.51,33.12,18.99,74.16,0.0,-0.39,7.27
1962-01,90.1,0.82,41.9,21.97,74.25,0.02,-3.49,7.79
1962-02,62.69,0.11,26.23,13.91,71.24,0.0,-3.05,9.85
1962-03,88.09,0.34,37.18,18.59,70.32,0.0,-0.33,4.58
1962-04,144.06,2.21,55.87,33.84,71.02,0.17,5.84,5.4
1962-05,145.08,2.35,57.98,36.34,74.63,0.28,10.96,5.91
1962-06,238.51,3.84,103.49,48.81,81.87,0.77,14.97,4.88
1962-07,247.21,3.75,118.37,51.94,85.03,0.65,19.91,4.97
1962-08,221.84,2.79,102.45,57.27,81.75,0.63,20.44,4.86
1962-09,145.59,1.82,63.51,31.1,79.39,0.09,17.0,4.42
1962-10,116.83,1.55,58.01,31.71,75.21,0.13,9.54,7.42
1962-11,118.72,1.46,47.12,31.05,75.87,0.13,4.31,7.25
1962-12,81.56,0.6,45.36,21.15,73.83,0.01,-0.63,7.11
1963-01,86.37,0.29,31.83,13.04,72.61,0.0,-5.03,6.91
1963-02,62.85,0.16,28.13,14.99,72.14,0.01,-3.92,8.64
1963-03,102.87,1.08,48.66,27.5,71.73,0.03,0.02,7.31
1963-04,122.81,1.47,46.89,25.33,74.91,0.04,6.49,5.66
1963-05,249.38,4.13,102.18,49.51,78.94,0.56,12.35,4.34
1963-06,241.05,3.73,106.09,51.19,84.45,0.65,16.19,3.53
1963-07,200.6,2.4,88.66,41.84,83.94,0.4,19.76,4.35
1963-08,230.13,2.77,93.87,50.9,84.48,0.54,20.5,3.79
1963-09,148.03,1.72,72.73,36.95,78.69,0.21,15.16,4.2
1963-10,133.81,2.03,60.48,42.14,76.87,0.3,9.6,6.56
1963-11,93.73,0.93,42.0,26.07,74.1,0.04,4.59,7.22
1963-12,88.68,0.43,34.77,18.15,74.52,0.0,0.48,6.36
1964-01,113.92,1.18,44.91,24.51,74.95,0.04,-2.16,5.46
1964-02,85.34,0.4,39.42,17.32,73.61,0.01,-4.19,4.71
1964-03,103.69,0.71,39.43,23.28,71.59,0.01,0.15,5.36
1964-04,166.75,2.53,76.06,32.51,78.97,0.06,8.29,5.0
1964-05,103.63,1.27,49.36,28.88,73.1,0.08,11.17,7.88
1964-06,214.54,3.4,99.02,49.08,80.66,0.74,14.91,4.2
1964-07,224.21,2.95,104.64,61.22,83.62,0.91,19.73,6.03
1964-08,213.91,2.5,97.68,47.84,83.3,0.42,21.26,4.51
1964-09,244.4,3.54,121.38,63.43,81.16,0.98,16.3,3.45
1964-10,128.04,1.59,50.7,26.63,76.95,0.02,10.05,5.95
1964-11,110.68,1.26,45.76,25.41,74.11,0.01,3.94,7.63
1964-12,87.21,0.45,37.74,18.57,75.35,0.01,-0.45,7.08
1965-01,96.37,0.78,42.1,23.13,75.86,0.02,-3.6,5.99
1965-02,73.22,0.15,27.81,13.4,72.35,0.0,-3.96,4.99
1965-03,92.63,0.61,41.15,25.73,71.35,0.13,-1.85,6.4
1965-04,117.65,1.52,55.44,29.41,72.88,0.05,3.09,5.59
1965-05,191.06,2.67,90.61,59.67,78.17,0.84,9.92,5.76
1965-06,205.06,3.07,94.49,53.27,82.95,0.59,14.72,5.91
1965-07,264.44,4.11,114.57,50.01,87.25,0.78,18.5,4.12
1965-08,99.66,0.86,54.02,32.35,82.45,0.2,19.98,6.38
1965-09,294.65,4.68,155.9,68.98,81.56,1.52,15.56,6.77
1965-10,86.43,1.2,46.68,34.44,77.18,0.1,9.46,9.88
1965-11,146.81,1.7,56.52,30.83,77.96,0.11,4.51,4.28
1965-12,112.9,0.92,43.4,24.15,77.29,0.01,-1.4,4.49
1966-01,97.63,0.62,44.79,22.96,74.32,0.01,-4.59,5.3
1966-02,105.2,0.82,46.57,22.47,75.02,0.04,-2.76,6.11
1966-03,201.05,3.35,82.29,40.17,75.09,0.24,0.78,4.17
1966-04,123.99,1.89,53.8,33.33,77.15,0.13,4.62,5.38
1966-05,179.15,2.82,65.42,40.02,76.62,0.37,9.26,5.51
1966-06,252.84,3.42,141.26,79.81,83.81,1.15,13.92,5.01
1966-07,236.42,3.59,121.86,58.41,86.05,0.94,18.15,4.46
1966-08,154.97,1.68,78.18,34.91,85.95,0.31,20.74,5.25
1966-09,282.55,4.6,123.1,65.41,82.53,1.22,15.96,4.55
1966-10,160.94,2.33,75.76,41.61,80.95,0.32,10.97,7.35
1966-11,107.13,1.03,45.3,27.49,77.56,0.09,3.88,6.71
1966-12,80.03,0.37,28.34,16.26,75.81,0.01,-3.04,6.31
1967-01,90.42,0.63,38.34,21.58,72.48,0.03,-5.32,7.78
1967-02,65.35,0.22,29.48,15.12,72.49,0.0,-4.65,7.54
1967-03,135.92,1.75,52.31,28.95,72.16,0.09,-0.11,5.01
1967-04,195.85,3.35,72.68,39.49,74.83,0.22,6.04,5.97
1967-05,86.87,1.0,48.23,26.81,74.96,0.08,11.45,9.11
1967-06,185.21,2.52,99.21,46.65,78.93,0.47,15.01,5.47
1967-07,220.91,3.01,95.56,43.45,84.92,0.39,20.2,3.73
1967-08,155.72,1.7,76.17,38.84,80.61,0.3,20.78,5.33
1967-09,178.49,2.48,79.0,42.42,80.63,0.39,16.45,5.92
1967-10,178.55,2.86,88.69,59.4,75.43,0.71,9.8,7.1
1967-11,114.16,1.18,40.85,23.18,75.16,0.02,4.3,5.86
1967-12,75.14,0.12,26.39,11.66,73.48,0.0,-2.3,5.61
1968-01,87.63,0.2,29.76,14.45,72.11,0.0,-3.32,5.68
1968-02,92.54,0.88,44.91,29.59,71.09,0.09,-5.24,7.14
1968-03,106.97,1.05,39.35,23.9,72.2,0.02,1.1,4.67
1968-04,94.59,1.06,39.94,24.43,72.71,0.01,5.87,6.42
1968-05,141.71,1.77,60.67,34.63,76.69,0.2,10.54,4.85
1968-06,168.23,2.36,80.6,38.09,79.52,0.35,14.88,6.08
1968-07,266.46,3.92,118.88,57.39,83.76,1.19,19.22,6.07
1968-08,272.25,3.57,126.93,52.23,84.58,0.86,20.07,2.98
1968-09,188.09,2.76,91.88,46.44,80.79,0.55,16.16,4.98
1968-10,122.87,1.49,74.61,36.68,76.35,0.25,9.22,5.81
1968-11,80.75,0.72,36.7,21.96,75.58,0.03,5.16,8.84
1968-12,153.94,2.02,64.76,34.19,77.04,0.12,1.8,5.13
1969-01,115.76,0.95,48.95,27.56,75.48,0.07,-3.22,5.84
1969-02,104.49,0.95,60.45,26.22,74.65,0.05,-3.09,5.26
1969-03,117.36,1.41,43.83,30.16,71.81,0.13,-0.98,7.01
1969-04,111.04,1.29,45.44,31.6,73.4,0.06,5.71,5.11
1969-05,138.03,1.99,59.49,34.17,72.01,0.12,10.51,5.44
1969-06,241.93,3.81,112.19,55.98,79.96,0.91,14.48,4.64
1969-07,264.05,3.73,157.46,71.71,83.73,1.33,19.02,7.09
1969-08,222.43,3.19,117.66,61.84,81.91,0.87,20.0,5.42
1969-09,161.09,2.14,64.58,34.68,79.68,0.18,16.31,5.32
1969-10,111.16,1.63,56.12,35.61,74.85,0.19,9.37,6.33
1969-11,100.53,0.77,42.2,25.6,74.81,0.05,4.13,7.6
1969-12,93.11,0.51,39.88,19.01,72.53,0.01,-2.3,7.03
1970-01,106.92,1.16,65.3,42.74,71.96,0.37,-4.72,8.87
1970-02,89.58,0.46,62.91,19.5,71.95,0.01,-2.68,6.4
1970-03,96.15,0.85,45.57,26.22,69.21,0.02,-3.0,5.07
1970-04,132.03,1.88,59.09,30.92,74.58,0.18,5.09,6.33
1970-05,160.15,2.79,70.91,39.74,74.89,0.27,11.65,6.91
1970-06,255.55,3.76,120.29,56.67,82.33,1.06,14.77,4.72
1970-07,196.7,2.67,93.57,48.67,82.77,0.44,19.57,6.08
1970-08,197.13,2.28,94.03,51.55,82.57,0.67,20.59,4.94
1970-09,192.9,2.68,74.23,35.6,81.21,0.2,17.38,3.5
1970-10,118.22,1.51,66.55,34.21,76.71,0.12,10.6,7.08
1970-11,120.44,1.14,63.95,41.48,74.55,0.28,4.45,7.37
1970-12,91.89,0.6,37.38,21.27,73.7,0.04,-1.4,6.0
1971-01,84.49,0.4,33.91,18.49,73.23,0.01,-3.62,6.44
1971-02,86.69,0.43,39.03,18.76,73.4,0.0,-2.95,7.4
1971-03,108.56,1.11,48.84,23.35,69.97,0.02,-0.12,6.76
1971-04,95.44,1.11,38.9,26.12,69.64,0.05,5.1,5.71
1971-05,156.81,2.47,72.54,35.89,75.89,0.19,10.4,5.29
1971-06,221.3,3.43,89.28,47.51,83.36,0.6,15.35,4.01
1971-07,274.67,3.88,118.9,47.65,85.06,0.74,19.95,3.2
1971-08,283.16,3.42,131.24,78.85,82.85,1.12,20.13,3.4
1971-09,287.13,4.43,125.06,62.03,82.73,1.3,15.96,4.26
1971-10,150.73,2.02,65.7,34.21,76.76,0.16,9.61,5.85
1971-11,59.28,0.3,39.57,14.66,73.26,0.01,4.56,8.69
1971-12,106.55,0.75,46.4,21.18,73.48,0.01,-0.18,7.22
1972-01,139.68,1.52,58.29,33.09,75.24,0.21,-1.41,4.96
1972-02,148.59,2.11,64.52,38.76,73.68,0.28,-2.17,4.21
1972-03,135.27,1.62,57.35,26.79,71.81,0.14,1.0,6.36
1972-04,170.15,2.39,61.97,36.37,73.89,0.28,6.35,4.29
1972-05,170.39,2.46,79.59,41.19,74.23,0.32,10.9,4.39
1972-06,270.46,4.03,96.05,53.0,79.88,1.2,15.38,4.82
1972-07,350.91,5.1,189.81,79.63,83.83,1.85,19.83,5.46
1972-08,241.69,3.04,96.19,56.22,81.75,0.72,20.2,3.25
1972-09,276.87,4.16,154.24,74.48,79.88,1.38,15.96,4.54
1972-10,129.77,1.63,54.91,28.58,75.33,0.03,10.79,4.49
1972-11,181.38,2.49,67.1,39.32,74.78,0.28,4.61,3.77
1972-12,127.37,1.29,60.55,37.68,76.67,0.24,0.12,5.51
1973-01,130.67,1.64,43.7,27.95,75.54,0.03,-1.49,4.89
1973-02,92.21,0.41,39.32,17.06,72.52,0.0,-1.42,5.97
1973-03,79.28,0.29,30.95,15.15,68.8,0.0,-0.5,5.96
1973-04,173.25,2.85,62.11,37.63,72.31,0.29,7.18,4.84
1973-05,156.52,2.11,58.68,39.98,71.78,0.42,10.54,6.35
1973-06,155.51,1.82,76.99,39.32,81.21,0.32,14.73,6.2
1973-07,117.98,1.28,74.18,32.74,80.61,0.23,20.02,8.1
1973-08,186.72,2.15,89.47,39.14,82.09,0.36,21.44,4.84
1973-09,235.16,3.38,87.8,48.03,80.62,0.62,16.21,3.59
1973-10,158.69,2.17,66.76,44.2,75.79,0.39,10.1,4.96
1973-11,104.82,0.96,44.62,26.67,71.98,0.07,3.63,7.59
1973-12,79.85,0.19,22.74,9.11,70.72,0.0,-2.07,9.22
1974-01,74.48,0.58,35.12,21.47,69.74,0.0,-3.35,9.27
1974-02,97.67,0.76,42.98,20.91,72.58,0.0,-3.14,6.97
1974-03,115.35,0.94,46.73,22.27,71.04,0.01,-0.43,5.26
1974-04,177.05,2.32,74.09,43.2,71.41,0.54,6.11,3.83
1974-05,125.38,1.81,51.6,33.47,71.86,0.13,11.04,5.34
1974-06,205.9,3.46,89.99,45.76,80.17,0.56,14.98,4.28
1974-07,296.95,4.94,118.61,51.51,85.75,0.81,18.79,3.94
1974-08,202.88,2.51,110.2,59.29,82.02,0.64,20.52,4.34
1974-09,232.56,3.49,101.61,61.42,79.97,0.87,16.0,4.17
1974-10,162.06,2.31,67.77,37.28,76.65,0.21,10.54,4.38
1974-11,88.25,1.0,50.21,29.89,72.1,0.06,3.56,7.67
1974-12,105.92,0.6,35.61,21.43,73.61,0.08,-1.31,5.01
1975-01,111.93,0.99,46.41,28.88,72.09,0.07,-3.32,4.66
1975-02,106.93,0.68,44.06,22.09,71.71,0.01,-3.75,4.62
1975-03,127.08,1.69,58.9,36.53,69.75,0.18,-0.09,6.45
1975-04,150.55,2.31,63.82,33.41,74.8,0.24,6.84,5.4
1975-05,143.72,1.45,57.91,29.26,76.05,0.1,10.98,4.64
1975-06,245.61,3.83,97.68,41.24,83.13,0.7,15.64,3.74
1975-07,237.87,3.32,107.96,50.17,83.05,0.72,19.82,4.35
1975-08,237.25,2.93,126.93,75.86,80.27,1.16,20.6,6.16
1975-09,179.91,2.47,87.6,43.1,79.23,0.35,17.89,5.73
1975-10,214.5,3.61,81.26,41.58,77.78,0.39,11.09,4.87
1975-11,164.06,2.62,68.85,47.94,74.98,0.41,5.55,5.54
1975-12,89.12,0.63,46.52,21.56,73.44,0.02,-1.08,8.11
1976-01,77.72,0.13,30.55,12.28,70.21,0.0,-3.59,6.97
1976-02,152.86,2.01,60.5,36.85,73.45,0.28,-1.1,6.77
1976-03,114.93,1.14,52.81,26.71,70.03,0.11,0.51,5.83
1976-04,160.13,2.28,62.0,34.2,72.69,0.17,5.72,4.25
1976-05,151.87,2.15,76.48,28.88,73.71,0.09,11.02,4.61
1976-06,269.63,4.84,121.6,52.24,82.09,1.03,15.32,4.91
1976-07,195.93,2.39,87.67,47.53,81.07,0.53,18.54,5.33
1976-08,247.91,3.72,92.39,41.78,82.52,0.56,19.12,3.85
1976-09,268.66,4.24,153.01,60.43,80.52,1.09,15.11,4.79
1976-10,177.43,2.96,62.08,41.41,75.6,0.28,10.01,4.45
1976-11,110.55,1.18,52.94,25.69,72.8,0.02,3.28,5.23
1976-12,104.24,0.7,39.48,20.27,73.27,0.0,-1.29,6.29
1977-01,71.85,0.14,24.47,12.48,71.31,0.0,-5.58,6.08
1977-02,73.76,0.29,28.28,15.23,69.51,0.0,-4.76,6.3
1977-03,163.71,2.23,63.13,38.77,72.03,0.27,0.95,4.53
1977-04,160.81,2.7,67.74,35.28,72.19,0.18,6.06,5.04
1977-05,162.13,2.42,75.83,40.63,74.94,0.29,10.58,6.48
1977-06,224.79,3.78,83.69,41.98,82.3,0.54,15.46,5.37
1977-07,163.16,1.7,70.06,34.63,82.89,0.16,20.11,4.31
1977-08,249.86,3.95,117.7,61.02,82.0,0.9,19.77,5.38
1977-09,207.87,2.86,89.09,54.61,79.96,0.65,17.24,5.35
1977-10,56.84,0.64,46.05,21.99,74.5,0.02,10.91,13.38
1977-11,162.59,2.01,82.31,54.8,75.86,0.46,6.29,5.49
1977-12,107.82,0.92,56.9,23.64,73.91,0.01,0.67,7.17
1978-01,102.28,0.39,37.99,18.61,72.54,0.02,-3.21,3.66
1978-02,84.83,0.63,36.76,22.05,70.8,0.01,-4.91,5.27
1978-03,107.5,1.11,47.77,27.85,68.51,0.04,-0.43,5.91
1978-04,128.3,1.42,53.27,30.76,71.66,0.1,5.42,4.58
1978-05,125.07,1.65,57.79,36.94,74.35,0.18,10.95,7.28
1978-06,265.37,4.28,128.2,59.49,80.41,0.96,16.77,5.87
1978-07,96.98,0.76,57.95,21.9,79.7,0.06,21.56,6.73
1978-08,152.47,1.68,71.54,36.21,78.87,0.19,21.31,5.97
1978-09,189.94,2.64,73.62,42.32,78.64,0.38,16.62,4.53
1978-10,138.79,2.07,65.95,37.94,75.03,0.22,9.79,6.39
1978-11,96.35,1.13,48.03,28.75,74.47,0.08,4.43,7.88
1978-12,80.68,0.22,27.64,15.29,73.06,0.0,0.11,5.72
1979-01,113.6,1.18,58.88,32.38,72.69,0.13,-3.34,6.36
1979-02,115.42,1.46,52.68,31.87,73.31,0.06,-1.57,4.24
1979-03,124.17,1.53,61.98,33.74,69.57,0.13,-0.62,5.22
1979-04,151.52,2.28,63.36,36.33,71.44,0.16,4.58,4.5
1979-05,127.38,1.71,57.38,36.15,72.97,0.27,9.27,6.37
1979-06,264.72,3.22,167.12,60.13,81.92,1.09,16.68,5.52
1979-07,221.22,2.78,125.14,54.83,82.81,0.65,18.42,5.58
1979-08,190.07,2.9,83.7,41.65,80.72,0.36,20.13,5.85
1979-09,256.34,3.58,121.95,65.65,80.19,0.95,16.63,4.18
1979-10,201.3,2.5,129.93,85.02,77.09,1.18,11.18,8.57
1979-11,176.37,2.73,59.67,40.73,76.31,0.33,4.81,7.3
1979-12,79.85,0.3,36.96,16.26,75.67,0.01,0.34,7.27
1980-01,118.05,0.78,47.16,21.46,73.3,0.01,-3.33,5.31
1980-02,74.57,0.39,34.3,16.93,69.1,0.0,-4.59,7.04
1980-03,132.88,1.92,53.08,30.54,69.78,0.04,-0.13,5.07
1980-04,150.18,1.96,61.43,32.48,71.24,0.1,4.7,4.21
1980-05,200.96,3.55,73.8,44.94,72.82,0.47,11.1,4.16
1980-06,187.03,2.85,86.07,43.33,79.57,0.37,16.63,5.99
1980-07,308.67,5.22,119.3,53.23,85.17,0.84,18.64,3.96
1980-08,277.37,4.32,105.68,48.56,84.68,0.69,18.87,6.73
1980-09,161.72,2.22,89.47,42.9,79.52,0.43,15.94,5.74
1980-10,213.04,3.28,94.96,52.91,76.51,0.58,10.6,7.33
1980-11,92.03,1.06,54.97,35.14,74.82,0.2,5.3,8.75
1980-12,114.55,0.96,47.22,26.2,73.17,0.07,-1.17,5.65
1981-01,78.23,0.22,33.61,14.24,71.57,0.0,-4.97,7.2
1981-02,86.13,0.63,36.68,21.37,72.38,0.0,-3.33,5.82
1981-03,127.55,1.31,52.82,29.27,71.1,0.11,0.3,4.8
1981-04,150.67,2.4,57.32,33.15,69.87,0.11,5.68,4.24
1981-05,146.48,1.87,57.67,35.88,73.38,0.2,9.6,4.84
1981-06,215.29,3.39,102.36,45.65,82.36,0.5,14.97,5.93
1981-07,182.3,1.97,82.89,41.14,82.9,0.3,20.44,4.99
1981-08,249.69,3.28,125.72,71.7,80.29,1.3,20.04,5.95
1981-09,147.12,2.06,69.15,42.52,78.37,0.3,15.27,5.98
1981-10,161.14,2.43,81.68,48.1,74.4,0.4,9.95,5.6
1981-11,114.45,1.07,53.91,34.76,73.38,0.2,2.76,5.96
1981-12,67.82,0.29,28.81,15.96,72.57,0.0,-0.61,7.97
1982-01,88.0,0.47,31.96,20.92,70.82,0.03,-3.54,4.88
1982-02,74.22,0.48,31.8,17.12,70.42,0.02,-3.65,7.38
1982-03,118.16,1.15,44.87,25.17,69.49,0.06,1.02,5.48
1982-04,151.94,2.27,67.42,39.25,71.13,0.23,5.81,6.15
1982-05,135.41,1.87,75.36,34.9,72.89,0.2,12.05,6.63
1982-06,120.4,1.79,73.34,41.13,75.74,0.32,14.4,7.29
1982-07,299.32,4.98,144.24,56.2,82.12,1.34,18.16,8.15
1982-08,232.28,2.49,128.0,70.59,82.62,0.91,20.84,4.78
1982-09,248.26,3.82,150.77,76.0,78.68,1.27,16.02,5.86
1982-10,102.19,1.39,57.66,33.93,74.4,0.13,10.65,8.47
1982-11,145.51,1.95,53.99,39.09,75.76,0.24,6.42,4.77
1982-12,77.49,0.21,45.18,14.09,72.23,0.0,0.46,4.46
1983-01,75.8,0.23,32.06,14.76,70.72,0.0,-2.67,6.77
1983-02,88.94,0.73,41.78,20.19,69.99,0.01,-3.77,5.19
1983-03,157.32,2.13,56.9,31.91,72.73,0.11,0.56,5.57
1983-04,169.98,2.69,72.15,34.36,70.69,0.21,8.19,5.59
1983-05,155.01,2.53,75.42,46.5,71.53,0.56,11.4,6.16
1983-06,186.4,2.65,90.78,54.4,78.21,0.74,13.98,7.18
1983-07,266.78,4.17,104.66,52.79,83.32,0.92,18.42,5.36
1983-08,162.37,2.03,86.81,45.09,81.77,0.35,21.34,5.97
1983-09,250.77,3.7,117.14,58.88,81.71,0.82,17.37,4.33
1983-10,127.47,1.52,51.52,28.78,73.46,0.07,9.85,4.86
1983-11,73.51,0.32,29.35,16.41,73.07,0.0,4.19,7.51
1983-12,69.21,0.2,27.15,14.23,70.4,0.0,-1.71,7.51
1984-01,86.21,0.42,30.01,16.04,72.37,0.0,-4.95,6.27
1984-02,85.15,0.55,36.75,18.78,71.0,0.0,-5.41,5.53
1984-03,100.29,0.66,43.12,20.73,69.2,0.0,-2.25,4.59
1984-04,105.99,1.74,60.16,37.51,71.76,0.27,4.46,8.81
1984-05,101.44,1.62,52.48,28.96,75.32,0.04,10.22,11.07
1984-06,214.87,3.55,96.88,48.17,81.2,0.7,16.74,6.04
1984-07,160.14,1.71,66.6,34.02,82.8,0.2,20.7,5.27
1984-08,103.54,1.14,61.86,37.09,78.02,0.32,21.48,7.93
1984-09,140.39,1.93,71.67,39.43,77.34,0.23,16.24,7.35
1984-10,98.2,1.08,48.57,30.21,71.79,0.09,9.65,8.27
1984-11,77.15,0.83,41.31,23.02,71.67,0.01,4.74,9.74
1984-12,94.95,0.62,38.94,21.15,72.25,0.01,-0.83,7.52
1985-01,66.18,0.06,25.75,11.79,69.95,0.0,-5.66,6.65
1985-02,141.62,1.93,58.78,38.15,73.84,0.23,-1.68,4.72
1985-03,147.05,1.66,49.63,25.1,73.19,0.05,0.97,4.44
1985-04,133.24,1.97,60.86,35.24,72.44,0.15,6.59,6.34
1985-05,152.22,2.26,62.59,40.03,72.39,0.47,11.64,7.24
1985-06,288.51,4.78,150.09,68.97,79.99,1.53,14.83,7.1
1985-07,203.82,3.02,128.46,51.33,81.84,0.65,19.8,7.15
1985-08,105.48,1.06,51.15,27.94,79.91,0.15,21.35,9.6
1985-09,197.02,3.16,82.88,42.6,79.29,0.33,17.05,4.08
1985-10,135.03,1.83,56.52,34.46,74.49,0.14,10.79,6.83
1985-11,129.75,1.19,56.66,32.28,73.84,0.15,4.69,5.55
1985-12,84.31,0.42,36.72,17.35,73.76,0.01,-2.87,6.09
1986-01,67.41,0.15,28.83,13.15,69.68,0.0,-4.76,7.63
1986-02,66.37,0.53,32.66,20.0,68.85,0.0,-4.99,9.81
1986-03,137.08,1.61,55.48,33.95,71.01,0.17,-0.08,5.46
1986-04,127.61,1.4,48.89,31.97,71.13,0.16,6.29,3.98
1986-05,198.53,2.95,68.08,48.83,73.14,0.67,10.79,5.29
1986-06,189.64,3.0,89.5,50.2,77.68,0.81,14.85,7.57
1986-07,202.5,3.2,88.61,38.81,83.6,0.37,18.55,6.64
1986-08,118.33,1.2,75.33,52.68,78.57,0.38,20.64,8.98
1986-09,159.4,2.03,73.2,45.32,78.2,0.37,16.81,6.84
1986-10,96.03,0.89,44.66,24.94,73.44,0.05,8.86,6.61
1986-11,75.34,0.35,28.86,17.41,72.11,0.02,4.07,6.93
1986-12,103.46,0.99,45.36,27.28,71.81,0.07,0.15,6.67
1987-01,98.42,0.44,34.07,18.64,71.49,0.01,-3.36,5.02
1987-02,80.72,0.47,33.26,19.74,70.23,0.01,-2.33,6.25
1987-03,146.7,1.88,58.07,31.33,72.19,0.09,0.79,4.78
1987-04,84.14,0.7,37.57,20.46,67.47,0.04,5.73,6.67
1987-05,158.41,2.51,80.37,44.84,71.36,0.44,11.04,6.64
1987-06,148.25,2.33,59.41,44.95,74.97,0.51,15.5,6.8
1987-07,275.34,4.31,121.72,55.53,82.53,0.88,20.21,4.15
1987-08,198.94,2.54,80.59,41.71,82.65,0.39,20.65,3.66
1987-09,141.4,1.81,66.07,39.55,77.63,0.29,16.6,6.31
1987-10,144.29,1.89,79.75,47.45,74.72,0.43,11.5,7.0
1987-11,93.96,0.79,51.69,24.42,73.14,0.02,5.17,7.5
1987-12,67.39,0.33,29.24,15.78,72.44,0.0,-0.61,9.34
1988-01,81.68,0.17,28.99,12.5,70.89,0.0,-1.8,5.59
1988-02,70.26,0.2,31.61,14.38,67.73,0.0,-3.99,7.53
1988-03,132.59,1.65,51.07,28.78,69.77,0.07,0.13,5.46
1988-04,138.62,2.29,47.12,35.06,69.1,0.15,5.78,6.77
1988-05,169.81,2.65,97.84,43.18,72.22,0.26,10.65,5.26
1988-06,264.24,3.93,103.31,63.61,80.96,1.2,15.86,6.0
1988-07,170.73,2.36,79.98,44.23,82.81,0.51,18.31,7.77
1988-08,196.56,2.2,88.51,38.01,82.27,0.32,21.14,7.21
1988-09,232.31,3.54,109.77,59.75,81.82,0.82,17.24,4.91
1988-10,99.39,1.17,50.11,29.86,72.81,0.09,9.93,7.1
1988-11,93.42,0.63,41.73,24.95,70.97,0.1,2.82,8.23
1988-12,60.56,0.16,18.89,11.1,69.11,0.0,-0.23,9.37
1989-01,120.98,1.6,56.65,28.61,73.08,0.07,-0.62,5.11
1989-02,141.13,2.09,62.83,36.88,72.04,0.23,-0.73,5.95
1989-03,116.79,1.25,50.12,27.74,69.61,0.02,1.63,5.37
1989-04,128.36,2.0,55.13,33.94,68.29,0.09,6.62,5.55
1989-05,166.25,2.29,66.41,39.56,74.75,0.4,10.82,5.48
1989-06,184.41,3.02,85.42,47.43,78.2,0.55,14.45,7.41
1989-07,175.22,2.42,87.96,43.66,81.25,0.37,19.43,5.93
1989-08,200.99,2.85,113.96,64.95,79.58,0.74,20.86,6.01
1989-09,302.12,4.69,133.38,63.19,81.45,1.24,17.77,3.38
1989-10,103.22,1.12,41.55,25.85,73.46,0.03,10.44,6.87
1989-11,95.08,0.97,43.08,22.68,73.11,0.01,6.17,7.73
1989-12,70.96,0.23,28.21,15.2,71.52,0.0,0.29,7.54
1990-01,108.11,0.81,38.31,21.55,71.59,0.01,-3.71,4.35
1990-02,124.12,1.73,60.26,29.06,75.95,0.17,0.6,4.69
1990-03,102.54,1.09,43.82,25.16,67.86,0.02,2.14,6.15
1990-04,147.66,2.02,62.96,38.23,68.94,0.21,6.51,6.1
1990-05,134.89,1.9,69.41,37.48,72.3,0.44,11.59,8.1
1990-06,200.72,3.23,98.69,49.15,78.64,0.72,16.74,5.78
1990-07,128.19,1.43,89.44,40.2,80.44,0.24,20.24,6.68
1990-08,148.46,1.98,81.36,50.53,78.39,0.38,21.71,8.91
1990-09,299.49,4.66,134.26,76.8,80.16,1.38,18.07,5.22
1990-10,159.69,2.36,90.38,48.65,75.92,0.44,11.59,7.28
1990-11,184.07,2.96,74.18,51.23,74.52,0.72,7.29,6.99
1990-12,74.97,0.32,60.58,15.81,70.73,0.0,1.54,6.49
1991-01,81.82,0.33,30.89,16.69,71.11,0.0,-1.87,5.51
1991-02,121.32,1.43,53.9,33.6,68.62,0.11,-2.82,6.96
1991-03,137.26,1.89,49.63,30.99,72.43,0.11,1.6,5.07
1991-04,123.64,1.99,55.05,31.59,70.47,0.17,7.29,5.43
1991-05,116.7,1.33,65.15,30.94,71.49,0.14,11.51,6.36
1991-06,264.14,4.29,114.59,47.7,81.79,0.94,17.48,5.07
1991-07,254.75,4.08,109.25,46.04,82.14,0.59,20.07,4.91
1991-08,165.77,2.29,76.33,49.52,80.12,0.58,20.12,7.2
1991-09,252.44,3.34,111.78,73.7,79.08,1.26,17.64,4.42
1991-10,199.8,3.37,117.06,47.58,76.15,0.64,11.86,5.96
1991-11,92.45,1.13,48.39,29.05,71.68,0.11,4.99,9.0
1991-12,88.22,0.53,41.14,19.44,73.52,0.0,0.91,6.75
1992-01,89.07,0.66,36.13,21.86,72.48,0.02,-1.53,6.24
1992-02,71.8,0.47,38.4,16.49,68.58,0.0,-1.93,6.14
1992-03,158.6,2.54,54.23,27.38,72.97,0.04,1.96,5.25
1992-04,144.22,2.06,48.99,31.11,69.14,0.14,6.5,5.21
1992-05,149.65,1.96,62.72,35.86,72.46,0.17,10.21,5.3
1992-06,185.04,2.89,81.17,50.14,77.95,0.7,14.65,7.11
1992-07,158.64,1.94,89.6,42.77,80.21,0.4,19.41,8.49
1992-08,204.1,2.86,89.94,50.68,82.09,0.63,20.65,5.03
1992-09,151.9,2.24,71.96,41.72,75.35,0.39,16.14,6.69
1992-10,136.66,1.66,59.36,42.9,75.92,0.41,10.69,6.04
1992-11,84.26,0.79,38.02,23.01,72.6,0.03,5.2,6.51
1992-12,116.45,1.3,56.74,34.71,72.71,0.15,0.74,7.2
1993-01,115.57,0.86,48.14,23.51,73.96,0.02,-1.12,4.79
1993-02,112.55,1.39,44.2,25.59,69.17,0.03,-1.26,5.07
1993-03,88.86,0.93,41.49,22.52,66.27,0.01,0.42,6.27
1993-04,102.16,1.05,72.86,33.77,66.37,0.22,5.04,7.88
1993-05,122.35,1.76,57.63,31.41,72.32,0.07,10.61,5.94
1993-06,288.4,4.76,126.24,54.29,81.91,1.06,15.39,5.22
1993-07,314.71,5.02,135.38,63.28,83.52,1.47,18.1,6.07
1993-08,242.92,3.62,114.92,60.49,82.43,0.83,19.15,6.08
1993-09,268.3,4.25,123.51,58.11,79.81,1.22,16.12,5.92
1993-10,127.83,1.73,60.16,35.83,73.09,0.18,9.95,7.65
1993-11,143.05,1.85,69.99,47.44,74.51,0.39,6.41,7.32
1993-12,103.25,0.61,42.52,22.38,72.33,0.01,0.1,4.87
1994-01,83.95,0.55,33.38,18.27,71.22,0.0,-3.19,6.19
1994-02,108.91,1.48,52.38,32.23,69.37,0.05,-1.71,5.54
1994-03,104.17,1.19,51.48,32.44,67.28,0.12,-0.33,6.7
1994-04,102.24,1.2,41.08,26.14,66.33,0.17,6.75,5.82
1994-05,129.8,2.05,60.66,35.22,69.71,0.17,11.88,6.47
1994-06,161.21,2.11,79.59,44.65,78.26,0.6,15.72,7.77
1994-07,87.79,0.88,49.45,28.9,78.75,0.14,21.41,11.42
1994-08,118.58,1.41,66.09,31.55,77.38,0.22,22.29,8.49
1994-09,240.51,3.74,106.43,58.76,77.72,0.89,18.11,5.2
1994-10,93.57,1.08,58.57,25.8,72.99,0.05,12.1,7.14
1994-11,57.38,0.35,28.28,17.13,71.24,0.0,5.97,9.37
1994-12,86.68,0.3,33.94,17.45,71.57,0.01,0.35,7.49
1995-01,95.94,0.7,51.83,24.63,70.01,0.04,-3.16,6.68
1995-02,57.86,0.17,25.5,14.07,69.03,0.0,-2.59,7.55
1995-03,128.89,1.58,43.6,28.2,71.09,0.05,0.66,5.57
1995-04,151.04,1.55,60.7,28.35,70.45,0.12,6.24,4.39
1995-05,205.7,3.03,106.78,51.33,74.59,0.64,11.21,4.96
1995-06,179.44,2.44,74.72,39.53,81.46,0.43,14.56,4.49
1995-07,250.19,3.89,142.06,62.35,82.83,0.91,20.24,6.02
1995-08,161.68,2.21,72.97,35.01,79.6,0.35,21.23,7.08
1995-09,160.84,2.1,94.02,57.14,75.58,0.49,15.98,5.93
1995-10,106.1,1.38,52.04,29.15,75.61,0.04,11.65,8.17
1995-11,90.89,0.71,35.08,20.55,68.97,0.03,3.98,5.81
1995-12,67.87,0.28,23.69,11.28,69.88,0.0,-1.01,11.3
1996-01,87.63,0.37,34.98,16.5,69.8,0.0,-3.08,5.27
1996-02,68.86,0.3,30.23,14.8,68.72,0.0,-3.39,7.88
1996-03,142.4,1.78,56.32,30.43,69.02,0.1,0.17,4.82
1996-04,86.73,0.76,50.47,24.86,66.12,0.13,3.63,8.94
1996-05,132.32,1.9,63.1,34.54,73.49,0.09,10.08,7.14
1996-06,229.42,3.51,96.19,44.86,82.08,0.56,15.82,5.49
1996-07,200.7,2.7,100.51,51.75,82.34,0.68,19.67,5.3
1996-08,158.78,2.22,73.46,46.15,79.86,0.43,20.0,6.32
1996-09,169.93,2.56,84.62,47.16,78.11,0.44,16.06,5.5
1996-10,105.57,1.12,50.62,24.85,75.65,0.01,10.59,6.65
1996-11,112.77,0.86,45.5,23.3,74.14,0.04,5.1,4.91
1996-12,93.31,0.95,40.32,27.98,72.7,0.08,-0.37,7.57
1997-01,84.76,0.4,37.42,17.02,70.92,0.0,-2.81,8.29
1997-02,77.73,0.41,28.97,18.08,69.38,0.0,-2.16,6.14
1997-03,90.36,0.68,41.3,22.62,67.59,0.03,0.95,6.36
1997-04,119.62,1.61,72.04,29.46,70.14,0.09,6.27,7.25
1997-05,171.98,2.61,69.41,40.47,75.01,0.22,11.41,4.9
1997-06,192.65,2.62,91.03,58.63,80.03,0.78,15.69,5.86
1997-07,266.51,4.4,135.24,54.49,81.56,1.12,20.07,7.13
1997-08,165.59,2.22,94.06,46.5,80.74,0.53,20.08,7.3
1997-09,215.55,3.21,102.92,59.77,79.69,0.7,16.19,7.15
1997-10,74.32,0.39,33.28,16.68,72.32,0.02,9.58,10.58
1997-11,163.97,2.74,88.24,43.69,75.11,0.37,6.34,11.02
1997-12,91.55,0.82,51.02,22.02,72.91,0.01,0.74,8.17
1998-01,151.88,1.83,67.37,32.54,73.58,0.14,-3.72,4.81
1998-02,97.43,1.08,46.64,24.42,72.17,0.08,-1.64,8.83
1998-03,104.98,1.28,43.03,25.88,67.17,0.05,1.33,6.29
1998-04,169.87,2.75,76.87,41.58,75.92,0.4,8.79,5.69
1998-05,206.42,3.56,75.94,45.26,75.81,0.43,12.9,5.22
1998-06,239.01,4.01,98.98,46.73,82.45,0.72,15.64,4.22
1998-07,178.53,2.49,79.86,40.17,82.58,0.21,19.7,6.98
1998-08,251.2,3.54,121.36,53.39,83.21,0.94,21.0,4.46
1998-09,248.71,3.75,119.98,70.15,82.15,1.12,18.45,7.07
1998-10,216.55,3.27,114.21,61.16,79.06,0.9,12.94,5.04
1998-11,81.09,0.47,34.56,16.97,72.85,0.01,4.55,7.73
1998-12,64.59,0.28,34.17,14.83,72.15,0.0,0.5,11.02
1999-01,74.38,0.28,27.89,14.77,70.23,0.0,-2.4,5.99
1999-02,82.4,0.48,33.0,18.11,68.89,0.0,-3.0,5.58
1999-03,138.09,1.74,54.96,30.75,71.95,0.08,1.33,4.92
1999-04,119.83,1.44,50.02,31.19,72.51,0.15,6.18,5.92
1999-05,161.6,2.47,80.01,48.87,70.66,0.57,11.23,7.31
1999-06,251.86,4.44,110.3,51.28,79.37,1.1,16.19,6.54
1999-07,217.37,3.16,110.31,47.38,82.78,0.46,19.86,5.6
1999-08,190.02,2.24,90.67,44.62,81.48,0.39,21.84,6.95
1999-09,212.94,3.01,97.1,56.18,80.88,0.64,19.01,5.22
1999-10,152.02,2.26,68.02,49.63,74.64,0.46,11.6,6.71
1999-11,80.5,0.7,42.27,21.22,73.36,0.01,5.45,6.3
1999-12,72.55,0.29,28.97,14.6,71.66,0.01,-0.55,9.54
2000-01,108.07,0.59,43.5,20.98,74.01,0.01,-1.73,4.56
2000-02,67.14,0.23,23.32,12.37,68.77,0.0,-3.65,6.67
2000-03,141.07,1.83,47.31,29.08,67.19,0.05,0.09,4.51
2000-04,143.39,1.95,54.57,35.29,69.43,0.18,5.6,3.92
2000-05,138.53,1.74,66.16,30.87,76.59,0.06,12.04,5.73
2000-06,215.57,3.69,92.49,48.81,80.71,0.7,16.07,5.62
2000-07,200.15,2.65,90.42,54.75,80.58,0.58,20.77,4.46
2000-08,124.86,0.96,66.14,26.04,79.3,0.14,21.5,6.28
2000-09,239.93,3.86,109.55,55.62,78.98,0.68,17.77,4.86
2000-10,150.92,1.85,78.11,36.04,75.32,0.28,11.64,5.27
2000-11,133.5,1.93,74.78,47.16,74.52,0.35,5.34,6.81
2000-12,89.25,0.33,35.24,16.11,71.4,0.0,-0.65,6.56
2001-01,141.0,1.56,51.87,27.08,71.81,0.05,-4.14,4.57
2001-02,80.4,0.4,32.5,17.98,70.16,0.01,-2.93,5.22
2001-03,113.9,0.79,51.4,25.56,68.15,0.03,0.6,4.74
2001-04,65.27,0.62,45.3,19.68,65.75,0.06,6.5,7.61
2001-05,128.06,1.63,57.04,28.1,73.91,0.07,12.16,8.82
2001-06,209.85,3.28,89.79,45.0,78.93,0.47,16.33,5.1
2001-07,160.05,2.04,66.84,35.73,79.21,0.19,20.76,5.34
2001-08,179.47,2.11,88.01,56.5,79.32,0.47,20.25,5.65
2001-09,241.57,3.42,134.33,77.2,77.27,1.22,16.6,6.54
2001-10,168.25,2.65,77.27,47.47,74.73,0.52,11.42,5.5
2001-11,91.47,0.97,45.68,25.01,71.1,0.02,4.83,10.61
2001-12,85.16,0.51,36.66,17.84,71.08,0.0,-1.29,5.96
2002-01,151.47,2.15,56.1,40.89,72.11,0.3,-1.74,4.48
2002-02,63.01,0.32,28.11,16.64,70.17,0.0,-0.85,6.27
2002-03,128.31,1.65,53.0,30.88,66.69,0.09,2.59,4.91
2002-04,107.08,1.36,42.08,26.21,67.98,0.03,8.14,5.87
2002-05,115.98,1.4,56.24,29.93,72.91,0.11,11.73,6.73
2002-06,153.41,2.02,69.78,34.26,75.97,0.32,15.21,7.25
2002-07,257.41,3.7,125.2,69.83,81.99,1.03,20.89,6.0
2002-08,156.41,1.78,77.03,37.48,78.82,0.29,20.63,5.29
2002-09,149.11,2.12,103.82,41.85,75.94,0.35,16.73,6.81
2002-10,157.77,2.27,74.57,51.99,73.12,0.45,11.04,6.08
2002-11,105.59,0.97,50.64,27.28,71.42,0.08,2.97,6.08
2002-12,97.5,0.94,42.01,23.28,72.82,0.06,-0.93,6.66
2003-01,123.82,1.57,55.96,29.76,70.61,0.07,-3.26,6.92
2003-02,72.94,0.4,42.76,16.16,70.91,0.03,-2.09,5.39
2003-03,130.94,1.67,55.54,35.82,67.91,0.17,0.34,6.47
2003-04,156.7,2.09,60.63,30.34,72.91,0.06,7.22,5.23
2003-05,156.05,2.38,63.34,44.42,73.2,0.48,12.03,7.58
2003-06,182.75,2.62,89.71,41.39,78.95,0.41,16.15,6.9
2003-07,218.31,3.31,82.1,42.02,82.9,0.3,17.85,4.79
2003-08,263.05,3.75,119.73,67.57,82.69,0.99,20.39,4.75
2003-09,146.47,1.75,81.79,40.69,77.43,0.39,17.27,5.42
2003-10,98.49,1.32,51.67,26.57,71.33,0.03,10.33,9.4
2003-11,176.13,2.72,70.21,42.09,76.67,0.36,7.43,5.19
2003-12,84.71,0.48,42.93,18.77,71.41,0.0,0.76,6.65
2004-01,77.63,0.43,33.83,16.04,69.5,0.0,-2.78,6.77
2004-02,103.06,0.99,44.03,32.25,67.62,0.11,-1.01,6.88
2004-03,88.94,0.83,42.55,24.05,65.25,0.04,1.26,5.92
2004-04,119.45,1.57,54.19,35.68,63.51,0.23,6.55,6.48
2004-05,234.15,4.22,87.95,44.51,75.44,0.43,12.64,5.19
2004-06,180.26,2.57,80.56,43.68,76.19,0.47,16.64,5.72
2004-07,152.74,1.83,81.03,41.6,78.21,0.33,20.92,5.82
2004-08,212.74,2.77,93.81,56.82,78.55,0.64,20.54,5.07
2004-09,240.55,3.03,99.56,63.04,80.55,0.85,18.03,3.77
2004-10,296.44,4.29,146.9,79.88,76.23,1.64,11.46,5.72
2004-11,86.85,0.78,50.46,22.45,73.48,0.02,7.18,7.69
2004-12,145.73,1.64,77.21,58.08,71.14,0.55,1.24,7.51
2005-01,99.6,0.58,42.01,23.34,70.06,0.1,-2.42,5.25
2005-02,99.3,0.73,47.15,21.39,69.68,0.01,-2.73,4.48
2005-03,124.13,1.0,42.13,22.8,67.33,0.01,0.38,4.75
2005-04,87.23,0.65,36.93,23.99,65.22,0.05,6.65,5.8
2005-05,93.66,0.84,43.33,25.51,70.46,0.05,10.19,6.2
2005-06,125.29,1.48,79.56,36.79,77.66,0.28,16.87,7.03
2005-07,218.86,3.3,102.93,50.57,81.82,0.58,19.64,5.8
2005-08,158.58,1.81,75.71,40.25,79.75,0.29,21.49,5.42
2005-09,178.94,2.27,116.32,64.53,77.93,0.61,18.1,6.71
2005-10,119.07,1.35,51.07,32.22,75.44,0.16,12.25,6.21
2005-11,89.7,0.95,41.5,27.84,70.56,0.08,5.39,9.15
2005-12,89.34,0.42,29.44,13.05,68.55,0.0,-2.34,7.17
2006-01,88.28,0.7,39.7,23.71,69.13,0.06,-2.92,6.87
2006-02,114.18,1.08,54.82,26.1,70.84,0.06,-1.51,4.43
2006-03,122.24,1.1,44.81,26.43,66.82,0.01,0.99,4.16
2006-04,153.53,2.01,63.24,39.95,69.36,0.28,5.54,4.04
2006-05,164.64,2.39,67.19,35.97,74.14,0.19,11.75,4.6
2006-06,186.54,2.76,89.43,49.72,80.14,0.63,15.98,5.93
2006-07,287.2,4.44,140.73,57.12,83.87,1.16,19.81,4.26
2006-08,131.34,1.19,62.65,35.83,79.45,0.29,21.94,8.26
2006-09,150.98,2.28,70.55,42.84,77.39,0.3,16.88,7.24
2006-10,150.85,2.31,94.01,53.63,74.53,0.7,11.87,10.22
2006-11,129.51,1.65,55.72,31.55,73.45,0.09,6.55,7.32
2006-12,119.45,1.11,64.37,42.73,72.29,0.37,1.15,5.77
2007-01,80.6,0.63,40.91,26.61,69.76,0.12,-1.07,6.98
2007-02,82.06,0.8,42.34,21.25,67.19,0.01,-0.54,6.41
2007-03,106.89,0.93,39.82,25.22,65.39,0.08,1.43,6.6
2007-04,100.76,0.8,37.97,21.57,66.59,0.01,5.63,4.8
2007-05,133.32,1.72,46.48,29.23,70.01,0.04,11.3,4.95
2007-06,147.83,1.78,64.98,31.31,78.39,0.16,16.61,5.26
2007-07,266.85,4.1,131.07,61.34,81.61,1.01,18.76,5.52
2007-08,140.01,1.63,71.52,40.55,77.84,0.29,21.59,7.67
2007-09,174.72,2.27,83.36,49.58,78.88,0.52,19.04,5.51
2007-10,117.26,1.46,59.56,36.03,72.49,0.24,11.83,7.83
2007-11,69.46,0.58,38.54,21.71,69.08,0.03,5.21,10.43
2007-12,114.14,1.11,48.01,27.9,70.98,0.04,1.21,8.81
2008-01,81.42,0.45,30.61,17.9,69.43,0.0,-2.36,6.25
2008-02,86.66,0.5,34.6,18.81,66.57,0.0,-3.06,7.11
2008-03,113.16,1.42,46.34,27.4,68.56,0.07,2.45,5.56
2008-04,130.13,1.95,61.34,36.75,67.77,0.34,7.19,6.63
2008-05,161.95,2.67,64.86,42.27,71.98,0.27,11.28,6.56
2008-06,190.73,3.05,76.83,40.61,79.07,0.52,15.48,5.27
2008-07,116.78,1.05,46.25,24.04,79.89,0.01,20.83,5.6
2008-08,183.12,2.43,77.81,38.7,79.58,0.23,20.68,5.41
2008-09,173.25,2.36,88.47,45.11,77.31,0.59,17.61,5.28
2008-10,105.48,1.38,57.94,29.87,74.19,0.1,12.07,7.53
2008-11,103.68,1.1,47.82,25.26,71.78,0.03,5.23,8.04
2008-12,99.85,0.76,38.73,21.99,71.45,0.0,1.17,5.22
2009-01,119.61,1.09,51.75,35.14,70.89,0.15,-1.46,5.75
2009-02,115.0,1.53,56.0,29.14,69.78,0.03,-0.74,5.1
2009-03,131.83,1.73,45.43,31.28,66.33,0.1,1.73,4.73
2009-04,116.26,2.14,59.95,35.15,64.69,0.09,6.61,8.18
2009-05,108.09,1.09,47.76,25.54,69.21,0.08,12.17,8.84
2009-06,183.11,2.6,82.84,43.98,77.34,0.46,16.22,5.43
2009-07,283.87,4.39,103.62,47.19,83.24,0.54,19.89,3.05
2009-08,156.85,2.16,77.92,45.78,79.36,0.39,20.56,6.41
2009-09,84.48,0.8,77.26,23.46,74.81,0.05,16.5,7.2
2009-10,190.06,2.97,95.07,63.77,72.39,0.75,11.36,7.01
2009-11,157.82,2.11,88.42,48.12,74.67,0.5,5.92,5.65
2009-12,104.94,0.72,43.98,25.23,70.45,0.06,0.5,6.0
2010-01,93.27,0.54,36.09,17.99,69.02,0.0,-1.72,5.4
2010-02,111.73,1.08,53.53,28.36,71.25,0.12,-1.13,5.74
2010-03,176.13,2.22,61.2,30.5,70.55,0.05,1.24,3.5
2010-04,191.89,2.8,65.53,38.93,69.33,0.33,5.2,3.87
2010-05,167.22,2.45,93.01,50.05,71.95,0.58,10.91,6.18
2010-06,220.14,3.68,99.87,46.15,78.81,0.61,16.98,5.89
2010-07,257.3,4.38,118.99,49.74,81.85,0.6,21.27,5.56
2010-08,127.44,1.23,69.04,36.56,78.19,0.23,23.06,6.09
2010-09,181.16,2.91,82.76,48.22,75.15,0.55,18.43,6.92
2010-10,165.58,2.66,74.91,42.92,75.44,0.44,12.43,6.97
2010-11,77.68,0.66,51.99,24.25,70.52,0.06,5.43,7.55
2010-12,158.62,2.32,56.35,33.06,71.41,0.07,0.94,5.0
2011-01,65.69,0.11,20.41,8.21,67.55,0.0,-4.02,7.52
2011-02,89.62,0.9,37.25,23.33,69.55,0.04,-1.15,8.93
2011-03,78.77,0.55,32.33,18.77,64.68,0.0,-0.47,5.74
2011-04,124.85,1.65,53.76,30.72,64.58,0.1,5.6,7.6
2011-05,230.66,3.46,110.42,56.2,73.77,0.98,11.23,5.32
2011-06,246.8,3.52,107.27,52.93,80.76,1.05,16.86,4.43
2011-07,208.85,2.97,107.84,54.72,80.47,0.58,20.83,5.85
2011-08,165.36,1.95,108.01,35.79,80.34,0.13,21.73,5.32
2011-09,308.76,4.76,179.54,80.35,78.45,1.82,18.15,6.45
2011-10,140.45,2.23,58.26,36.24,73.51,0.2,11.59,6.02
2011-11,118.02,1.18,60.97,42.0,73.49,0.37,7.1,7.64
2011-12,91.29,0.75,38.32,24.65,69.95,0.02,-0.5,9.12
2012-01,75.56,0.22,32.47,15.38,68.99,0.0,-3.33,7.81
2012-02,116.71,1.21,42.68,26.74,69.63,0.08,-3.37,5.4
2012-03,160.68,2.24,54.58,30.35,70.02,0.07,0.8,4.57
2012-04,135.31,1.83,68.68,32.33,70.16,0.09,6.54,4.66
2012-05,131.16,1.29,70.73,39.42,73.72,0.25,11.57,5.95
2012-06,253.68,3.81,124.04,59.42,79.57,1.28,15.65,5.73
2012-07,191.96,2.88,87.38,44.67,81.78,0.36,20.51,5.89
2012-08,131.74,1.39,66.94,34.56,79.33,0.2,22.1,6.53
2012-09,191.97,2.67,81.61,51.23,79.09,0.56,19.38,5.8
2012-10,110.48,1.48,61.72,29.76,72.19,0.06,11.48,6.79
2012-11,153.39,2.06,52.16,32.84,73.08,0.07,5.15,4.31
2012-12,144.18,1.5,61.04,27.24,71.91,0.05,-1.36,4.36
2013-01,88.37,0.88,40.6,27.42,69.36,0.01,-3.53,7.11
2013-02,104.33,0.62,37.47,18.7,68.67,0.01,-2.54,4.53
2013-03,92.4,0.76,42.07,20.96,66.12,0.01,1.68,6.2
2013-04,153.99,2.0,60.4,34.76,66.83,0.17,5.85,5.12
2013-05,83.74,0.68,38.4,21.82,71.16,0.05,11.1,7.05
2013-06,182.41,2.5,91.98,49.85,80.26,0.86,16.78,7.35
2013-07,182.08,2.29,80.03,37.18,80.7,0.36,21.0,6.21
2013-08,171.96,2.34,88.95,40.95,78.74,0.39,21.95,7.51
2013-09,221.93,3.23,137.69,81.06,76.88,1.07,17.66,8.1
2013-10,261.11,3.72,129.98,91.88,76.75,1.26,12.96,6.75
2013-11,111.5,1.1,41.55,24.5,71.74,0.0,5.15,5.78
2013-12,114.87,1.06,46.22,26.64,71.2,0.02,0.49,6.86
2014-01,81.15,0.45,32.36,18.37,68.02,0.0,-2.88,6.72
2014-02,120.0,1.38,58.6,39.64,70.16,0.29,-2.22,6.95
2014-03,160.29,2.15,59.11,35.51,68.37,0.24,1.32,4.9
2014-04,96.43,1.1,53.46,34.04,63.54,0.16,5.88,9.21
2014-05,112.36,1.74,54.05,33.63,68.48,0.08,11.63,5.92
2014-06,182.26,2.38,88.64,42.89,80.15,0.53,16.81,7.65
2014-07,183.67,2.64,87.93,43.4,80.43,0.45,20.49,5.65
2014-08,299.93,4.37,129.1,65.03,83.64,0.98,21.0,3.97
2014-09,109.05,1.38,50.97,33.26,75.55,0.13,16.26,8.05
2014-10,200.46,2.76,92.23,71.44,73.91,1.02,11.35,5.84
2014-11,107.12,1.09,49.98,25.98,73.73,0.03,6.5,6.95
2014-12,138.53,1.28,52.63,26.94,72.12,0.07,-1.29,4.51
2015-01,120.65,1.04,39.4,23.36,71.8,0.02,-1.32,4.6
2015-02,86.57,0.58,47.08,19.63,69.99,0.0,-0.85,5.41
2015-03,136.22,1.86,58.45,38.68,69.32,0.19,2.71,6.56
2015-04,149.85,2.01,59.05,30.85,71.43,0.12,7.72,8.22
2015-05,106.58,1.58,59.25,30.1,66.76,0.07,12.58,10.42
2015-06,246.61,3.85,85.28,47.52,79.96,0.89,15.88,5.52
2015-07,222.02,3.11,102.77,54.44,81.76,0.68,20.47,5.41
2015-08,197.57,2.86,88.94,45.64,80.42,0.56,20.94,7.12
2015-09,220.14,3.61,111.9,54.5,79.33,0.69,16.69,5.2
2015-10,82.8,0.95,50.32,30.22,69.0,0.16,10.35,10.6
2015-11,168.0,2.38,71.1,36.44,78.22,0.18,7.5,5.11
2015-12,125.17,1.24,57.14,43.66,72.98,0.35,1.97,5.59
2016-01,118.44,1.64,53.85,34.65,71.34,0.13,-1.75,6.82
2016-02,107.6,1.15,44.9,31.23,68.88,0.12,-1.35,6.26
2016-03,91.69,0.98,40.23,23.86,67.15,0.07,2.28,6.44
2016-04,161.71,2.58,64.63,32.72,70.17,0.15,7.86,4.2
2016-05,150.14,2.47,61.28,38.27,70.12,0.29,12.91,7.36
2016-06,242.88,3.95,97.84,47.12,80.72,0.66,16.31,4.59
2016-07,196.14,2.61,107.7,59.51,81.75,0.69,20.36,5.42
2016-08,208.53,3.01,102.66,60.24,78.9,0.94,21.89,7.24
2016-09,266.07,4.4,120.55,59.13,83.39,0.72,18.97,4.01
2016-10,132.51,1.69,51.21,32.36,73.9,0.1,12.13,5.84
2016-11,116.29,1.2,41.59,24.33,74.71,0.02,4.74,4.5
2016-12,133.42,1.72,55.11,34.74,73.35,0.12,0.89,5.05
2017-01,86.18,0.57,34.73,20.93,70.49,0.01,-2.41,5.87
2017-02,92.77,0.64,37.58,18.9,68.19,0.0,-1.76,5.12
2017-03,88.89,0.53,30.44,18.89,67.35,0.0,1.04,5.86
2017-04,142.95,1.98,62.24,39.24,67.67,0.24,7.17,5.31
2017-05,102.19,1.09,60.04,31.77,70.82,0.2,12.52,7.46
2017-06,169.22,2.52,86.19,43.99,76.06,0.46,14.91,6.76
2017-07,193.79,2.68,88.01,41.84,81.82,0.34,21.58,5.49
2017-08,172.98,2.01,82.79,49.61,81.07,0.43,21.25,5.13
2017-09,192.95,3.14,86.1,53.33,77.24,0.51,16.54,5.64
2017-10,319.02,5.2,153.45,79.47,79.21,1.53,11.67,4.9
2017-11,103.93,0.76,37.42,21.69,73.28,0.03,4.66,5.55
2017-12,88.26,0.47,32.25,18.1,71.11,0.0,-0.9,6.66
2018-01,108.67,0.71,36.82,19.92,71.48,0.0,-2.56,4.28
2018-02,88.29,0.78,40.05,25.39,68.45,0.02,-3.12,6.11
2018-03,147.0,2.69,73.67,43.94,68.32,0.27,2.63,8.28
2018-04,125.35,1.87,56.61,39.69,68.25,0.37,7.92,10.68
2018-05,188.63,2.99,80.13,41.87,73.04,0.35,12.3,5.29
2018-06,191.23,2.82,98.49,50.76,79.03,0.56,16.36,5.27
2018-07,252.42,3.46,180.84,80.75,80.73,1.44,21.54,10.54
2018-08,195.92,2.77,91.34,50.56,78.64,0.55,21.48,8.67
2018-09,312.49,5.04,124.43,69.06,81.61,1.28,17.66,3.93
2018-10,98.68,0.84,90.28,24.31,74.84,0.03,11.76,6.02
2018-11,67.84,0.35,32.66,17.38,74.2,0.02,6.44,7.9
2018-12,114.08,0.79,42.88,22.15,74.21,0.02,1.04,5.1
2019-01,71.53,0.14,23.88,12.75,69.38,0.0,-1.95,7.56
2019-02,77.97,0.55,33.96,19.45,69.54,0.0,-0.78,6.03
2019-03,120.89,1.21,50.75,28.64,67.72,0.02,2.22,5.97
2019-04,114.63,1.24,42.46,24.67,66.7,0.02,6.3,6.2
2019-05,101.72,1.32,51.94,39.06,65.53,0.24,12.21,7.42
2019-06,208.41,3.25,95.37,43.67,79.77,0.51,16.05,5.29
2019-07,242.85,3.18,114.22,55.82,84.87,0.97,20.22,4.08
2019-08,240.66,3.52,103.09,60.81,81.82,0.85,21.93,6.68
2019-09,119.11,1.34,56.26,35.18,77.83,0.19,18.77,5.48
2019-10,262.16,3.87,127.61,87.66,78.16,1.19,13.2,5.79
2019-11,71.96,0.38,38.35,17.94,71.61,0.04,5.53,8.47
2019-12,105.1,0.84,40.84,22.83,74.28,0.01,1.17,7.08
2020-01,116.93,1.41,55.54,29.56,73.83,0.1,-0.08,5.31
2020-02,94.82,0.8,43.92,20.81,70.76,0.0,-0.5,6.47
2020-03,147.06,1.91,64.66,36.24,69.6,0.17,3.26,4.56
2020-04,137.02,1.94,61.21,39.69,66.24,0.27,5.35,6.12
2020-05,119.79,1.36,64.14,35.4,73.44,0.17,12.48,6.99
2020-06,255.59,4.29,107.74,51.09,80.05,0.96,17.38,5.51
2020-07,422.96,7.14,169.95,67.73,87.25,2.05,19.78,3.43
2020-08,113.21,1.22,52.76,28.75,79.36,0.15,22.46,7.87
2020-09,198.02,2.57,79.45,46.15,80.68,0.53,18.82,4.09
2020-10,145.14,2.1,83.48,43.14,75.15,0.57,11.51,7.3
2020-11,88.74,0.72,37.19,22.31,73.24,0.05,6.66,8.11
2020-12,78.96,0.37,39.67,14.93,71.61,0.01,-0.02,12.26
2021-01,96.25,0.55,44.04,18.46,72.31,0.0,-2.77,5.51
2021-02,108.76,1.46,57.97,39.89,68.18,0.18,-0.53,6.71
2021-03,140.11,2.23,52.34,37.48,70.24,0.14,3.95,4.84
2021-04,143.55,2.28,74.03,41.35,65.66,0.29,6.86,7.17
2021-05,207.56,3.05,95.65,51.05,76.16,0.57,12.34,4.54
2021-06,168.71,2.31,92.72,41.82,78.71,0.35,16.78,6.49
2021-07,195.75,2.4,107.3,47.19,82.53,0.46,21.27,9.03
2021-08,356.17,5.02,188.25,78.77,82.98,2.03,21.37,5.85
2021-09,186.53,3.06,85.35,46.03,80.18,0.41,17.69,5.59
2021-10,110.52,1.48,53.85,28.24,76.2,0.07,12.0,7.13
2021-11,149.19,2.6,58.55,41.66,73.82,0.25,6.35,7.52
2021-12,99.59,0.93,49.65,22.23,73.19,0.02,0.44,6.67
2022-01,82.98,0.46,38.38,20.75,71.23,0.03,-2.45,6.37
2022-02,74.03,0.24,31.33,14.7,69.03,0.0,-2.29,7.71
2022-03,116.92,1.39,55.07,31.36,70.36,0.1,2.9,7.46
2022-04,137.93,2.27,66.94,33.01,68.91,0.19,7.99,7.52
2022-05,127.42,1.71,62.96,36.04,71.13,0.22,12.03,6.71
2022-06,180.72,2.65,78.79,46.7,80.11,0.53,16.81,5.23
2022-07,230.97,3.3,102.87,51.29,83.17,0.61,21.6,5.3
2022-08,244.62,3.53,98.27,53.56,81.68,0.73,21.99,4.19
2022-09,195.88,2.95,114.52,64.17,79.87,0.83,18.86,7.21
2022-10,99.97,1.27,54.48,29.47,75.11,0.07,11.35,8.54
2022-11,108.83,1.19,47.49,26.63,74.83,0.05,7.13,8.85
2022-12,106.47,0.68,45.0,23.62,73.1,0.1,0.01,5.82
2023-01,82.22,0.45,34.05,20.09,71.91,0.05,-2.45,6.08
2023-02,83.73,0.69,37.47,22.79,71.13,0.03,-1.35,5.8
2023-03,104.91,1.3,49.85,26.75,69.52,0.01,4.22,6.74
2023-04,151.72,2.33,60.19,35.28,67.13,0.27,8.04,7.45
2023-05,179.89,3.12,119.71,45.98,72.54,0.63,11.99,5.48
2023-06,277.54,3.76,124.93,71.18,80.97,1.23,17.25,5.17
2023-07,173.16,2.01,108.38,48.35,80.8,0.54,21.91,5.99
2023-08,184.47,2.01,93.42,49.11,80.84,0.48,23.74,5.29
2023-09,152.33,1.72,64.97,35.28,80.61,0.15,20.52,4.89
2023-10,103.76,1.33,44.72,28.74,73.19,0.08,11.47,6.45
2023-11,125.99,1.84,50.52,31.79,73.96,0.07,6.62,7.78
2023-12,99.41,0.79,42.58,21.93,73.66,0.01,1.04,7.16
