Month,rx1day,rx5day,pr,tasmin,tas,tasmax,r20mm,cdd
1950-01,4.73,9.29,16.36,-12.1,-6.42,-0.69,0.04,19.85
1950-02,6.81,13.21,23.37,-11.77,-5.96,-0.46,0.1,19.34
1950-03,9.62,19.7,43.86,-3.97,1.7,7.01,0.25,19.89
1950-04,15.43,31.72,65.52,1.36,7.07,12.39,0.64,13.87
1950-05,23.23,45.66,115.25,8.12,13.6,18.75,1.42,11.98
1950-06,27.76,60.77,148.72,12.04,16.83,21.45,1.7,9.42
1950-07,29.33,64.39,150.72,15.27,19.83,24.37,1.58,8.69
1950-08,25.34,54.0,143.27,13.73,18.3,22.87,1.4,8.66
1950-09,21.27,43.8,106.5,9.19,13.78,18.49,1.0,9.52
1950-10,11.78,26.33,55.19,3.5,8.21,13.21,0.33,13.54
1950-11,7.75,14.67,25.99,-5.4,-0.59,4.45,0.1,18.75
1950-12,4.67,8.36,15.63,-12.39,-7.27,-1.96,0.03,21.71
1951-01,4.78,11.67,19.13,-14.61,-9.22,-3.76,0.03,18.66
1951-02,7.14,14.35,31.89,-11.63,-5.76,-0.32,0.1,18.67
1951-03,9.21,21.65,52.37,-6.59,-0.77,4.52,0.45,17.03
1951-04,14.31,33.13,90.16,-0.01,5.64,10.77,1.03,12.08
1951-05,20.49,40.47,93.32,7.83,13.61,18.97,1.05,12.12
1951-06,27.47,61.51,139.68,12.49,17.25,21.99,1.56,9.84
1951-07,27.04,65.57,161.79,14.74,18.96,23.33,1.6,7.83
1951-08,27.41,54.89,134.53,14.76,19.24,23.86,1.31,8.76
1951-09,24.65,52.94,105.9,8.9,13.59,18.33,1.01,9.52
1951-10,16.96,37.6,70.47,3.93,8.71,13.66,0.57,11.67
1951-11,11.44,22.53,45.81,-4.89,-0.02,4.96,0.38,16.28
1951-12,6.66,15.05,22.75,-9.74,-4.53,0.95,0.11,22.89
1952-01,5.43,12.04,23.5,-13.12,-7.43,-1.89,0.12,20.47
1952-02,8.64,18.95,39.81,-11.87,-6.32,-1.14,0.25,19.37
1952-03,12.28,23.58,62.45,-5.57,0.16,5.29,0.5,13.61
1952-04,16.89,33.59,74.82,2.24,8.13,13.63,0.75,12.55
1952-05,20.47,45.24,115.98,8.73,13.91,18.94,1.28,10.11
1952-06,26.05,57.46,122.77,12.94,17.82,22.63,1.29,10.58
1952-07,32.08,69.7,158.76,15.46,19.69,24.04,1.6,8.42
1952-08,27.85,58.23,147.44,13.68,18.05,22.52,1.41,7.82
1952-09,26.32,49.87,116.49,9.67,14.31,19.09,1.19,8.9
1952-10,14.83,27.4,58.78,1.58,6.54,11.59,0.47,13.08
1952-11,6.27,15.6,29.37,-5.29,-0.44,4.5,0.1,19.92
1952-12,5.38,11.02,18.5,-14.0,-8.76,-3.45,0.07,23.22
1953-01,9.56,16.54,35.48,-14.85,-9.3,-3.98,0.24,16.91
1953-02,6.69,15.14,31.0,-11.07,-5.14,0.36,0.11,16.97
1953-03,11.18,21.47,56.12,-3.62,2.09,7.46,0.39,14.01
1953-04,11.53,25.38,66.91,1.28,6.65,11.67,0.47,12.66
1953-05,23.12,43.98,113.37,8.74,13.99,19.06,1.19,10.19
1953-06,25.55,55.68,123.74,13.47,18.28,23.03,1.23,10.23
1953-07,25.57,55.43,129.47,15.96,20.44,24.95,1.26,10.12
1953-08,28.43,59.26,126.51,15.07,19.32,23.83,1.1,8.67
1953-09,21.21,41.07,97.17,9.97,14.54,19.34,0.79,9.64
1953-10,13.63,27.98,61.25,3.68,8.41,13.34,0.38,12.8
1953-11,8.17,17.23,28.55,-5.43,-0.6,4.29,0.13,17.34
1953-12,7.25,15.66,24.05,-11.17,-6.06,-0.83,0.15,20.9
1954-01,6.55,14.0,29.89,-13.84,-8.59,-3.34,0.14,16.53
1954-02,8.47,16.62,31.51,-10.47,-4.72,0.73,0.17,19.96
1954-03,10.19,18.24,39.25,-6.81,-0.89,4.56,0.18,14.8
1954-04,15.76,32.2,81.28,2.32,7.82,13.02,0.84,11.73
1954-05,23.46,46.71,116.94,6.83,12.22,17.32,1.35,10.3
1954-06,28.75,65.91,158.84,12.13,16.78,21.4,1.84,8.9
1954-07,29.33,64.23,168.2,14.82,19.15,23.55,1.79,9.21
1954-08,31.49,63.34,157.04,14.38,18.67,23.15,1.67,7.98
1954-09,19.38,40.6,90.28,10.11,14.79,19.68,0.73,9.71
1954-10,11.7,26.38,49.57,1.74,6.76,11.92,0.31,15.25
1954-11,7.84,14.53,27.3,-4.98,0.11,5.43,0.13,19.24
1954-12,5.14,11.87,24.12,-14.9,-10.0,-4.96,0.04,20.64
1955-01,3.68,8.0,14.72,-16.42,-10.67,-5.08,0.02,21.0
1955-02,6.13,12.27,29.74,-11.7,-5.54,0.17,0.16,18.03
1955-03,9.84,23.11,51.64,-5.34,0.5,5.94,0.38,16.77
1955-04,12.98,28.61,54.32,-0.04,5.48,10.68,0.28,13.04
1955-05,19.06,39.63,100.74,6.79,12.26,17.43,1.13,11.03
1955-06,26.8,64.67,139.15,12.44,17.28,22.03,1.48,9.81
1955-07,28.85,64.18,156.38,14.82,19.18,23.6,1.66,8.3
1955-08,25.86,57.89,131.69,14.18,18.65,23.26,1.2,8.59
1955-09,21.63,42.56,98.57,10.27,14.82,19.6,0.87,8.86
1955-10,10.87,22.53,43.85,2.31,7.26,12.47,0.23,17.04
1955-11,8.74,16.55,26.28,-6.28,-0.88,4.69,0.24,19.57
1955-12,4.88,8.82,15.05,-10.07,-4.49,1.23,0.02,24.99
1956-01,5.77,11.84,19.32,-15.41,-9.94,-4.47,0.06,18.54
1956-02,5.55,10.89,24.57,-11.75,-5.81,-0.17,0.07,21.02
1956-03,10.87,22.01,52.17,-5.33,0.49,5.79,0.41,16.74
1956-04,17.09,33.67,65.42,1.86,7.76,13.24,0.69,13.6
1956-05,21.76,48.45,117.98,7.29,12.76,17.92,1.49,10.57
1956-06,31.75,66.2,152.83,12.39,17.14,21.87,1.87,9.44
1956-07,23.03,50.11,116.86,14.66,19.52,24.24,1.08,9.7
1956-08,24.92,52.98,127.52,13.42,18.12,22.94,1.25,9.49
1956-09,19.56,37.28,76.71,8.75,14.2,19.85,0.65,12.09
1956-10,12.02,23.94,41.5,0.39,6.03,11.82,0.26,17.12
1956-11,5.36,9.77,17.32,-8.79,-3.04,2.95,0.05,20.6
1956-12,3.93,7.37,13.41,-14.54,-8.96,-3.33,0.04,25.73
1957-01,6.16,11.79,22.53,-14.71,-9.12,-3.71,0.07,17.34
1957-02,5.87,13.23,24.45,-14.62,-8.78,-3.51,0.11,18.12
1957-03,8.8,16.07,36.81,-6.85,-0.57,5.12,0.21,17.74
1957-04,16.31,31.13,68.72,1.12,6.8,12.08,0.72,14.98
1957-05,19.05,39.89,98.0,6.05,11.55,16.69,1.09,11.19
1957-06,23.19,50.62,123.96,11.53,16.5,21.31,1.43,10.41
1957-07,30.33,65.5,160.67,14.57,19.11,23.71,1.78,9.5
1957-08,26.52,56.17,123.0,13.36,18.1,22.97,1.17,9.56
1957-09,16.09,34.46,78.08,8.04,12.95,18.1,0.53,11.83
1957-10,12.84,23.15,41.83,0.43,6.17,12.17,0.31,17.87
1957-11,7.37,14.46,26.91,-5.39,0.18,6.06,0.09,19.38
1957-12,5.82,10.89,19.87,-11.17,-5.71,-0.06,0.06,20.14
1958-01,7.69,14.18,25.35,-14.52,-8.95,-3.56,0.09,15.44
1958-02,5.97,13.11,23.28,-12.14,-5.9,0.15,0.08,19.8
1958-03,9.67,18.58,40.78,-5.03,1.16,6.77,0.27,17.94
1958-04,17.27,31.55,68.17,2.48,8.39,13.85,0.73,13.88
1958-05,19.47,43.06,91.68,6.89,12.22,17.23,0.95,11.06
1958-06,26.21,54.53,115.76,12.05,17.13,22.08,1.19,10.57
1958-07,33.37,70.35,159.73,15.3,19.93,24.67,1.91,9.05
1958-08,30.5,61.17,145.44,13.18,17.54,22.11,1.54,8.32
1958-09,20.15,41.05,87.11,9.06,14.16,19.52,0.77,10.31
1958-10,14.06,27.52,49.01,1.21,6.43,11.96,0.32,14.12
1958-11,5.41,10.52,17.17,-5.25,-0.04,5.78,0.06,22.41
1958-12,4.62,7.79,13.66,-9.93,-4.45,1.41,0.01,25.26
1959-01,5.05,10.56,18.37,-14.05,-8.54,-3.09,0.05,20.09
1959-02,8.36,20.05,42.94,-10.83,-5.24,-0.02,0.36,16.86
1959-03,10.14,19.44,41.23,-4.38,1.55,7.05,0.31,16.7
1959-04,14.6,29.05,58.26,2.3,8.19,13.69,0.59,13.63
1959-05,18.53,38.26,93.9,6.73,12.08,17.16,1.04,12.82
1959-06,25.7,55.34,131.86,11.76,16.67,21.53,1.66,10.65
1959-07,26.91,56.36,127.42,14.95,19.64,24.46,1.38,9.78
1959-08,27.79,57.24,133.61,14.06,18.71,23.67,1.45,9.5
1959-09,20.21,41.35,81.73,8.75,14.02,19.55,0.86,11.87
1959-10,13.23,24.88,44.75,2.55,8.13,14.15,0.36,15.87
1959-11,7.25,16.04,25.24,-6.89,-1.62,3.88,0.12,18.27
1959-12,5.11,9.94,19.99,-11.52,-6.45,-1.13,0.02,21.2
1960-01,4.43,9.58,17.64,-14.48,-8.86,-2.99,0.02,18.63
1960-02,4.37,9.56,17.03,-9.03,-2.7,3.51,0.02,22.54
1960-03,11.56,19.35,52.33,-4.02,1.73,7.07,0.47,17.99
1960-04,12.18,25.02,51.77,1.03,6.72,12.02,0.42,13.72
1960-05,19.01,38.0,95.11,6.77,12.16,17.29,1.0,11.99
1960-06,26.65,55.82,125.88,12.33,17.3,22.18,1.4,10.12
1960-07,29.24,63.15,155.91,14.95,19.48,24.06,1.82,8.56
1960-08,27.65,56.03,137.19,13.9,18.6,23.48,1.44,8.67
1960-09,22.01,49.72,99.86,9.38,14.34,19.63,0.98,11.48
1960-10,10.35,21.54,40.57,0.93,6.33,12.07,0.19,13.71
1960-11,8.76,17.01,32.14,-6.44,-1.3,4.3,0.18,17.46
1960-12,3.71,9.01,12.72,-12.31,-7.05,-1.33,0.0,21.86
1961-01,4.69,9.25,18.17,-14.35,-8.68,-2.91,0.02,18.83
1961-02,6.89,16.27,30.8,-11.28,-5.47,0.21,0.19,17.88
1961-03,11.14,23.89,52.83,-4.96,0.68,5.96,0.33,15.41
1961-04,15.86,33.07,73.73,2.34,8.37,14.0,0.97,15.81
1961-05,20.22,40.75,89.63,6.91,12.72,18.17,0.95,10.94
1961-06,27.78,63.9,120.01,12.76,17.98,23.12,1.35,11.32
1961-07,29.41,61.58,151.78,15.3,20.03,24.92,1.67,8.51
1961-08,31.8,63.86,159.34,13.98,18.58,23.36,1.73,7.36
1961-09,25.84,47.68,108.23,9.03,14.15,19.49,1.17,9.29
1961-10,13.57,30.61,58.31,2.19,7.07,12.33,0.38,13.44
1961-11,11.24,20.17,38.89,-5.54,-0.46,4.95,0.29,15.96
1961-12,5.97,12.68,23.73,-12.83,-7.55,-1.92,0.07,20.43
1962-01,4.37,8.62,15.46,-14.7,-9.06,-3.18,0.02,19.56
1962-02,7.84,14.43,23.86,-11.01,-4.84,1.29,0.12,21.53
1962-03,8.93,17.36,34.88,-6.56,-0.11,5.88,0.22,18.28
1962-04,12.6,25.97,58.36,0.97,6.94,12.53,0.6,14.9
1962-05,18.79,40.94,103.37,7.44,12.97,18.24,1.22,12.51
1962-06,26.06,55.75,138.43,11.8,17.01,22.09,1.75,10.68
1962-07,31.94,69.4,153.52,15.19,19.65,24.38,1.64,9.12
1962-08,26.52,55.17,138.51,13.73,18.46,23.48,1.34,8.63
1962-09,22.62,45.73,89.91,9.2,14.12,19.37,0.79,10.39
1962-10,13.51,25.34,51.37,1.48,6.81,12.71,0.39,15.79
1962-11,8.44,19.85,29.23,-7.12,-2.11,3.28,0.14,18.38
1962-12,4.37,8.54,14.54,-11.96,-6.3,-0.2,0.03,23.32
1963-01,1.78,3.47,5.82,-15.35,-9.27,-2.76,0.0,24.78
1963-02,5.01,9.06,17.03,-11.29,-4.83,1.52,0.04,24.16
1963-03,8.55,16.44,34.03,-4.32,1.97,8.0,0.14,19.51
1963-04,13.57,29.35,62.21,1.23,6.94,12.33,0.52,13.69
1963-05,21.18,42.04,101.57,8.19,13.66,18.95,1.17,10.33
1963-06,21.96,49.7,108.98,11.88,17.12,22.22,1.01,9.37
1963-07,33.72,68.35,176.12,14.9,19.39,24.07,2.09,7.16
1963-08,27.58,61.93,150.93,14.35,18.84,23.72,1.39,6.87
1963-09,19.78,42.38,93.25,9.38,14.26,19.44,0.72,9.13
1963-10,10.98,24.13,47.34,0.79,6.37,12.23,0.3,14.67
1963-11,9.65,18.43,40.86,-6.21,-0.74,4.93,0.26,16.0
1963-12,6.02,11.62,19.04,-12.52,-6.78,-0.67,0.07,20.71
1964-01,6.82,13.98,27.67,-13.58,-8.29,-2.86,0.11,15.97
1964-02,6.68,14.0,28.45,-14.05,-8.4,-3.12,0.12,18.74
1964-03,10.14,20.47,42.07,-5.01,1.07,6.66,0.21,15.97
1964-04,18.69,42.22,90.87,3.41,8.73,13.87,1.08,10.79
1964-05,23.23,44.24,98.39,7.58,12.84,17.85,1.06,10.35
1964-06,26.75,64.09,139.42,11.71,16.68,21.61,1.59,9.44
1964-07,31.14,67.39,156.87,14.73,19.26,24.02,1.75,8.86
1964-08,30.27,63.05,156.16,13.95,18.6,23.56,1.61,7.5
1964-09,21.84,44.37,105.72,9.11,13.88,18.97,0.97,8.87
1964-10,15.86,31.76,67.35,2.59,7.52,12.9,0.51,13.38
1964-11,4.63,10.13,15.85,-5.48,-0.08,6.01,0.02,21.44
1964-12,3.72,7.24,13.1,-11.69,-6.4,-0.56,0.01,23.29
1965-01,3.87,7.68,14.22,-12.36,-6.73,-1.01,0.01,22.97
1965-02,6.8,14.61,28.74,-10.79,-5.23,0.12,0.12,19.55
1965-03,8.16,19.75,37.77,-5.83,0.08,5.61,0.21,19.12
1965-04,17.08,32.59,82.97,1.36,7.11,12.48,0.94,14.44
1965-05,18.45,38.66,84.91,7.18,12.98,18.42,0.8,11.53
1965-06,23.84,51.6,122.24,11.74,16.93,21.91,1.35,10.19
1965-07,29.61,61.31,150.24,14.53,19.17,23.8,1.54,8.52
1965-08,26.38,55.26,131.15,13.06,17.85,22.67,1.41,9.74
1965-09,18.34,38.18,81.28,8.56,13.59,18.67,0.64,11.96
1965-10,16.19,34.93,68.15,2.17,7.35,12.63,0.64,14.96
1965-11,9.97,19.81,33.06,-6.38,-1.07,4.22,0.24,15.89
1965-12,6.89,14.63,25.43,-13.61,-8.25,-2.9,0.16,21.08
1966-01,4.93,10.02,18.89,-13.34,-7.73,-2.19,0.02,18.47
1966-02,6.79,13.43,25.55,-10.16,-3.97,1.82,0.12,17.66
1966-03,11.51,21.62,45.51,-4.76,1.18,6.7,0.36,15.57
1966-04,15.7,30.18,74.94,1.14,6.83,12.17,0.8,12.82
1966-05,16.85,38.89,80.54,6.82,12.52,17.89,0.77,13.0
1966-06,25.64,56.79,130.26,11.86,17.13,22.19,1.54,11.05
1966-07,32.31,70.15,158.54,14.67,19.15,23.71,1.77,8.77
1966-08,27.78,57.24,139.22,14.55,18.99,23.53,1.44,8.99
1966-09,15.8,32.51,63.61,8.27,13.41,18.51,0.4,12.86
1966-10,14.75,29.17,58.34,1.04,6.31,11.56,0.45,14.39
1966-11,7.96,14.89,25.57,-7.12,-1.81,3.39,0.1,17.32
1966-12,4.64,10.45,20.89,-12.91,-8.04,-3.07,0.05,23.15
1967-01,5.65,10.84,16.48,-15.28,-9.33,-3.56,0.07,22.23
1967-02,7.27,14.8,26.46,-12.55,-6.31,-0.74,0.12,17.24
1967-03,13.26,27.55,50.53,-5.8,0.58,6.22,0.4,16.74
1967-04,15.38,33.66,66.2,0.97,7.1,12.54,0.63,12.18
1967-05,20.07,43.36,104.89,8.12,13.91,19.24,1.2,10.84
1967-06,25.54,56.25,119.73,11.58,17.12,22.33,1.32,10.31
1967-07,29.17,57.92,140.39,14.78,19.47,24.33,1.45,8.07
1967-08,27.89,59.25,148.39,14.22,18.86,23.8,1.59,7.9
1967-09,19.83,41.09,95.88,8.13,13.34,18.76,0.91,9.98
1967-10,9.81,20.49,38.36,1.16,6.67,12.64,0.18,15.26
1967-11,9.51,22.22,43.78,-8.18,-3.18,2.02,0.25,15.52
1967-12,3.46,6.94,14.2,-14.9,-9.42,-3.57,0.01,22.94
1968-01,5.55,11.43,22.88,-14.67,-9.06,-3.33,0.07,17.44
1968-02,5.6,10.77,23.4,-14.15,-8.32,-2.66,0.06,19.71
1968-03,11.24,26.07,50.91,-4.43,1.49,7.07,0.42,17.3
1968-04,14.4,26.49,57.12,1.03,7.08,12.76,0.55,13.16
1968-05,17.76,37.71,91.33,7.48,13.0,18.22,1.01,13.76
1968-06,24.09,57.82,128.22,12.0,17.16,22.21,1.46,11.16
1968-07,31.07,66.98,144.39,14.45,19.27,24.13,1.58,8.73
1968-08,28.89,58.16,140.23,12.84,17.76,22.73,1.56,8.94
1968-09,17.84,38.52,86.53,8.52,13.61,19.03,0.65,10.53
1968-10,13.81,32.39,50.77,0.78,5.97,11.63,0.35,15.36
1968-11,8.27,15.55,26.73,-5.72,-0.33,5.6,0.13,18.74
1968-12,5.51,11.15,24.1,-10.13,-4.98,0.53,0.06,21.38
1969-01,8.49,15.69,32.42,-14.95,-9.63,-4.27,0.24,16.91
1969-02,5.02,12.86,24.5,-13.64,-8.04,-2.75,0.08,18.32
1969-03,9.77,18.96,39.91,-4.87,1.16,6.85,0.27,18.7
1969-04,16.97,35.69,69.67,1.93,7.74,13.23,0.66,13.42
1969-05,20.62,40.99,92.22,8.1,13.8,19.25,1.09,11.5
1969-06,23.22,48.96,116.62,11.29,16.49,21.5,1.26,9.76
1969-07,32.99,67.88,159.54,14.65,19.23,23.95,1.7,7.96
1969-08,29.71,59.5,141.24,13.34,18.11,23.07,1.58,8.86
1969-09,20.73,42.11,82.74,8.51,13.56,18.91,0.74,11.35
1969-10,12.68,24.75,47.93,2.03,7.46,13.27,0.36,14.34
1969-11,7.09,14.36,21.18,-6.86,-1.56,4.19,0.08,18.46
1969-12,2.73,4.56,8.78,-12.46,-6.96,-0.95,0.0,23.93
1970-01,4.55,8.61,18.39,-14.7,-9.06,-3.3,0.04,19.48
1970-02,6.04,14.22,26.23,-11.22,-5.14,0.74,0.08,18.62
1970-03,8.52,19.45,45.52,-7.7,-2.07,3.1,0.32,15.95
1970-04,15.58,28.81,67.08,0.86,6.84,12.39,0.75,13.39
1970-05,22.53,45.54,99.66,7.69,13.19,18.42,1.17,11.62
1970-06,20.94,48.31,104.7,11.33,16.56,21.57,1.07,9.88
1970-07,29.84,66.04,161.51,14.8,19.29,23.91,1.74,8.38
1970-08,25.44,49.29,119.62,13.78,18.7,23.81,1.03,8.3
1970-09,22.0,44.21,99.53,8.66,13.64,18.9,0.87,9.3
1970-10,15.55,28.34,44.41,0.95,6.59,12.5,0.36,15.5
1970-11,7.14,14.49,23.8,-6.73,-1.34,4.52,0.13,20.84
1970-12,6.75,12.75,23.41,-11.44,-6.33,-0.81,0.16,21.58
1971-01,5.96,11.69,18.97,-14.4,-8.69,-2.7,0.06,19.06
1971-02,6.59,14.48,27.57,-11.89,-6.01,-0.4,0.08,19.94
1971-03,8.98,18.69,32.31,-6.03,0.1,5.8,0.19,16.36
1971-04,12.85,28.82,59.16,2.18,8.05,13.58,0.48,14.49
1971-05,21.88,43.45,102.76,7.06,12.59,17.81,1.12,10.56
1971-06,28.12,59.93,143.94,12.17,17.2,22.14,1.7,8.77
1971-07,29.46,56.3,130.41,14.9,19.61,24.41,1.29,8.09
1971-08,24.44,54.0,132.71,13.5,18.19,23.14,1.17,8.36
1971-09,19.94,43.02,99.32,8.72,13.4,18.39,0.72,8.75
1971-10,14.18,29.94,48.47,0.96,6.46,12.43,0.42,14.91
1971-11,8.72,15.81,23.62,-6.27,-0.68,5.51,0.15,19.87
1971-12,6.71,14.43,23.28,-11.83,-6.3,-0.49,0.14,21.95
1972-01,5.32,13.04,19.29,-12.74,-7.14,-1.52,0.04,17.94
1972-02,6.96,17.53,35.32,-13.47,-7.86,-2.62,0.2,15.51
1972-03,10.77,20.2,44.58,-4.17,1.94,7.66,0.39,17.75
1972-04,13.45,27.24,63.23,1.13,6.99,12.41,0.56,12.57
1972-05,19.37,39.9,95.38,7.79,13.4,18.81,1.07,13.31
1972-06,23.19,48.82,110.68,12.18,17.49,22.68,1.16,10.04
1972-07,28.06,56.27,132.78,14.72,19.32,24.1,1.34,7.97
1972-08,26.84,56.77,130.27,13.56,18.4,23.49,1.21,8.43
1972-09,19.97,41.37,86.98,7.78,12.89,18.25,0.72,9.99
1972-10,15.1,28.9,64.35,0.73,6.28,12.05,0.61,12.33
1972-11,13.29,23.32,46.25,-7.03,-1.62,4.01,0.45,16.07
1972-12,5.61,11.38,22.84,-12.14,-6.91,-1.59,0.08,20.84
1973-01,6.17,11.94,23.99,-13.22,-7.92,-2.55,0.07,16.22
1973-02,7.41,14.86,32.06,-10.29,-4.44,1.09,0.16,16.87
1973-03,10.24,24.71,45.41,-4.61,1.19,6.62,0.29,16.59
1973-04,20.02,38.4,95.51,2.61,8.41,13.83,1.29,13.57
1973-05,20.38,44.45,119.36,7.49,12.7,17.64,1.51,10.37
1973-06,25.55,59.51,130.17,11.94,16.89,21.71,1.44,8.96
1973-07,27.49,56.52,141.68,14.68,19.41,24.25,1.38,7.87
1973-08,27.05,54.74,133.13,13.73,18.51,23.47,1.28,8.47
1973-09,20.0,43.33,100.54,9.09,14.13,19.55,0.91,9.97
1973-10,15.93,31.76,52.68,0.9,6.13,11.68,0.42,14.24
1973-11,7.39,12.69,22.88,-6.38,-0.67,5.5,0.14,19.9
1973-12,2.48,4.44,9.17,-12.46,-6.73,-0.45,0.01,25.23
1974-01,4.39,9.63,21.81,-14.04,-8.45,-2.64,0.02,17.85
1974-02,5.71,11.93,22.76,-12.46,-6.61,-1.04,0.11,19.27
1974-03,10.42,17.91,40.85,-6.21,-0.2,5.28,0.26,17.64
1974-04,16.07,27.5,65.25,2.11,8.35,14.03,0.73,12.16
1974-05,21.08,43.89,95.3,7.95,13.49,18.73,1.09,12.69
1974-06,25.24,51.24,125.4,11.73,16.72,21.51,1.44,10.13
1974-07,27.21,61.75,150.07,14.9,19.41,24.02,1.54,8.25
1974-08,26.73,56.92,127.62,13.43,18.04,22.84,1.28,7.98
1974-09,17.25,38.5,84.12,8.62,13.62,18.85,0.63,10.86
1974-10,12.76,29.73,50.65,1.65,6.86,12.39,0.33,14.2
1974-11,7.22,15.62,25.31,-5.38,-0.05,5.6,0.1,18.65
1974-12,6.42,13.77,25.72,-13.24,-8.46,-3.56,0.12,21.4
1975-01,5.41,11.75,20.9,-13.28,-7.74,-2.19,0.07,18.12
1975-02,6.7,15.67,27.57,-11.2,-5.26,0.37,0.16,18.95
1975-03,8.43,16.86,42.63,-4.4,1.53,7.04,0.29,17.84
1975-04,16.05,34.86,81.73,2.24,7.91,13.19,1.0,14.32
1975-05,17.62,38.86,99.38,6.71,12.27,17.4,1.17,11.98
1975-06,26.56,57.01,130.97,12.41,17.33,22.17,1.5,9.99
1975-07,28.17,57.23,141.74,14.57,19.19,23.84,1.42,7.65
1975-08,27.07,57.56,124.3,14.11,19.05,24.13,1.07,8.81
1975-09,20.09,42.61,96.63,10.05,14.86,20.0,0.73,8.97
1975-10,14.72,30.48,60.06,2.85,7.98,13.53,0.48,13.85
1975-11,7.19,15.77,28.42,-5.68,-0.64,4.82,0.08,18.28
1975-12,6.55,15.6,20.85,-13.5,-8.1,-2.17,0.13,24.58
1976-01,3.44,6.85,12.06,-13.4,-7.6,-1.51,0.01,22.28
1976-02,7.59,16.05,32.63,-9.35,-3.61,1.86,0.13,19.62
1976-03,8.14,16.69,41.21,-6.16,-0.38,4.84,0.19,15.9
1976-04,16.11,32.36,70.67,0.81,6.58,11.85,0.72,12.39
1976-05,19.76,38.78,91.94,7.22,12.78,17.97,1.04,11.54
1976-06,26.76,54.85,138.07,11.58,16.32,20.94,1.51,9.1
1976-07,29.97,65.11,138.8,13.71,18.48,23.24,1.57,8.34
1976-08,26.95,55.69,132.39,12.79,17.53,22.42,1.31,8.13
1976-09,19.46,37.52,79.86,8.29,13.48,18.86,0.58,10.89
1976-10,14.1,25.95,56.84,1.44,6.91,12.73,0.52,13.68
1976-11,7.34,14.25,25.53,-7.58,-2.4,3.04,0.1,18.53
1976-12,3.99,8.92,16.86,-12.6,-7.46,-2.05,0.01,23.19
1977-01,4.36,9.61,20.59,-15.9,-10.73,-5.65,0.03,17.37
1977-02,5.32,9.76,17.43,-12.87,-6.58,-0.62,0.07,20.19
1977-03,9.25,16.82,37.05,-4.9,1.34,7.06,0.23,18.57
1977-04,16.04,32.93,77.68,1.8,7.54,12.84,0.87,12.48
1977-05,18.75,39.18,95.5,6.52,12.14,17.32,1.13,10.41
1977-06,23.55,56.75,126.69,11.89,16.83,21.64,1.51,9.59
1977-07,31.02,63.61,162.56,14.83,19.5,24.18,1.89,7.2
1977-08,26.04,52.65,112.5,13.58,18.43,23.37,1.03,9.29
1977-09,16.53,35.37,75.63,9.28,14.31,19.63,0.49,11.23
1977-10,16.4,31.4,61.79,1.87,7.39,13.1,0.55,14.52
1977-11,7.91,13.98,23.59,-6.44,-0.96,4.77,0.09,18.12
1977-12,6.88,14.98,26.53,-11.45,-6.04,-0.66,0.1,20.97
1978-01,5.66,10.67,20.14,-15.24,-9.58,-3.92,0.1,19.09
1978-02,5.54,13.67,21.25,-12.53,-6.63,-1.09,0.05,20.24
1978-03,10.57,19.03,48.36,-5.43,0.29,5.46,0.33,16.33
1978-04,12.88,24.08,54.92,1.85,8.15,13.9,0.54,14.92
1978-05,22.27,43.68,103.24,7.93,13.51,18.75,1.27,12.61
1978-06,25.26,54.97,120.23,12.71,17.82,22.82,1.38,9.2
1978-07,24.99,55.2,126.57,14.91,19.75,24.66,1.23,9.49
1978-08,24.26,50.59,120.66,13.74,18.68,23.8,1.2,9.0
1978-09,20.16,41.49,82.71,8.69,13.98,19.53,0.77,11.01
1978-10,13.57,25.83,47.57,1.15,6.8,12.72,0.29,14.65
1978-11,9.1,15.6,31.24,-5.47,-0.29,5.18,0.17,17.29
1978-12,4.3,7.99,12.61,-11.14,-5.49,0.49,0.01,22.6
1979-01,5.78,10.57,21.22,-13.12,-7.22,-1.59,0.05,17.8
1979-02,8.84,16.94,27.8,-10.24,-3.82,1.89,0.16,17.3
1979-03,10.99,22.92,50.75,-6.37,-0.1,5.27,0.38,14.99
1979-04,16.25,28.54,67.91,1.03,7.24,12.51,0.7,11.9
1979-05,16.92,32.28,72.85,6.85,12.88,18.23,0.78,13.14
1979-06,28.93,58.5,130.37,11.74,17.33,22.53,1.53,11.77
1979-07,30.27,62.13,149.62,13.82,18.79,23.51,1.7,6.94
1979-08,24.68,54.56,131.65,13.35,18.3,23.15,1.21,7.99
1979-09,19.65,42.07,92.99,7.46,12.74,17.9,0.79,10.0
1979-10,8.45,16.73,28.99,1.13,7.44,13.94,0.16,18.95
1979-11,5.92,9.85,18.19,-7.56,-1.52,4.19,0.03,20.42
1979-12,6.67,12.59,20.38,-10.89,-5.26,0.2,0.08,23.76
1980-01,4.89,9.73,19.82,-14.53,-8.9,-3.3,0.06,20.02
1980-02,5.83,12.71,25.97,-11.81,-6.0,-0.61,0.13,19.98
1980-03,10.67,21.37,51.54,-5.94,-0.09,5.17,0.42,15.84
1980-04,15.83,32.99,72.68,0.94,6.95,12.31,0.85,13.09
1980-05,22.12,39.51,94.66,7.61,13.33,18.7,1.14,11.49
1980-06,25.6,52.82,119.49,12.45,17.49,22.42,1.26,8.64
1980-07,30.19,60.64,144.05,14.69,19.43,24.19,1.48,8.44
1980-08,27.49,56.37,144.04,13.45,18.01,22.74,1.39,8.2
1980-09,17.18,35.98,74.55,8.27,13.42,18.76,0.5,10.34
1980-10,15.19,27.96,58.09,1.24,6.68,12.34,0.54,13.93
1980-11,6.78,11.56,20.2,-4.5,1.36,7.63,0.1,20.97
1980-12,3.77,7.27,13.23,-11.64,-6.12,-0.31,0.01,22.42
1981-01,5.05,10.16,20.34,-13.98,-8.55,-2.95,0.04,18.57
1981-02,7.37,15.06,27.7,-10.9,-4.94,0.66,0.16,19.46
1981-03,12.32,24.46,55.16,-4.33,1.88,7.49,0.54,16.77
1981-04,14.87,32.75,74.88,2.57,8.44,13.84,0.84,12.49
1981-05,19.77,37.25,91.27,7.32,13.06,18.38,1.08,12.67
1981-06,28.16,59.84,119.18,12.72,17.69,22.56,1.25,10.68
1981-07,31.18,64.73,155.57,15.76,20.09,24.61,1.62,7.14
1981-08,25.69,53.91,133.76,14.13,18.48,23.12,1.15,6.65
1981-09,19.26,39.58,83.51,8.66,13.63,18.88,0.64,10.88
1981-10,13.56,28.63,55.6,0.52,5.85,11.35,0.43,13.61
1981-11,9.88,20.65,36.29,-7.83,-2.59,2.72,0.28,17.37
1981-12,3.42,6.55,10.1,-12.73,-7.13,-1.15,0.01,23.83
1982-01,4.05,9.39,15.61,-12.53,-6.63,-0.77,0.01,20.32
1982-02,6.61,15.05,33.6,-10.66,-4.89,0.39,0.14,17.58
1982-03,9.5,22.21,46.06,-4.89,1.13,6.52,0.33,16.3
1982-04,14.97,30.01,66.13,1.32,7.29,12.69,0.69,13.92
1982-05,21.34,44.17,89.28,7.28,13.04,18.39,1.03,12.15
1982-06,23.21,52.35,116.34,11.76,16.87,21.74,1.32,10.02
1982-07,30.55,64.31,147.3,14.52,19.32,24.07,1.67,9.39
1982-08,25.98,61.5,135.82,13.95,18.64,23.5,1.32,8.59
1982-09,17.86,40.41,92.69,8.54,13.37,18.43,0.78,9.59
1982-10,11.01,23.78,47.37,2.58,8.08,13.88,0.23,14.5
1982-11,11.35,20.43,45.3,-5.85,-0.68,4.58,0.38,15.26
1982-12,4.83,8.78,17.21,-12.52,-7.12,-1.56,0.04,21.8
1983-01,7.68,17.01,28.9,-14.1,-8.5,-2.97,0.23,19.25
1983-02,7.61,16.67,35.66,-12.52,-6.55,-0.95,0.29,18.93
1983-03,10.8,23.39,49.07,-5.46,0.37,5.62,0.44,16.82
1983-04,19.62,38.97,84.38,1.0,6.87,12.16,1.0,13.21
1983-05,21.73,44.42,101.59,7.44,13.1,18.35,1.19,10.38
1983-06,26.76,57.8,134.71,11.53,16.36,21.05,1.53,9.55
1983-07,30.0,67.21,144.73,14.48,18.99,23.55,1.61,8.15
1983-08,25.37,54.68,119.1,13.71,18.61,23.64,1.16,8.67
1983-09,24.19,45.71,103.99,9.72,14.65,19.87,1.0,8.73
1983-10,16.01,33.41,67.24,2.26,7.35,12.76,0.67,12.7
1983-11,8.08,15.66,24.51,-5.66,-0.03,6.1,0.15,19.9
1983-12,6.19,10.09,17.08,-11.65,-6.35,-0.6,0.1,26.3
1984-01,4.89,9.7,16.55,-15.26,-9.77,-4.17,0.06,20.14
1984-02,4.19,8.39,18.21,-12.44,-6.94,-1.77,0.02,20.38
1984-03,7.58,16.49,37.64,-5.42,0.65,6.14,0.21,18.31
1984-04,15.01,31.83,73.13,1.89,7.62,12.79,0.69,12.43
1984-05,20.59,40.02,101.25,7.95,13.44,18.62,1.19,12.11
1984-06,30.4,59.97,138.56,12.51,17.45,22.25,1.64,9.46
1984-07,27.51,55.92,146.14,14.48,18.99,23.57,1.44,6.93
1984-08,28.54,56.8,129.85,13.31,18.4,23.59,1.38,8.88
1984-09,20.07,44.31,93.44,8.36,13.34,18.52,0.81,9.84
1984-10,12.04,23.0,44.59,1.37,6.87,12.75,0.28,16.42
1984-11,7.81,15.72,23.64,-5.4,0.04,5.74,0.14,21.0
1984-12,5.83,13.48,23.45,-12.69,-7.88,-3.0,0.06,22.34
1985-01,4.19,7.91,17.3,-14.47,-8.93,-3.47,0.01,18.81
1985-02,8.98,17.89,40.9,-11.26,-5.46,0.03,0.34,17.11
1985-03,9.17,19.3,45.76,-6.05,-0.46,4.52,0.26,17.53
1985-04,15.1,29.06,58.42,2.01,8.11,13.67,0.55,12.92
1985-05,22.15,43.36,98.27,7.82,13.32,18.41,1.06,11.47
1985-06,23.62,49.82,115.73,12.08,16.96,21.69,1.12,9.3
1985-07,26.1,53.14,139.7,14.3,19.15,23.95,1.44,8.21
1985-08,29.13,60.51,153.75,14.2,19.07,23.91,1.56,8.42
1985-09,21.76,47.51,107.39,8.29,13.1,18.09,1.05,9.72
1985-10,12.6,26.01,48.46,1.85,7.23,12.97,0.32,15.39
1985-11,8.91,16.63,31.98,-7.29,-1.77,3.89,0.2,17.07
1985-12,5.18,9.98,17.2,-13.04,-7.4,-1.97,0.02,21.99
1986-01,3.59,7.44,13.72,-14.03,-8.07,-1.98,0.01,21.64
1986-02,5.71,11.67,21.75,-11.71,-5.72,-0.03,0.07,20.78
1986-03,10.15,20.54,45.57,-5.26,0.74,6.17,0.37,17.64
1986-04,13.69,31.44,70.53,1.34,6.98,12.12,0.73,14.93
1986-05,18.99,35.68,77.24,7.76,13.43,18.72,0.74,12.41
1986-06,28.12,56.63,130.39,12.46,17.48,22.41,1.51,10.87
1986-07,30.47,63.6,156.02,14.73,19.37,24.1,1.7,8.07
1986-08,22.59,46.51,108.34,13.18,18.26,23.43,0.98,9.01
1986-09,18.4,39.27,80.37,8.07,13.53,19.21,0.71,12.46
1986-10,14.26,29.38,52.89,0.38,5.96,11.69,0.47,15.72
1986-11,9.75,17.05,27.76,-6.39,-1.16,4.18,0.2,18.4
1986-12,5.8,10.95,19.36,-11.27,-5.91,-0.47,0.04,20.42
1987-01,5.24,9.46,18.86,-13.05,-7.19,-1.29,0.04,18.35
1987-02,6.55,13.57,25.4,-9.34,-3.39,2.29,0.09,20.35
1987-03,11.15,23.71,56.15,-5.27,0.72,6.04,0.55,16.32
1987-04,17.47,31.57,67.39,1.93,7.83,13.24,0.7,14.09
1987-05,20.65,38.19,96.59,7.02,12.63,17.77,1.15,11.43
1987-06,25.43,51.27,119.91,11.83,16.87,21.78,1.3,8.75
1987-07,29.02,61.62,153.85,14.88,19.44,24.11,1.71,8.66
1987-08,26.09,53.52,138.5,13.77,18.49,23.41,1.41,8.44
1987-09,22.51,40.91,90.62,9.04,14.12,19.4,0.9,10.66
1987-10,15.88,32.08,63.39,2.11,7.26,12.59,0.52,14.8
1987-11,10.17,20.48,37.0,-6.0,-0.66,4.85,0.28,17.45
1987-12,3.94,6.68,10.34,-11.07,-5.41,0.55,0.01,25.44
1988-01,4.5,8.9,19.0,-12.46,-7.03,-1.64,0.01,17.5
1988-02,7.12,17.29,33.71,-11.35,-5.85,-0.71,0.17,20.62
1988-03,9.47,19.49,44.31,-6.32,-0.74,4.26,0.31,16.44
1988-04,12.12,21.51,52.43,1.45,7.52,13.01,0.42,14.43
1988-05,22.73,46.79,111.45,7.57,12.79,17.74,1.21,12.06
1988-06,23.2,50.04,103.51,12.72,17.86,22.89,1.1,10.99
1988-07,28.41,56.41,143.04,15.46,20.04,24.77,1.49,7.7
1988-08,28.45,61.49,155.48,14.16,18.54,23.15,1.63,6.91
1988-09,20.61,43.57,90.76,9.3,14.17,19.3,0.75,11.06
1988-10,11.72,22.9,45.25,2.33,7.54,13.06,0.3,15.98
1988-11,5.48,10.09,16.23,-5.55,0.17,6.29,0.07,21.61
1988-12,5.62,11.99,14.98,-10.32,-4.84,0.98,0.07,24.11
1989-01,7.31,15.59,33.24,-13.23,-7.9,-2.66,0.15,17.54
1989-02,6.63,16.16,30.19,-10.81,-5.18,0.1,0.15,19.5
1989-03,9.41,19.38,38.85,-4.78,1.05,6.33,0.2,17.73
1989-04,15.57,30.27,73.21,1.57,7.37,12.58,0.8,14.27
1989-05,20.18,39.94,91.86,7.8,13.29,18.4,1.08,12.79
1989-06,25.96,56.36,128.84,12.21,16.88,21.46,1.38,9.69
1989-07,32.31,66.6,141.27,14.75,19.22,23.77,1.51,8.12
1989-08,23.7,47.87,114.99,13.6,18.32,23.21,0.98,8.81
1989-09,20.28,44.02,89.71,9.22,14.14,19.31,0.73,9.34
1989-10,13.15,25.4,52.49,2.47,7.81,13.44,0.41,13.62
1989-11,7.51,16.21,27.68,-6.17,-0.98,4.41,0.14,18.32
1989-12,5.15,10.46,18.04,-10.56,-5.24,0.4,0.03,23.03
1990-01,6.64,13.03,26.96,-13.06,-7.66,-2.34,0.08,17.62
1990-02,10.24,22.58,45.14,-9.93,-4.48,0.48,0.34,14.5
1990-03,12.2,27.75,53.5,-3.76,1.88,7.1,0.41,15.34
1990-04,16.3,34.12,76.9,1.18,6.76,11.81,0.79,11.82
1990-05,23.34,43.58,100.45,7.34,12.95,18.14,1.25,11.37
1990-06,27.02,55.81,131.97,12.64,17.69,22.61,1.57,9.44
1990-07,29.85,61.74,150.26,15.01,19.47,24.09,1.52,7.55
1990-08,26.57,53.66,115.03,13.89,18.85,24.0,1.14,8.65
1990-09,22.03,44.55,97.58,9.35,14.41,19.7,0.89,10.72
1990-10,10.76,22.84,45.69,2.17,7.73,13.66,0.24,16.46
1990-11,12.36,22.2,41.39,-4.53,1.0,6.82,0.46,17.52
1990-12,4.72,11.7,16.63,-10.55,-5.19,0.52,0.03,22.18
1991-01,5.43,12.92,26.73,-13.08,-7.79,-2.43,0.06,18.32
1991-02,6.38,13.41,25.97,-10.17,-4.43,0.97,0.15,18.91
1991-03,12.92,25.38,57.42,-4.86,0.87,6.04,0.57,15.2
1991-04,15.63,30.86,67.35,1.62,7.31,12.52,0.68,12.65
1991-05,19.39,40.75,84.56,7.42,12.96,18.18,0.9,12.3
1991-06,28.57,60.97,135.32,12.8,17.64,22.44,1.63,9.42
1991-07,32.9,70.0,164.69,15.43,19.86,24.47,1.78,8.53
1991-08,24.39,52.72,120.19,13.95,18.71,23.69,1.04,8.07
1991-09,18.32,37.38,79.81,9.03,14.23,19.69,0.6,10.64
1991-10,10.82,22.4,44.01,1.86,7.28,13.03,0.22,15.55
1991-11,7.25,14.02,23.39,-6.13,-0.65,5.23,0.1,20.79
1991-12,7.2,15.22,23.5,-11.43,-6.29,-0.96,0.09,20.49
1992-01,7.07,14.2,21.72,-12.93,-7.46,-1.83,0.14,20.0
1992-02,7.26,17.49,32.79,-11.18,-5.23,0.39,0.17,19.62
1992-03,11.38,26.38,67.01,-4.66,0.6,5.42,0.68,16.51
1992-04,13.84,27.76,60.97,2.49,8.54,14.04,0.64,14.64
1992-05,21.81,42.13,97.02,7.61,12.99,18.02,1.06,12.28
1992-06,26.68,53.68,130.42,11.75,16.64,21.49,1.43,8.98
1992-07,33.08,69.61,139.75,14.1,18.93,23.78,1.51,8.9
1992-08,26.47,50.39,121.12,13.52,18.28,23.26,1.08,7.79
1992-09,19.55,41.51,84.37,8.76,13.7,18.89,0.58,9.83
1992-10,11.99,23.5,42.3,0.7,6.25,12.17,0.3,15.69
1992-11,8.05,11.87,20.3,-6.97,-1.17,4.88,0.09,19.31
1992-12,6.15,10.47,21.39,-11.0,-5.58,0.08,0.09,21.95
1993-01,6.54,13.93,25.55,-14.35,-8.99,-3.54,0.12,20.32
1993-02,8.05,17.14,31.66,-8.66,-2.77,2.85,0.22,22.97
1993-03,10.49,23.79,45.11,-3.95,1.7,6.92,0.31,17.68
1993-04,14.16,29.65,61.45,1.54,7.53,12.99,0.55,14.96
1993-05,20.69,40.31,99.73,7.1,12.63,17.73,1.14,12.51
1993-06,28.88,56.39,139.69,12.33,17.24,22.07,1.71,9.48
1993-07,28.27,67.12,160.04,14.81,19.01,23.4,1.65,6.43
1993-08,27.13,53.57,145.85,13.31,17.74,22.39,1.35,6.95
1993-09,20.49,38.14,89.86,8.8,14.08,19.53,0.76,10.78
1993-10,11.2,23.87,44.72,1.31,6.8,12.63,0.24,16.15
1993-11,10.2,20.16,37.96,-5.93,-0.66,4.73,0.25,16.7
1993-12,4.39,8.94,13.67,-11.7,-6.21,-0.53,0.0,22.14
1994-01,4.3,8.82,18.87,-12.82,-7.23,-1.71,0.03,17.97
1994-02,7.53,14.62,30.03,-10.56,-4.75,0.62,0.21,17.69
1994-03,9.47,20.41,46.54,-5.87,0.12,5.37,0.32,16.94
1994-04,14.35,32.4,66.22,2.75,8.54,13.81,0.66,14.64
1994-05,19.87,38.17,88.19,8.22,13.94,19.27,1.05,12.49
1994-06,30.92,66.83,142.93,13.06,17.92,22.7,1.76,10.97
1994-07,31.0,63.78,151.69,15.49,20.35,25.27,1.74,8.21
1994-08,30.08,58.73,139.69,14.41,19.3,24.39,1.4,8.19
1994-09,18.64,37.89,85.76,9.09,14.08,19.37,0.69,10.62
1994-10,13.47,29.26,52.27,1.41,6.75,12.46,0.37,16.1
1994-11,8.14,19.49,28.19,-3.52,1.84,7.57,0.14,21.05
1994-12,8.51,18.13,34.0,-10.32,-5.42,-0.38,0.25,18.27
1995-01,5.15,11.28,21.3,-13.88,-8.25,-2.86,0.08,19.0
1995-02,6.39,13.77,27.5,-10.48,-4.4,1.07,0.12,19.48
1995-03,9.78,17.23,41.39,-5.29,1.0,6.38,0.31,17.52
1995-04,12.74,27.21,62.69,0.96,6.95,12.06,0.66,13.27
1995-05,18.65,37.57,86.04,7.66,13.58,18.9,0.93,13.46
1995-06,26.99,59.19,140.33,12.81,18.17,23.26,1.65,12.05
1995-07,31.64,67.37,148.22,14.7,19.49,24.23,1.66,9.18
1995-08,29.37,59.56,147.38,13.83,18.6,23.4,1.53,7.33
1995-09,20.17,43.3,83.81,9.42,14.39,19.46,0.67,10.88
1995-10,16.54,32.06,59.45,2.75,7.97,13.26,0.52,12.4
1995-11,6.75,11.13,21.51,-5.52,0.17,5.97,0.12,20.21
1995-12,3.72,7.98,13.88,-11.73,-6.3,-0.86,0.01,22.85
1996-01,4.53,9.4,21.05,-14.2,-8.48,-3.12,0.04,17.6
1996-02,5.81,11.56,18.87,-11.52,-5.31,0.27,0.06,22.36
1996-03,12.81,29.09,58.39,-5.13,0.71,5.87,0.59,20.13
1996-04,15.44,27.68,52.11,1.08,6.96,11.99,0.38,13.36
1996-05,19.47,39.6,88.46,7.66,13.37,18.43,0.91,12.41
1996-06,25.46,55.84,127.97,12.23,17.34,22.19,1.42,9.99
1996-07,35.65,76.24,181.67,15.0,19.44,23.88,2.04,7.06
1996-08,30.5,62.01,143.23,13.75,18.55,23.35,1.52,8.19
1996-09,18.44,35.32,79.11,9.07,14.34,19.73,0.6,10.59
1996-10,14.57,26.75,51.53,1.84,7.32,12.79,0.4,13.94
1996-11,9.54,22.28,35.16,-6.13,-1.03,4.0,0.24,17.18
1996-12,4.01,7.84,11.66,-11.61,-5.71,0.25,0.01,24.12
1997-01,7.04,12.23,23.55,-13.34,-7.33,-1.65,0.15,18.65
1997-02,7.05,14.72,28.19,-10.86,-4.86,0.49,0.14,19.99
1997-03,10.76,24.28,49.67,-3.4,2.59,7.75,0.37,16.96
1997-04,12.5,23.76,58.56,1.84,8.13,13.49,0.57,13.67
1997-05,19.2,40.65,91.35,8.08,13.82,18.97,0.94,13.31
1997-06,22.66,49.87,115.86,12.27,17.52,22.46,1.21,10.09
1997-07,29.57,67.59,155.31,15.01,20.0,24.81,1.78,8.19
1997-08,30.49,57.69,126.99,14.11,19.19,24.16,1.34,9.23
1997-09,18.34,38.2,79.56,7.98,13.35,18.67,0.72,11.13
1997-10,10.54,21.45,45.88,0.98,6.76,12.5,0.28,16.12
1997-11,8.98,18.65,34.87,-6.66,-0.97,4.66,0.25,20.13
1997-12,7.75,13.57,26.62,-11.99,-6.6,-1.38,0.17,19.79
1998-01,7.04,14.21,31.46,-14.29,-8.71,-3.54,0.2,17.08
1998-02,8.44,17.94,32.51,-8.72,-2.72,2.68,0.24,18.95
1998-03,13.9,27.21,60.75,-4.72,1.1,6.22,0.62,15.68
1998-04,18.38,36.45,72.63,3.41,9.79,15.43,0.87,13.93
1998-05,24.32,44.44,104.19,8.09,13.79,18.91,1.3,10.92
1998-06,28.11,65.93,153.09,13.17,18.17,22.94,1.86,9.19
1998-07,33.62,70.73,178.73,15.65,20.08,24.5,1.99,7.19
1998-08,28.91,58.63,156.39,14.47,18.93,23.48,1.56,6.72
1998-09,17.7,35.22,67.5,10.08,15.46,20.89,0.48,11.24
1998-10,15.41,29.84,52.11,3.29,8.73,14.23,0.39,14.56
1998-11,6.02,13.56,18.93,-4.88,0.87,6.78,0.05,20.38
1998-12,5.23,11.72,17.2,-10.24,-4.73,0.75,0.03,23.29
1999-01,5.05,9.23,18.3,-12.28,-6.62,-1.21,0.04,20.01
1999-02,4.04,7.75,13.02,-8.62,-2.2,3.62,0.01,21.55
1999-03,9.43,18.74,44.12,-4.98,0.97,6.12,0.26,17.37
1999-04,16.93,33.07,68.83,2.85,9.02,14.42,0.78,13.9
1999-05,21.61,44.54,99.3,7.98,13.61,18.62,1.02,11.82
1999-06,25.03,54.54,128.45,12.9,18.01,22.8,1.36,9.55
1999-07,28.03,60.42,149.81,15.49,20.1,24.7,1.44,8.27
1999-08,25.69,53.41,143.03,13.97,18.73,23.55,1.3,7.44
1999-09,19.0,40.64,82.92,10.05,15.19,20.4,0.59,10.33
1999-10,15.24,30.18,60.3,2.34,7.55,12.74,0.46,13.47
1999-11,7.98,17.81,26.86,-5.19,0.24,5.74,0.11,17.09
1999-12,3.91,7.37,12.04,-11.65,-5.8,0.01,0.01,23.3
2000-01,7.16,14.55,29.4,-14.08,-8.51,-3.31,0.07,15.45
2000-02,5.8,12.23,24.09,-12.22,-6.18,-0.8,0.07,19.27
2000-03,8.34,18.81,37.36,-5.09,1.23,6.63,0.16,18.52
2000-04,13.68,27.54,69.48,1.87,7.98,13.14,0.69,13.95
2000-05,19.77,40.71,80.74,8.51,14.55,19.91,0.78,11.99
2000-06,27.11,58.98,131.05,13.01,18.17,23.03,1.42,9.44
2000-07,26.77,56.96,137.03,15.94,20.72,25.45,1.31,8.36
2000-08,26.35,56.0,142.04,14.15,18.84,23.56,1.29,7.11
2000-09,18.91,41.53,83.29,9.28,14.4,19.58,0.62,11.25
2000-10,17.17,34.24,68.79,1.88,7.05,12.04,0.68,12.17
2000-11,8.05,15.52,29.74,-6.81,-1.38,3.88,0.12,16.51
2000-12,5.12,9.75,17.1,-11.3,-5.81,-0.33,0.03,20.32
2001-01,7.56,15.52,29.16,-13.66,-8.03,-2.71,0.16,17.3
2001-02,6.05,11.99,23.65,-10.13,-4.21,1.23,0.06,19.25
2001-03,8.21,16.03,35.2,-4.61,1.71,7.28,0.24,17.71
2001-04,13.82,26.87,66.31,1.94,7.78,12.97,0.68,14.35
2001-05,16.51,34.62,83.5,8.22,13.85,18.98,0.85,11.53
2001-06,24.82,52.37,124.75,13.13,18.14,22.92,1.4,10.35
2001-07,30.16,60.84,142.47,15.74,20.57,25.39,1.55,9.09
2001-08,24.32,52.64,122.95,14.21,18.85,23.59,1.05,8.14
2001-09,15.27,33.49,71.91,9.73,14.7,19.8,0.49,11.02
2001-10,13.37,25.08,54.77,3.16,8.44,13.89,0.36,13.8
2001-11,7.12,16.08,20.41,-4.64,0.92,6.94,0.12,21.44
2001-12,5.97,12.69,23.73,-11.99,-6.91,-1.75,0.07,21.5
2002-01,6.17,12.19,22.36,-11.68,-6.0,-0.31,0.08,16.5
2002-02,5.42,11.81,20.98,-8.27,-2.11,3.64,0.06,20.34
2002-03,10.11,19.53,43.62,-3.29,2.94,8.48,0.33,17.02
2002-04,15.99,31.14,73.93,2.81,8.47,13.56,0.71,12.87
2002-05,21.45,41.58,99.26,7.97,13.36,18.27,1.13,10.72
2002-06,30.64,61.05,139.27,13.43,18.22,22.93,1.63,9.96
2002-07,26.05,59.72,144.36,15.66,20.05,24.56,1.38,8.77
2002-08,25.54,55.25,123.66,14.22,19.03,23.96,1.21,9.2
2002-09,16.98,34.96,74.0,8.81,13.93,19.22,0.53,10.99
2002-10,14.92,27.93,55.66,1.3,6.85,12.48,0.45,14.53
2002-11,8.2,16.1,25.43,-6.18,-0.63,5.2,0.18,18.85
2002-12,8.02,15.15,31.06,-11.56,-6.67,-1.67,0.19,19.77
2003-01,6.86,12.5,21.82,-13.09,-7.25,-1.42,0.14,20.67
2003-02,6.72,14.12,28.6,-9.22,-3.37,2.1,0.13,16.55
2003-03,10.25,19.84,43.49,-4.38,1.44,6.64,0.25,16.25
2003-04,15.5,29.96,62.61,2.58,8.33,13.5,0.58,11.89
2003-05,19.41,40.34,91.47,7.74,13.05,17.96,0.93,11.04
2003-06,27.69,57.57,130.45,12.68,17.58,22.31,1.47,9.63
2003-07,27.27,58.48,135.0,14.96,19.48,24.04,1.39,7.91
2003-08,26.25,53.31,132.27,14.34,18.81,23.44,1.22,8.3
2003-09,18.57,38.09,87.08,9.98,14.9,20.02,0.61,10.09
2003-10,13.69,26.26,44.41,2.51,7.82,13.41,0.27,15.22
2003-11,9.01,15.83,27.83,-5.37,-0.03,5.33,0.13,18.65
2003-12,4.56,8.73,14.23,-11.21,-5.83,-0.26,0.02,23.02
2004-01,5.57,10.35,20.28,-13.1,-7.59,-2.15,0.07,16.5
2004-02,8.25,15.57,27.64,-9.56,-3.24,2.61,0.19,19.2
2004-03,8.76,18.33,37.54,-3.41,2.45,7.71,0.16,17.64
2004-04,14.21,30.47,56.27,3.43,9.59,15.2,0.56,14.28
2004-05,22.33,42.98,96.28,7.91,13.4,18.51,1.11,11.34
2004-06,21.83,44.56,103.36,12.65,17.6,22.39,0.93,11.18
2004-07,27.73,57.67,143.8,15.0,19.63,24.33,1.49,8.13
2004-08,26.37,50.61,123.85,13.88,18.48,23.3,1.06,7.92
2004-09,19.11,35.33,79.15,9.42,14.56,19.93,0.65,10.88
2004-10,8.05,16.85,28.17,1.59,7.19,13.09,0.08,17.24
2004-11,8.44,16.69,28.03,-5.16,0.35,6.18,0.16,18.65
2004-12,6.23,11.38,20.2,-10.65,-5.36,0.1,0.03,22.08
2005-01,4.35,9.45,18.98,-13.24,-7.89,-2.55,0.03,19.35
2005-02,7.41,17.32,33.86,-11.74,-6.26,-1.19,0.2,18.16
2005-03,9.14,18.73,40.17,-4.57,1.4,6.78,0.29,17.98
2005-04,14.41,26.27,54.77,2.72,8.66,14.14,0.48,15.16
2005-05,19.44,40.14,101.49,7.91,13.22,18.22,1.08,12.68
2005-06,26.06,54.94,123.25,13.47,18.45,23.39,1.35,10.66
2005-07,26.11,57.22,135.05,15.83,20.2,24.76,1.21,8.78
2005-08,28.04,55.12,134.37,14.17,18.65,23.34,1.22,7.71
2005-09,20.51,38.21,77.71,10.41,15.45,20.76,0.65,11.63
2005-10,10.28,20.87,39.59,2.37,7.71,13.34,0.17,15.18
2005-11,8.34,16.92,26.48,-4.67,0.62,6.37,0.18,20.22
2005-12,4.06,8.12,12.95,-12.47,-7.23,-1.66,0.01,24.48
2006-01,5.75,11.27,18.85,-12.2,-6.92,-1.57,0.08,17.82
2006-02,7.05,13.48,30.22,-9.24,-3.58,1.62,0.08,18.31
2006-03,8.22,16.15,33.13,-4.61,1.67,7.25,0.21,17.39
2006-04,14.69,27.87,58.06,2.05,7.99,13.32,0.56,14.48
2006-05,20.32,39.73,89.91,8.21,13.78,19.0,1.1,12.86
2006-06,22.07,48.27,112.21,13.12,17.97,22.79,1.06,10.66
2006-07,31.69,62.38,141.85,15.81,20.39,25.09,1.4,8.63
2006-08,21.55,45.03,103.33,14.94,19.75,24.82,0.75,9.59
2006-09,16.76,33.06,66.33,9.28,14.54,20.07,0.51,12.81
2006-10,10.62,21.29,41.93,3.68,9.15,14.99,0.27,15.4
2006-11,8.76,17.72,31.46,-4.52,0.88,6.63,0.18,20.69
2006-12,4.62,8.44,13.06,-11.13,-5.76,-0.07,0.04,23.26
2007-01,4.45,9.81,16.67,-12.61,-6.95,-1.01,0.03,21.6
2007-02,7.53,17.34,28.09,-7.96,-1.59,4.46,0.15,21.36
2007-03,12.37,23.15,44.52,-4.08,1.74,6.96,0.33,15.65
2007-04,14.02,24.95,54.74,2.74,8.58,13.92,0.54,15.84
2007-05,19.77,34.71,76.38,8.99,14.75,20.19,0.76,12.43
2007-06,24.07,53.12,109.65,13.18,18.28,23.23,1.17,11.24
2007-07,28.14,58.29,138.55,15.31,19.91,24.58,1.5,9.13
2007-08,27.17,57.27,127.76,14.93,19.57,24.46,1.24,9.98
2007-09,18.59,39.22,78.32,9.76,14.72,19.97,0.59,12.11
2007-10,11.72,23.78,43.08,2.41,7.61,13.16,0.23,16.16
2007-11,4.49,9.25,12.25,-5.22,0.52,6.77,0.03,21.75
2007-12,5.1,9.61,16.11,-9.82,-4.8,0.65,0.06,24.32
2008-01,6.5,15.56,27.66,-13.72,-8.89,-3.89,0.14,17.94
2008-02,5.51,10.95,17.12,-12.38,-6.55,-0.93,0.07,21.65
2008-03,9.71,18.34,40.51,-2.59,3.56,9.24,0.25,18.65
2008-04,14.71,28.25,52.78,2.93,8.9,14.35,0.46,13.9
2008-05,19.72,36.88,85.85,8.73,14.16,19.31,0.82,12.7
2008-06,25.83,53.38,126.48,13.14,18.06,22.9,1.43,10.36
2008-07,30.43,59.15,142.13,15.49,20.03,24.67,1.44,8.89
2008-08,26.57,51.35,124.36,13.81,18.57,23.48,1.21,8.71
2008-09,19.29,37.03,76.1,9.69,14.66,19.96,0.53,9.82
2008-10,16.21,31.91,54.67,2.98,8.21,13.8,0.47,13.84
2008-11,9.44,18.87,25.5,-5.16,0.21,5.92,0.26,18.83
2008-12,3.31,5.86,9.69,-10.63,-5.05,0.66,0.0,25.94
2009-01,3.32,6.31,11.77,-12.56,-6.87,-1.1,0.0,21.61
2009-02,6.45,15.09,27.68,-8.06,-2.19,3.42,0.15,20.02
2009-03,9.43,18.28,41.08,-4.18,1.94,7.38,0.26,16.91
2009-04,14.71,25.3,56.13,3.73,9.63,15.1,0.53,14.6
2009-05,19.08,37.46,78.51,8.23,13.84,19.07,0.75,13.13
2009-06,22.58,45.82,109.95,12.84,17.89,22.85,1.1,10.51
2009-07,28.08,57.22,130.22,15.42,20.01,24.67,1.31,10.33
2009-08,25.57,49.84,111.49,14.07,18.91,23.9,1.06,9.37
2009-09,18.05,35.1,69.39,10.11,15.05,20.35,0.43,11.57
2009-10,9.71,20.3,35.37,2.92,8.37,14.33,0.12,17.4
2009-11,10.24,20.45,30.1,-6.83,-1.62,3.9,0.22,19.1
2009-12,5.14,9.69,18.92,-11.76,-6.57,-1.2,0.04,21.33
2010-01,5.54,11.59,20.84,-12.46,-6.83,-1.16,0.12,20.24
2010-02,7.5,15.87,29.95,-9.89,-4.3,1.12,0.16,20.04
2010-03,10.95,22.82,48.88,-4.91,1.06,6.44,0.41,15.81
2010-04,15.17,30.82,69.12,1.11,6.68,11.72,0.74,12.64
2010-05,23.07,41.44,104.26,8.5,13.63,18.58,1.21,10.41
2010-06,23.75,48.71,114.68,13.37,18.22,23.03,1.24,10.26
2010-07,29.47,61.31,140.55,16.43,20.88,25.55,1.49,9.34
2010-08,23.44,50.71,121.45,14.89,19.5,24.44,1.2,9.36
2010-09,23.26,47.32,98.81,10.3,15.04,20.16,0.85,10.87
2010-10,13.12,24.99,46.14,2.41,7.55,13.1,0.32,13.79
2010-11,5.33,9.23,17.83,-4.97,0.65,6.73,0.03,21.54
2010-12,7.42,15.49,23.2,-11.91,-6.33,-0.56,0.19,21.93
2011-01,3.32,6.34,13.71,-15.89,-10.72,-5.49,0.02,21.13
2011-02,5.42,11.21,18.89,-9.59,-3.62,2.18,0.02,22.26
2011-03,7.9,15.84,28.08,-6.01,-0.08,5.28,0.16,19.12
2011-04,9.52,20.33,35.38,2.54,8.58,14.17,0.16,17.35
2011-05,19.08,35.55,77.64,7.93,13.48,18.68,0.79,12.66
2011-06,24.77,52.33,121.08,13.38,18.19,22.95,1.24,10.06
2011-07,25.66,51.89,124.59,15.55,20.15,24.88,1.13,9.42
2011-08,22.93,48.1,99.75,14.56,19.36,24.42,0.9,10.33
2011-09,18.67,39.93,82.4,9.34,14.23,19.45,0.69,11.74
2011-10,12.09,27.33,43.9,2.69,8.06,13.77,0.25,14.17
2011-11,10.52,18.81,34.88,-3.97,1.24,6.83,0.25,17.02
2011-12,3.35,7.22,10.81,-11.23,-6.26,-0.89,0.01,24.22
2012-01,5.71,11.91,22.82,-14.54,-9.55,-4.29,0.11,19.7
2012-02,5.37,11.06,23.56,-11.09,-5.63,-0.41,0.1,21.31
2012-03,10.28,19.69,42.41,-5.0,0.78,6.09,0.3,16.4
2012-04,14.82,28.32,65.06,2.93,8.86,14.29,0.69,14.51
2012-05,18.48,36.98,84.39,8.52,14.1,19.32,0.84,12.17
2012-06,24.61,56.14,126.62,13.41,17.95,22.62,1.32,10.09
2012-07,33.31,67.71,155.27,15.93,20.19,24.68,1.67,8.15
2012-08,28.33,53.83,114.18,14.57,19.21,24.13,0.99,8.95
2012-09,20.85,39.76,82.86,9.26,14.26,19.59,0.76,10.53
2012-10,11.96,20.92,41.34,1.89,7.32,13.15,0.18,15.53
2012-11,10.72,19.29,40.99,-6.26,-0.94,4.5,0.34,15.85
2012-12,5.59,11.2,23.36,-12.47,-7.34,-2.13,0.05,18.26
2013-01,4.35,7.77,13.26,-13.82,-8.13,-2.25,0.02,18.94
2013-02,6.14,11.83,23.81,-10.09,-4.22,1.38,0.07,17.71
2013-03,9.5,19.05,37.68,-3.14,3.29,9.25,0.33,19.47
2013-04,13.6,26.01,55.79,1.99,7.91,13.33,0.51,14.81
2013-05,21.56,41.15,96.5,8.85,14.18,19.3,1.05,11.42
2013-06,27.06,56.91,115.16,13.49,18.32,23.22,1.16,10.12
2013-07,29.28,58.18,147.61,15.89,20.29,24.88,1.64,7.75
2013-08,27.06,53.12,118.43,15.09,19.87,24.96,1.15,10.08
2013-09,19.86,39.54,80.69,9.25,14.36,19.73,0.67,10.28
2013-10,11.69,21.78,37.78,2.64,8.26,14.27,0.19,16.2
2013-11,9.76,17.35,27.75,-5.31,0.04,5.8,0.19,18.74
2013-12,7.89,15.44,18.69,-11.29,-5.85,0.08,0.24,24.06
2014-01,3.26,5.9,9.98,-12.48,-6.3,0.0,0.0,21.32
2014-02,6.6,12.9,28.69,-10.85,-5.25,0.11,0.11,20.84
2014-03,10.08,20.14,39.69,-3.49,2.62,8.34,0.32,18.49
2014-04,12.65,27.37,53.96,3.13,9.08,14.51,0.46,15.51
2014-05,19.46,37.58,90.94,8.12,13.59,18.76,0.95,12.47
2014-06,23.44,49.84,118.07,13.17,17.88,22.62,1.16,10.59
2014-07,27.24,54.69,129.77,15.53,20.16,24.99,1.2,8.01
2014-08,24.73,49.24,123.97,13.93,18.5,23.38,1.11,8.47
2014-09,21.03,42.19,93.13,9.74,14.7,19.93,0.83,9.67
2014-10,12.66,23.73,39.13,2.9,8.36,14.25,0.29,16.09
2014-11,7.93,15.23,28.44,-4.65,0.56,6.09,0.15,18.12
2014-12,4.07,8.62,12.17,-11.8,-6.5,-0.92,0.03,23.02
2015-01,7.11,13.13,21.43,-11.82,-6.23,-0.49,0.13,18.8
2015-02,6.43,13.54,23.9,-8.93,-3.02,2.67,0.12,20.52
2015-03,9.33,21.11,36.61,-3.16,2.83,8.39,0.2,18.3
2015-04,14.78,29.9,56.55,2.74,8.57,13.96,0.46,13.34
2015-05,20.17,40.71,98.71,8.53,13.9,19.0,1.14,12.03
2015-06,25.05,52.25,129.78,12.89,17.53,22.18,1.4,9.04
2015-07,25.69,51.98,106.64,14.96,19.95,24.91,1.09,10.57
2015-08,24.87,53.02,121.9,14.25,18.97,23.94,1.13,10.02
2015-09,19.16,37.01,87.32,9.72,14.5,19.64,0.68,10.15
2015-10,14.66,28.63,45.91,3.05,8.55,14.44,0.38,16.06
2015-11,11.45,22.77,44.28,-3.45,1.25,6.32,0.39,15.24
2015-12,8.67,15.54,29.96,-10.11,-5.2,-0.05,0.24,19.4
2016-01,6.76,13.6,32.12,-13.48,-8.25,-2.96,0.23,17.59
2016-02,6.44,12.28,18.2,-10.36,-4.25,1.66,0.06,19.83
2016-03,10.81,22.44,40.53,-2.72,3.31,8.85,0.35,19.95
2016-04,15.17,32.5,79.96,3.97,9.62,14.84,0.92,13.98
2016-05,21.32,41.57,100.22,8.2,13.61,18.73,1.14,10.62
2016-06,25.6,53.35,127.38,13.42,18.35,23.26,1.4,9.39
2016-07,32.27,66.55,139.92,16.09,20.68,25.42,1.4,8.78
2016-08,25.38,52.07,119.57,15.37,19.85,24.72,0.97,9.02
2016-09,19.11,41.27,87.67,10.58,15.34,20.47,0.68,11.19
2016-10,16.21,32.99,63.37,2.92,7.81,12.96,0.47,13.7
2016-11,9.47,17.48,33.97,-5.07,0.04,5.51,0.23,17.4
2016-12,5.01,9.0,15.79,-8.56,-3.32,2.36,0.05,21.86
2017-01,5.56,11.47,19.43,-11.48,-6.2,-0.65,0.06,20.74
2017-02,7.46,12.41,20.45,-8.44,-2.58,3.17,0.08,19.56
2017-03,9.56,19.32,47.72,-4.07,1.62,6.87,0.38,18.0
2017-04,12.81,27.22,57.24,3.47,9.19,14.51,0.47,14.04
2017-05,18.77,32.77,71.78,8.57,14.31,19.7,0.7,12.43
2017-06,25.74,55.58,132.08,12.93,17.76,22.49,1.53,9.35
2017-07,27.3,59.44,128.38,16.33,20.96,25.81,1.18,9.07
2017-08,27.41,59.38,136.45,14.87,19.23,23.96,1.31,7.8
2017-09,16.29,32.6,81.07,10.47,15.43,20.73,0.58,10.42
2017-10,13.27,27.16,51.37,2.94,7.97,13.38,0.41,14.93
2017-11,5.79,11.52,22.11,-5.13,0.19,5.88,0.07,21.95
2017-12,2.95,5.5,9.13,-10.2,-4.95,0.79,0.0,24.77
2018-01,7.51,18.51,26.73,-13.01,-7.83,-2.49,0.17,19.76
2018-02,4.64,9.85,16.06,-10.59,-4.58,1.17,0.03,21.23
2018-03,10.15,18.24,39.51,-2.19,4.03,9.89,0.24,17.41
2018-04,14.57,25.56,53.82,3.46,9.43,14.98,0.42,13.61
2018-05,18.04,35.59,81.07,8.8,14.41,19.68,0.72,11.74
2018-06,23.68,51.99,114.02,13.83,18.59,23.35,1.14,10.82
2018-07,29.89,60.83,146.32,16.52,20.81,25.33,1.37,8.08
2018-08,28.01,55.67,140.48,15.5,19.84,24.57,1.29,7.43
2018-09,19.92,40.7,86.44,9.63,14.4,19.49,0.64,9.27
2018-10,8.9,19.09,36.67,1.34,6.89,12.77,0.13,16.64
2018-11,8.26,17.0,30.74,-5.32,-0.13,5.39,0.16,18.29
2018-12,5.99,12.27,24.95,-12.04,-7.1,-2.01,0.05,21.68
2019-01,5.66,10.34,20.12,-12.56,-7.17,-1.75,0.1,19.87
2019-02,6.47,14.78,32.69,-9.92,-4.34,1.0,0.17,17.6
2019-03,9.58,18.71,41.04,-3.75,2.38,8.12,0.37,17.89
2019-04,13.83,24.06,57.21,3.77,9.72,15.24,0.51,15.8
2019-05,19.09,37.75,82.96,7.99,13.4,18.52,0.82,12.54
2019-06,26.16,51.64,121.29,13.13,17.98,22.8,1.36,10.71
2019-07,26.37,56.91,142.85,15.41,19.94,24.63,1.43,8.1
2019-08,26.82,52.63,119.39,14.9,19.59,24.55,1.11,9.41
2019-09,17.61,36.38,68.36,10.39,15.66,21.31,0.52,13.35
2019-10,10.68,21.12,45.23,3.02,8.27,13.95,0.19,16.14
2019-11,6.04,9.96,20.62,-4.31,0.99,6.53,0.04,18.61
2019-12,4.83,9.69,16.04,-11.16,-5.91,-0.19,0.02,21.06
2020-01,8.7,18.23,32.21,-11.83,-6.65,-1.24,0.27,17.16
2020-02,8.33,16.22,30.02,-8.99,-2.93,3.01,0.22,20.07
2020-03,9.36,19.33,45.04,-2.96,2.99,8.45,0.38,16.64
2020-04,11.88,24.15,45.27,2.35,8.34,13.87,0.32,15.83
2020-05,19.54,39.26,83.74,8.75,14.2,19.41,0.84,12.93
2020-06,25.74,53.88,132.45,13.34,18.11,22.87,1.61,9.82
2020-07,27.88,57.99,143.33,15.57,20.02,24.65,1.46,8.59
2020-08,29.43,56.81,141.77,14.92,19.5,24.36,1.62,8.13
2020-09,20.75,43.54,102.45,10.41,15.08,20.15,0.93,10.67
2020-10,10.2,21.36,39.83,2.83,7.93,13.57,0.25,17.54
2020-11,8.92,16.16,23.11,-3.95,1.1,6.66,0.13,21.62
2020-12,3.32,6.0,10.97,-11.69,-6.77,-1.4,0.0,24.35
2021-01,3.67,6.43,12.26,-13.04,-7.2,-1.25,0.0,19.99
2021-02,9.63,16.55,26.55,-7.66,-1.41,4.77,0.19,19.72
2021-03,9.72,20.57,40.4,-1.79,3.99,9.4,0.18,15.95
2021-04,12.11,24.99,53.6,2.46,7.96,13.04,0.32,12.28
2021-05,19.37,42.53,98.32,8.62,13.93,19.02,1.03,11.78
2021-06,23.28,53.72,117.09,13.51,18.26,23.05,1.17,9.61
2021-07,29.4,62.41,140.14,16.51,21.02,25.74,1.43,9.49
2021-08,26.27,58.05,137.27,14.5,18.92,23.64,1.39,9.1
2021-09,21.48,41.31,91.96,10.88,15.97,21.47,0.85,10.36
2021-10,16.88,33.63,61.02,3.01,8.02,13.48,0.53,14.49
2021-11,9.59,17.51,28.83,-5.77,-0.38,5.52,0.2,19.21
2021-12,5.03,8.62,13.78,-10.98,-5.5,0.38,0.05,22.73
2022-01,5.61,12.57,26.25,-12.3,-7.0,-1.38,0.09,19.13
2022-02,7.29,14.88,31.37,-11.81,-6.16,-0.74,0.23,17.96
2022-03,12.35,24.95,49.1,-1.69,4.39,10.15,0.47,20.18
2022-04,15.2,29.85,58.21,3.46,9.47,15.11,0.63,16.46
2022-05,18.66,40.22,93.32,8.83,14.21,19.34,0.93,12.02
2022-06,25.62,55.72,134.44,14.12,18.93,23.74,1.63,10.26
2022-07,25.87,51.97,112.02,16.18,21.06,26.06,1.11,9.97
2022-08,21.98,44.03,103.06,15.54,20.11,25.08,0.83,9.62
2022-09,15.5,33.45,66.2,10.42,15.66,21.27,0.47,13.24
2022-10,12.83,27.87,43.84,2.32,7.64,13.38,0.3,17.35
2022-11,9.84,19.66,36.09,-3.83,1.49,7.15,0.25,18.6
2022-12,3.56,8.37,11.24,-11.94,-6.73,-1.09,0.01,24.38
2023-01,4.26,8.53,13.08,-12.86,-7.07,-1.04,0.04,19.7
2023-02,5.55,12.72,23.16,-7.97,-2.33,3.22,0.05,21.02
2023-03,9.16,21.39,35.56,-2.25,3.99,9.88,0.25,21.01
2023-04,16.22,29.25,61.78,2.5,8.28,13.64,0.6,14.98
2023-05,18.25,34.27,76.38,7.83,13.22,18.28,0.67,11.13
2023-06,21.47,48.1,104.37,13.47,18.54,23.52,1.04,10.98
2023-07,29.02,57.32,135.24,16.27,20.86,25.6,1.39,9.0
2023-08,25.98,51.6,130.52,15.33,19.87,24.7,1.23,8.66
2023-09,20.28,39.79,85.85,10.98,15.95,21.31,0.73,10.69
2023-10,12.64,24.88,45.81,3.64,9.1,15.11,0.3,15.16
2023-11,10.12,17.64,27.25,-5.09,0.52,6.53,0.21,18.46
2023-12,6.22,11.84,18.73,-11.01,-5.6,0.13,0.06,21.9
