Month,pr,r20mm,r50mm,tasmin,tas,hurs,hi35,rx5day
1950-01,26.12,0.36,0.03,11.7,17.73,54.02,0.0,16.52
1950-02,32.82,0.3,0.03,11.52,17.8,51.17,0.0,23.39
1950-03,76.44,0.74,0.03,15.25,21.1,57.22,0.0,38.71
1950-04,27.66,0.23,0.02,19.6,26.6,41.02,0.26,16.98
1950-05,70.18,0.66,0.15,23.49,29.38,47.42,5.16,42.97
1950-06,135.93,1.74,0.31,24.28,28.58,60.28,8.03,64.23
1950-07,350.83,4.89,1.04,22.95,25.44,79.81,1.92,147.16
1950-08,240.99,2.89,0.61,22.39,25.07,80.25,0.58,114.13
1950-09,157.7,1.43,0.2,21.22,24.36,80.25,0.33,76.35
1950-10,137.58,1.19,0.06,18.22,21.98,77.57,0.0,56.5
1950-11,89.68,1.18,0.32,14.01,18.65,72.17,0.0,60.83
1950-12,53.53,0.47,0.04,12.03,16.6,71.94,0.0,29.41
1951-01,52.08,0.46,0.05,10.87,15.82,69.67,0.0,25.87
1951-02,19.17,0.21,0.01,11.95,18.3,56.23,0.0,16.95
1951-03,75.72,0.79,0.04,15.94,21.79,55.73,0.0,38.36
1951-04,62.78,0.56,0.07,18.52,24.55,54.13,0.17,32.58
1951-05,87.96,0.83,0.05,22.56,28.07,53.17,2.48,43.96
1951-06,154.93,1.99,0.42,23.7,27.87,63.63,6.27,72.69
1951-07,243.87,3.06,0.6,23.29,26.41,74.19,4.67,104.3
1951-08,231.9,2.48,0.51,22.79,25.32,81.42,0.93,101.38
1951-09,140.39,1.41,0.18,21.74,25.28,75.83,0.39,72.78
1951-10,101.73,0.97,0.11,19.9,24.03,72.49,0.04,58.31
1951-11,53.16,0.41,0.04,15.62,20.41,67.71,0.0,30.69
1951-12,11.15,0.07,0.01,11.06,17.0,57.69,0.0,10.62
1952-01,32.09,0.35,0.01,11.63,17.2,61.35,0.0,25.53
1952-02,51.59,0.6,0.02,12.88,18.7,59.42,0.0,29.42
1952-03,55.67,0.55,0.05,15.02,21.43,52.61,0.0,27.98
1952-04,72.65,0.72,0.06,19.89,25.71,53.99,0.31,37.32
1952-05,92.4,0.86,0.04,22.65,27.96,56.21,2.74,44.82
1952-06,187.93,2.38,0.47,23.36,27.27,67.91,5.52,86.36
1952-07,281.13,3.59,0.71,23.11,25.93,78.27,2.55,122.7
1952-08,253.18,2.77,0.42,22.46,24.9,82.81,0.31,97.15
1952-09,106.71,0.88,0.08,21.56,25.12,73.99,0.02,45.89
1952-10,71.87,0.76,0.16,18.86,23.77,62.86,0.0,47.0
1952-11,15.26,0.15,0.04,14.45,20.53,50.75,0.0,13.64
1952-12,49.86,0.47,0.02,11.47,16.79,59.32,0.0,25.56
1953-01,69.02,0.76,0.07,9.78,15.08,64.37,0.0,34.94
1953-02,47.15,0.29,0.02,12.97,18.6,64.06,0.0,25.44
1953-03,55.05,0.55,0.04,17.21,23.53,51.89,0.08,27.03
1953-04,64.43,0.57,0.04,19.13,25.21,50.96,0.18,32.72
1953-05,85.65,0.83,0.09,22.37,27.71,54.71,1.32,36.23
1953-06,186.97,2.3,0.4,23.41,27.36,65.96,4.54,94.28
1953-07,308.73,4.17,0.91,22.63,25.34,80.31,1.12,126.28
1953-08,303.37,3.51,0.75,22.26,24.7,83.97,0.68,126.45
1953-09,186.22,1.46,0.24,21.11,24.13,83.23,0.12,79.55
1953-10,92.83,0.38,0.01,18.05,22.17,77.53,0.0,47.2
1953-11,15.22,0.07,0.0,13.63,19.19,62.8,0.0,10.8
1953-12,23.26,0.29,0.01,12.52,18.34,57.9,0.0,22.46
1954-01,32.77,0.37,0.02,10.92,16.37,56.38,0.0,22.46
1954-02,38.21,0.46,0.01,14.67,20.28,54.72,0.0,22.96
1954-03,19.39,0.12,0.01,17.65,24.03,39.38,0.0,13.08
1954-04,25.72,0.22,0.02,21.88,28.5,34.9,0.69,14.52
1954-05,55.57,0.58,0.06,24.63,30.62,41.56,7.04,27.6
1954-06,169.22,2.04,0.46,24.75,28.73,62.7,10.82,75.34
1954-07,329.33,4.27,0.91,23.17,25.93,80.73,4.64,126.82
1954-08,249.66,3.19,0.64,22.89,25.77,79.73,2.37,115.27
1954-09,238.45,2.85,0.59,22.03,24.87,81.29,1.19,102.07
1954-10,73.6,0.85,0.17,17.56,22.46,68.08,0.0,56.3
1954-11,5.18,0.01,0.0,13.95,19.91,50.89,0.0,3.08
1954-12,17.81,0.13,0.02,11.49,17.28,47.29,0.0,13.73
1955-01,24.78,0.18,0.0,11.95,17.41,50.71,0.0,16.29
1955-02,6.01,0.03,0.0,13.75,20.15,39.77,0.0,6.46
1955-03,20.19,0.25,0.03,18.58,25.26,33.3,0.02,12.11
1955-04,28.6,0.28,0.04,20.17,26.91,31.86,0.1,20.69
1955-05,65.82,0.74,0.2,23.71,29.49,42.92,3.46,41.62
1955-06,191.69,2.77,0.47,24.6,28.6,60.88,8.65,99.94
1955-07,233.58,3.07,0.49,23.39,26.32,75.12,3.62,99.98
1955-08,309.29,3.48,0.49,22.49,25.01,84.35,1.03,116.0
1955-09,238.4,2.63,0.36,21.81,24.85,84.08,0.57,99.81
1955-10,142.23,1.52,0.36,18.75,22.79,75.95,0.04,82.33
1955-11,31.58,0.39,0.09,13.64,19.13,60.66,0.0,25.9
1955-12,9.75,0.09,0.03,11.39,16.92,54.51,0.0,8.99
1956-01,15.25,0.08,0.0,11.45,17.12,50.32,0.0,13.53
1956-02,10.38,0.1,0.0,12.53,19.31,35.45,0.0,9.07
1956-03,20.24,0.25,0.02,18.04,24.72,34.71,0.0,11.08
1956-04,25.77,0.3,0.06,21.94,28.67,32.78,0.7,17.57
1956-05,91.81,1.23,0.18,24.77,30.1,46.81,7.36,52.9
1956-06,208.28,2.95,0.67,24.13,27.65,65.97,5.71,117.42
1956-07,350.74,4.49,0.85,22.46,25.02,83.17,2.03,144.67
1956-08,269.06,3.45,0.54,22.33,25.02,82.88,1.17,114.08
1956-09,166.93,1.87,0.24,21.82,25.1,78.28,1.03,81.66
1956-10,157.05,1.71,0.32,18.73,22.71,78.31,0.07,87.81
1956-11,37.4,0.26,0.02,14.2,19.3,65.94,0.0,32.45
1956-12,14.29,0.06,0.0,11.59,17.02,59.25,0.0,9.09
1957-01,31.73,0.42,0.04,11.6,17.0,57.26,0.0,20.24
1957-02,9.39,0.07,0.0,12.21,18.57,39.03,0.0,8.16
1957-03,18.85,0.12,0.01,16.64,22.88,39.29,0.0,11.56
1957-04,20.78,0.22,0.03,21.57,27.8,34.96,0.41,11.23
1957-05,62.99,0.76,0.24,24.4,30.12,39.65,4.41,35.12
1957-06,141.22,1.93,0.28,24.85,29.14,56.07,8.0,80.3
1957-07,301.97,4.5,0.84,23.33,26.26,77.42,4.99,123.86
1957-08,293.97,4.13,0.73,22.81,25.69,81.14,3.87,119.24
1957-09,124.18,1.55,0.25,21.59,25.49,72.61,0.49,76.31
1957-10,61.77,0.53,0.04,18.91,24.17,62.01,0.02,36.17
1957-11,29.43,0.26,0.03,14.85,20.67,58.58,0.0,18.12
1957-12,16.5,0.17,0.01,12.17,17.96,60.33,0.0,11.19
1958-01,17.7,0.11,0.0,12.02,18.1,56.88,0.0,12.85
1958-02,13.34,0.1,0.0,13.05,19.67,45.97,0.0,9.15
1958-03,14.45,0.11,0.01,17.45,24.41,38.18,0.0,10.14
1958-04,38.88,0.35,0.06,22.12,28.57,41.16,1.87,19.4
1958-05,61.73,0.65,0.19,23.95,30.08,42.78,5.56,27.89
1958-06,144.12,1.8,0.38,25.08,29.94,55.09,12.45,79.89
1958-07,370.42,5.63,1.28,23.36,26.1,80.91,5.88,155.32
1958-08,317.92,4.21,0.75,23.0,25.81,82.01,3.83,124.09
1958-09,217.04,2.61,0.42,22.3,25.24,81.39,1.44,104.14
1958-10,98.59,1.0,0.16,19.29,23.72,73.11,0.09,60.6
1958-11,38.53,0.32,0.08,15.08,20.55,60.65,0.0,28.33
1958-12,11.96,0.1,0.02,11.96,17.6,58.68,0.0,7.09
1959-01,26.77,0.29,0.01,11.86,17.15,60.53,0.0,17.64
1959-02,19.84,0.23,0.03,13.31,19.32,50.95,0.0,10.85
1959-03,20.27,0.28,0.02,17.57,24.5,37.43,0.0,11.1
1959-04,29.53,0.3,0.03,21.98,28.31,40.14,0.96,18.99
1959-05,78.78,0.99,0.18,24.57,30.28,44.55,7.29,43.19
1959-06,177.45,2.24,0.61,24.73,28.77,62.12,10.53,94.87
1959-07,357.92,5.27,1.13,23.24,25.77,80.02,3.91,138.77
1959-08,292.0,3.9,0.76,23.02,25.47,81.72,2.84,127.35
1959-09,233.45,2.73,0.49,22.36,25.18,81.17,0.7,110.94
1959-10,112.73,1.05,0.29,20.0,23.95,73.3,0.03,68.73
1959-11,23.81,0.24,0.03,14.86,20.06,61.24,0.0,16.19
1959-12,7.18,0.03,0.0,11.86,17.49,56.02,0.0,5.45
1960-01,13.25,0.1,0.01,11.2,16.77,55.52,0.0,9.07
1960-02,4.72,0.02,0.0,14.03,20.86,41.4,0.0,4.3
1960-03,31.75,0.31,0.01,17.23,23.2,45.53,0.0,16.25
1960-04,22.17,0.15,0.01,21.28,27.9,36.24,0.6,11.44
1960-05,59.11,0.69,0.13,24.2,30.12,42.21,5.98,28.66
1960-06,156.51,1.92,0.32,24.81,28.91,61.07,11.16,87.99
1960-07,329.53,4.72,1.13,23.51,26.22,79.29,4.68,134.44
1960-08,285.92,3.83,0.79,23.25,25.71,80.71,3.04,118.25
1960-09,151.29,1.54,0.22,22.53,25.86,75.49,1.41,67.79
1960-10,66.67,0.68,0.11,19.18,23.9,63.17,0.07,48.76
1960-11,32.95,0.33,0.02,14.41,19.93,54.22,0.0,16.92
1960-12,14.97,0.15,0.03,12.52,18.05,54.94,0.0,14.93
1961-01,23.76,0.25,0.01,11.49,17.13,57.93,0.0,22.69
1961-02,29.03,0.36,0.02,11.93,17.95,52.84,0.0,23.76
1961-03,22.79,0.24,0.03,17.57,24.34,42.43,0.03,12.99
1961-04,31.83,0.25,0.02,21.14,27.68,43.13,1.6,16.03
1961-05,75.79,0.85,0.21,24.05,29.45,49.11,5.84,38.11
1961-06,193.26,2.5,0.54,24.07,27.82,66.83,7.67,104.03
1961-07,315.31,4.09,1.07,23.39,26.03,80.72,5.4,130.19
1961-08,276.93,3.44,0.56,23.28,25.79,82.45,3.26,109.98
1961-09,218.2,2.38,0.47,22.45,25.24,81.32,1.45,91.42
1961-10,110.27,1.12,0.15,18.82,23.2,71.8,0.0,66.02
1961-11,18.07,0.08,0.0,13.68,19.2,63.38,0.0,13.66
1961-12,10.9,0.08,0.0,9.62,15.53,60.06,0.0,8.64
1962-01,15.85,0.16,0.0,9.06,15.48,55.44,0.0,12.15
1962-02,18.83,0.09,0.0,13.09,19.26,55.68,0.0,11.55
1962-03,15.62,0.15,0.03,16.58,23.31,45.44,0.0,12.6
1962-04,43.01,0.35,0.03,21.14,27.32,46.02,0.45,25.34
1962-05,73.31,0.8,0.16,23.59,29.33,49.04,6.77,34.89
1962-06,118.45,1.43,0.31,24.45,28.65,60.02,7.63,57.63
1962-07,313.81,4.48,0.96,23.63,26.57,77.3,6.35,126.05
1962-08,284.06,3.72,0.6,22.99,25.71,80.69,2.56,108.19
1962-09,204.38,2.29,0.43,21.89,25.13,79.34,1.48,95.63
1962-10,76.04,0.81,0.08,17.92,23.1,64.23,0.01,38.63
1962-11,21.6,0.14,0.0,13.9,19.82,58.58,0.0,19.7
1962-12,30.82,0.36,0.04,11.41,16.83,64.62,0.0,26.78
1963-01,8.6,0.07,0.0,10.49,16.37,49.6,0.0,6.52
1963-02,9.46,0.06,0.0,14.02,20.48,42.5,0.0,7.34
1963-03,28.43,0.29,0.05,17.46,23.75,40.35,0.0,17.21
1963-04,41.57,0.32,0.05,21.2,27.05,43.83,0.24,19.58
1963-05,60.37,0.56,0.05,24.02,29.48,46.71,4.7,24.96
1963-06,186.2,2.58,0.46,24.39,28.35,64.18,9.12,79.95
1963-07,279.12,3.96,0.86,23.81,26.72,75.01,5.32,120.02
1963-08,307.88,3.93,0.57,23.08,25.51,82.69,2.0,105.21
1963-09,151.39,1.65,0.29,21.82,25.29,75.64,0.96,77.07
1963-10,98.23,1.1,0.21,19.74,24.23,67.09,0.0,58.09
1963-11,30.23,0.21,0.02,16.28,21.09,63.51,0.0,18.96
1963-12,17.93,0.2,0.03,12.21,17.66,56.17,0.0,14.21
1964-01,14.95,0.17,0.02,10.46,16.9,50.24,0.0,10.03
1964-02,12.41,0.09,0.0,13.21,20.12,43.99,0.0,7.85
1964-03,13.7,0.11,0.0,17.79,25.17,35.72,0.0,8.27
1964-04,36.69,0.43,0.07,21.75,28.7,38.2,1.31,18.3
1964-05,52.26,0.51,0.11,23.3,29.73,43.47,4.67,30.08
1964-06,182.34,2.59,0.51,24.43,28.81,58.94,7.82,93.64
1964-07,368.35,5.33,1.04,22.92,25.47,81.61,2.61,136.38
1964-08,321.03,4.31,0.76,22.78,25.13,83.17,2.27,128.83
1964-09,212.17,2.39,0.37,21.75,24.76,80.33,0.28,89.71
1964-10,80.89,0.57,0.07,18.86,23.63,68.16,0.0,44.42
1964-11,26.62,0.16,0.03,13.91,19.94,55.31,0.0,17.06
1964-12,14.04,0.16,0.02,11.04,17.38,52.35,0.0,10.9
1965-01,9.47,0.04,0.0,11.87,18.0,53.45,0.0,8.2
1965-02,19.63,0.23,0.02,12.82,19.56,45.83,0.0,11.83
1965-03,29.35,0.26,0.0,15.91,22.99,40.77,0.0,20.16
1965-04,39.35,0.29,0.02,19.98,26.51,44.4,0.42,24.8
1965-05,52.79,0.62,0.06,23.08,29.28,43.09,3.14,23.66
1965-06,164.93,2.26,0.54,24.34,28.91,57.03,8.17,78.74
1965-07,334.3,5.04,1.22,23.06,25.94,76.18,3.62,138.6
1965-08,237.05,3.13,0.41,22.42,25.27,79.27,1.28,104.54
1965-09,134.53,1.63,0.22,21.51,25.21,74.22,0.33,73.27
1965-10,46.17,0.37,0.02,19.2,24.54,62.55,0.02,26.27
1965-11,17.1,0.1,0.01,15.44,21.5,53.32,0.0,11.22
1965-12,25.17,0.29,0.07,11.61,17.75,51.37,0.0,19.18
1966-01,19.94,0.14,0.01,11.26,17.49,54.41,0.0,18.9
1966-02,16.44,0.19,0.01,14.12,21.05,46.26,0.0,11.38
1966-03,16.65,0.16,0.01,16.53,23.92,35.87,0.0,9.31
1966-04,35.12,0.28,0.02,20.85,27.64,38.95,0.83,21.86
1966-05,60.11,0.81,0.18,23.43,29.68,42.51,5.0,40.99
1966-06,226.56,3.13,0.7,24.01,27.98,64.82,6.61,104.72
1966-07,320.91,4.57,0.95,23.51,26.42,76.97,5.31,141.84
1966-08,243.93,2.77,0.45,22.88,25.41,81.09,1.03,109.36
1966-09,170.58,2.11,0.32,21.23,24.67,77.68,0.12,97.72
1966-10,65.68,0.66,0.06,18.54,23.81,61.98,0.02,34.74
1966-11,69.85,0.9,0.19,15.8,20.9,60.17,0.0,44.85
1966-12,18.7,0.15,0.02,10.98,16.98,54.92,0.0,21.17
1967-01,13.67,0.09,0.01,9.75,16.5,51.82,0.0,10.7
1967-02,11.34,0.14,0.01,13.02,20.78,41.31,0.0,6.87
1967-03,68.49,0.73,0.05,16.14,22.65,51.33,0.0,42.77
1967-04,38.87,0.29,0.03,20.04,27.0,44.02,0.6,22.44
1967-05,53.82,0.59,0.1,23.16,29.76,43.94,6.11,27.45
1967-06,188.29,2.45,0.47,24.23,28.87,60.67,9.2,97.28
1967-07,330.45,4.74,0.98,23.58,26.39,78.89,5.7,135.32
1967-08,326.7,4.43,0.84,22.96,25.49,82.23,2.22,127.24
1967-09,188.16,2.23,0.36,22.13,25.48,77.22,0.68,98.62
1967-10,52.91,0.48,0.06,18.41,23.96,61.99,0.01,32.25
1967-11,17.0,0.15,0.01,14.28,20.48,56.77,0.0,17.51
1967-12,55.77,0.57,0.04,13.39,18.02,71.48,0.0,33.62
1968-01,31.08,0.32,0.01,10.56,16.14,62.73,0.0,20.46
1968-02,23.07,0.21,0.01,12.44,18.5,53.98,0.0,16.43
1968-03,29.25,0.26,0.01,16.88,23.19,46.86,0.11,20.82
1968-04,44.24,0.32,0.03,20.67,26.95,44.61,0.37,22.53
1968-05,60.2,0.66,0.19,23.4,29.45,44.13,5.07,29.21
1968-06,183.85,2.53,0.51,24.44,28.77,62.13,9.76,88.73
1968-07,360.67,5.16,1.11,23.46,26.36,78.57,4.73,148.88
1968-08,222.6,2.82,0.54,23.14,26.09,76.84,2.84,105.8
1968-09,158.15,1.6,0.27,22.68,26.35,72.08,1.55,76.25
1968-10,80.26,0.77,0.16,18.52,23.71,64.01,0.05,54.25
1968-11,23.42,0.2,0.03,14.34,20.31,56.86,0.0,16.72
1968-12,14.11,0.12,0.01,11.3,17.41,55.49,0.0,9.56
1969-01,13.5,0.14,0.01,10.47,17.04,51.79,0.0,7.53
1969-02,12.21,0.12,0.01,13.61,20.24,46.86,0.0,7.9
1969-03,17.83,0.15,0.0,18.68,25.47,42.15,0.05,11.17
1969-04,43.34,0.51,0.05,21.75,28.26,41.76,1.88,26.73
1969-05,69.05,0.76,0.12,23.82,29.36,49.77,7.87,42.24
1969-06,121.4,1.37,0.21,24.9,29.21,60.76,12.6,57.67
1969-07,303.76,4.46,0.81,23.72,26.59,77.7,6.8,122.58
1969-08,226.27,2.57,0.57,23.12,25.95,79.31,3.1,106.03
1969-09,156.27,1.83,0.24,22.1,25.56,75.49,1.54,80.53
1969-10,58.92,0.64,0.05,19.25,24.51,62.04,0.01,27.81
1969-11,41.29,0.43,0.07,16.23,21.43,61.7,0.0,28.06
1969-12,18.58,0.2,0.04,11.74,17.53,57.51,0.0,13.43
1970-01,23.24,0.19,0.01,11.43,17.2,59.97,0.0,14.56
1970-02,22.88,0.2,0.02,13.58,19.49,55.11,0.0,17.99
1970-03,28.92,0.22,0.02,17.46,23.57,48.66,0.03,20.33
1970-04,33.93,0.26,0.03,21.85,28.19,43.52,2.44,16.83
1970-05,75.52,0.71,0.09,24.63,30.09,50.09,10.01,41.7
1970-06,215.15,2.67,0.45,23.99,27.59,71.02,8.75,98.19
1970-07,251.2,3.52,0.58,23.71,26.65,76.6,5.9,107.26
1970-08,308.28,3.95,0.58,23.34,25.81,82.93,3.77,113.99
1970-09,199.61,2.18,0.42,22.51,25.46,80.02,1.39,104.11
1970-10,62.33,0.54,0.08,19.47,24.37,65.87,0.04,34.88
1970-11,15.75,0.16,0.02,13.43,19.72,54.15,0.0,9.44
1970-12,3.57,0.02,0.0,9.99,16.72,52.8,0.0,2.31
1971-01,19.78,0.11,0.0,10.61,16.45,58.05,0.0,13.62
1971-02,22.08,0.19,0.02,12.78,19.24,50.78,0.0,15.12
1971-03,15.66,0.13,0.01,16.57,23.48,42.57,0.0,16.67
1971-04,57.36,0.57,0.03,21.46,27.43,49.6,0.33,29.61
1971-05,81.12,0.59,0.04,23.23,28.42,54.92,4.35,44.14
1971-06,242.23,3.45,0.67,23.74,26.98,72.25,5.24,115.5
1971-07,278.63,3.82,0.75,23.21,26.01,77.95,2.52,110.71
1971-08,264.51,3.4,0.49,22.88,25.5,80.52,1.28,108.75
1971-09,147.69,1.52,0.23,22.03,25.74,73.99,0.76,81.92
1971-10,94.91,0.95,0.16,19.26,23.73,69.63,0.05,56.27
1971-11,14.02,0.13,0.03,13.76,19.81,57.73,0.0,15.94
1971-12,11.36,0.11,0.01,10.88,17.32,55.21,0.0,6.87
1972-01,12.55,0.1,0.0,10.61,17.06,54.83,0.0,7.89
1972-02,25.15,0.24,0.01,11.61,17.94,51.65,0.0,17.39
1972-03,18.91,0.22,0.01,17.5,24.4,43.22,0.02,9.87
1972-04,38.05,0.39,0.06,20.81,27.19,43.83,0.56,18.17
1972-05,56.61,0.7,0.17,23.97,30.08,44.51,6.62,33.91
1972-06,136.77,1.66,0.4,25.03,29.72,57.17,12.27,83.51
1972-07,201.31,2.63,0.54,24.0,27.11,72.89,6.53,107.22
1972-08,252.74,3.5,0.59,23.13,26.01,76.91,2.63,105.62
1972-09,127.78,1.27,0.33,21.73,25.83,70.4,1.31,72.9
1972-10,60.3,0.49,0.02,19.05,24.15,62.26,0.02,34.68
1972-11,31.38,0.27,0.02,14.89,20.69,60.54,0.0,25.03
1972-12,25.91,0.29,0.06,12.87,18.42,60.61,0.0,18.95
1973-01,23.58,0.26,0.02,11.38,17.51,55.09,0.0,12.47
1973-02,21.98,0.22,0.03,14.45,20.69,52.43,0.0,18.08
1973-03,22.3,0.2,0.03,17.42,24.15,42.54,0.0,15.84
1973-04,31.01,0.35,0.07,22.63,29.26,40.27,3.32,16.06
1973-05,58.22,0.59,0.11,24.78,30.39,48.24,10.4,26.88
1973-06,180.85,2.35,0.43,24.82,28.73,64.29,10.93,82.09
1973-07,306.37,4.32,0.96,23.72,26.55,77.86,6.29,130.02
1973-08,314.4,4.23,0.68,23.01,25.56,82.9,2.98,122.71
1973-09,177.29,1.72,0.27,22.39,25.53,79.28,1.42,84.11
1973-10,101.84,1.07,0.16,19.26,23.81,69.56,0.03,56.2
1973-11,18.4,0.15,0.03,14.16,20.07,59.71,0.0,12.92
1973-12,19.42,0.21,0.04,11.06,16.76,61.14,0.0,13.72
1974-01,11.12,0.12,0.0,9.97,16.53,53.2,0.0,5.39
1974-02,11.49,0.11,0.0,12.25,18.98,47.14,0.0,7.71
1974-03,22.95,0.23,0.02,17.87,24.73,42.44,0.01,15.02
1974-04,30.69,0.3,0.03,22.13,28.39,43.08,1.72,14.12
1974-05,64.49,0.58,0.12,23.87,29.33,48.99,4.4,31.59
1974-06,115.89,1.29,0.22,24.28,28.66,60.32,8.49,65.38
1974-07,275.56,3.74,0.68,23.56,26.54,76.76,4.92,105.69
1974-08,224.89,2.99,0.6,23.17,26.2,77.16,4.15,111.85
1974-09,114.2,0.81,0.08,22.33,26.11,72.36,1.07,49.07
1974-10,83.14,0.67,0.07,19.52,24.23,67.58,0.33,42.35
1974-11,13.14,0.12,0.0,13.68,20.02,52.86,0.0,10.93
1974-12,12.21,0.09,0.01,10.39,16.45,56.83,0.0,6.64
1975-01,19.82,0.14,0.01,10.02,16.06,56.44,0.0,11.95
1975-02,19.33,0.14,0.01,13.04,19.12,52.67,0.0,12.13
1975-03,25.18,0.27,0.02,16.78,23.47,42.67,0.0,13.96
1975-04,27.5,0.33,0.07,21.37,28.36,37.98,1.04,14.46
1975-05,57.39,0.56,0.12,24.37,30.15,45.67,7.46,29.37
1975-06,194.25,2.7,0.6,24.21,28.25,64.24,8.08,102.83
1975-07,304.89,4.07,0.74,23.11,25.88,79.97,3.39,127.19
1975-08,283.91,3.41,0.64,23.14,25.75,82.34,3.72,123.25
1975-09,221.68,2.22,0.36,22.06,25.03,82.11,0.65,95.8
1975-10,102.77,0.65,0.09,20.1,24.17,73.45,0.02,50.91
1975-11,22.92,0.26,0.05,12.95,19.01,58.15,0.0,17.69
1975-12,5.86,0.04,0.0,10.1,16.56,55.23,0.0,3.69
1976-01,11.62,0.08,0.0,10.65,16.71,57.56,0.0,7.65
1976-02,19.41,0.21,0.01,13.06,19.48,51.46,0.0,13.28
1976-03,21.43,0.2,0.01,17.24,23.89,44.0,0.0,12.17
1976-04,30.2,0.28,0.03,20.94,27.23,44.51,0.77,17.75
1976-05,43.02,0.38,0.05,23.63,29.46,47.41,5.19,28.89
1976-06,170.4,2.07,0.63,23.86,28.03,64.28,7.18,97.52
1976-07,302.78,4.13,0.73,23.55,26.45,78.26,5.45,123.21
1976-08,278.92,3.24,0.67,22.78,25.41,81.96,1.46,126.49
1976-09,128.34,1.1,0.2,21.64,25.32,75.95,0.3,77.78
1976-10,32.75,0.32,0.09,18.84,24.68,57.78,0.08,23.18
1976-11,60.44,0.68,0.11,16.68,21.84,64.1,0.0,36.96
1976-12,7.18,0.02,0.0,11.66,17.76,57.94,0.0,4.71
1977-01,18.26,0.16,0.01,10.43,16.69,54.45,0.0,12.75
1977-02,10.25,0.08,0.0,13.36,19.86,49.32,0.0,7.94
1977-03,12.44,0.08,0.01,18.23,25.16,41.77,0.03,9.71
1977-04,51.68,0.57,0.09,21.42,27.29,49.3,1.07,23.35
1977-05,65.06,0.58,0.09,23.07,28.38,53.69,4.83,32.56
1977-06,175.96,2.26,0.43,24.12,28.25,64.8,8.23,97.61
1977-07,295.27,3.68,0.7,23.58,26.22,81.0,4.44,116.46
1977-08,211.37,2.33,0.44,23.29,26.0,79.95,3.41,96.54
1977-09,118.67,0.94,0.15,22.24,25.63,76.3,1.18,69.97
1977-10,61.88,0.57,0.08,19.5,24.45,65.66,0.02,37.88
1977-11,57.73,0.58,0.14,16.96,21.78,66.63,0.0,36.22
1977-12,11.92,0.1,0.0,11.54,17.38,60.78,0.0,10.29
1978-01,11.89,0.11,0.0,10.25,16.23,57.79,0.0,8.33
1978-02,27.54,0.2,0.0,13.17,18.82,58.81,0.0,17.13
1978-03,27.8,0.28,0.02,16.39,22.63,49.56,0.02,15.64
1978-04,23.21,0.14,0.01,21.23,27.56,45.81,1.19,12.78
1978-05,52.28,0.59,0.12,24.82,30.59,47.68,11.03,25.98
1978-06,207.73,2.89,0.58,24.45,28.24,67.41,10.22,108.92
1978-07,275.47,3.25,0.53,23.42,25.98,81.63,3.66,106.42
1978-08,269.87,3.39,0.67,23.24,25.67,82.0,3.44,108.73
1978-09,139.42,1.32,0.25,22.13,25.44,77.01,0.37,73.79
1978-10,45.54,0.27,0.07,18.94,24.26,64.08,0.05,28.89
1978-11,39.0,0.37,0.05,15.72,21.06,63.61,0.0,30.19
1978-12,18.03,0.17,0.03,11.3,17.1,62.3,0.0,18.79
1979-01,20.13,0.17,0.0,11.58,17.69,61.78,0.0,13.57
1979-02,33.84,0.36,0.02,12.55,18.77,58.67,0.0,23.32
1979-03,23.38,0.31,0.04,15.93,23.11,44.11,0.0,15.77
1979-04,19.73,0.14,0.01,21.03,28.36,40.44,1.33,12.39
1979-05,46.58,0.47,0.1,23.24,29.33,45.6,4.55,33.35
1979-06,153.27,2.05,0.44,24.96,29.57,59.58,13.12,90.4
1979-07,226.56,2.86,0.49,24.08,27.12,75.44,7.48,105.03
1979-08,193.01,2.37,0.62,23.34,26.42,76.16,4.69,107.58
1979-09,119.98,1.09,0.11,21.79,26.09,70.78,1.21,53.32
1979-10,34.72,0.25,0.04,19.45,24.95,61.37,0.06,26.13
1979-11,78.13,0.84,0.1,16.87,22.03,65.42,0.0,43.51
1979-12,12.55,0.06,0.0,12.09,17.95,63.42,0.0,15.09
1980-01,8.62,0.04,0.0,10.88,17.36,57.33,0.0,6.09
1980-02,16.74,0.14,0.01,13.42,20.31,48.93,0.0,10.54
1980-03,26.22,0.25,0.01,16.97,23.83,44.57,0.02,15.19
1980-04,33.73,0.3,0.04,21.74,28.97,41.07,2.47,15.8
1980-05,61.94,0.69,0.12,24.37,30.65,45.5,9.05,34.92
1980-06,239.81,3.21,0.55,23.91,27.9,70.15,9.39,107.42
1980-07,290.43,3.63,0.61,23.42,26.35,79.62,4.39,113.63
1980-08,245.26,3.09,0.52,22.83,25.97,79.92,3.78,97.9
1980-09,133.07,1.38,0.22,22.04,26.03,73.71,1.14,63.23
1980-10,48.57,0.53,0.09,19.13,24.73,60.51,0.02,32.71
1980-11,23.43,0.26,0.03,14.98,21.03,57.69,0.0,16.78
1980-12,20.65,0.2,0.01,11.65,17.74,59.56,0.0,16.8
1981-01,28.25,0.22,0.01,10.68,16.71,61.63,0.0,17.64
1981-02,14.0,0.13,0.01,13.21,20.1,49.69,0.0,8.73
1981-03,36.28,0.28,0.01,16.71,23.22,50.33,0.02,19.07
1981-04,31.84,0.32,0.03,20.74,27.67,43.74,1.13,17.1
1981-05,61.09,0.55,0.05,23.42,29.56,50.33,6.67,28.54
1981-06,138.3,1.69,0.33,24.29,29.14,60.13,10.77,78.59
1981-07,267.0,3.36,0.53,23.26,26.32,79.23,4.31,105.08
1981-08,208.26,2.47,0.44,22.89,26.02,79.32,3.81,89.58
1981-09,161.18,1.47,0.17,22.23,25.83,77.07,1.59,66.33
1981-10,43.51,0.39,0.03,18.63,24.02,62.87,0.02,33.76
1981-11,26.57,0.3,0.05,13.59,19.52,61.46,0.0,25.81
1981-12,14.52,0.1,0.03,10.81,17.0,59.09,0.0,12.57
1982-01,24.89,0.19,0.01,11.91,17.44,64.37,0.0,15.64
1982-02,20.33,0.17,0.0,13.19,19.02,57.37,0.0,16.04
1982-03,29.04,0.3,0.01,16.25,22.66,50.73,0.0,18.91
1982-04,40.55,0.42,0.03,20.53,26.84,47.87,0.91,20.1
1982-05,51.38,0.4,0.06,22.85,28.58,51.25,3.81,31.58
1982-06,125.34,1.45,0.32,24.16,28.67,62.19,9.54,58.58
1982-07,219.65,2.5,0.51,24.03,27.42,72.91,8.15,96.6
1982-08,261.1,3.16,0.57,23.34,25.98,80.71,3.88,101.69
1982-09,103.13,1.09,0.17,21.9,25.95,71.44,1.58,61.5
1982-10,45.77,0.36,0.07,19.37,24.57,63.92,0.03,31.57
1982-11,46.46,0.49,0.1,15.35,20.46,66.45,0.0,36.8
1982-12,13.72,0.12,0.01,11.8,17.69,59.86,0.0,8.51
1983-01,17.15,0.19,0.02,10.37,16.51,58.25,0.0,13.53
1983-02,19.83,0.16,0.0,12.66,18.77,54.14,0.0,12.81
1983-03,27.91,0.38,0.06,16.66,23.45,44.33,0.06,13.1
1983-04,56.1,0.77,0.13,20.16,26.43,47.64,1.71,38.51
1983-05,63.61,0.54,0.08,23.33,29.12,52.41,6.22,31.77
1983-06,145.73,1.87,0.35,24.5,29.19,60.07,10.93,95.79
1983-07,274.24,3.35,0.68,23.86,26.9,78.33,7.77,118.84
1983-08,300.02,3.57,0.77,23.62,26.21,82.83,5.08,123.0
1983-09,208.56,2.09,0.27,22.81,25.76,81.15,2.68,87.02
1983-10,79.01,0.74,0.15,18.99,23.64,68.13,0.43,52.59
1983-11,11.2,0.08,0.01,13.27,19.58,56.48,0.0,8.46
1983-12,31.32,0.28,0.07,11.22,17.0,61.25,0.0,24.18
1984-01,25.27,0.21,0.01,10.89,16.56,62.88,0.0,17.82
1984-02,38.76,0.4,0.06,12.16,18.14,55.05,0.0,24.0
1984-03,18.5,0.19,0.01,17.39,24.46,43.14,0.0,13.46
1984-04,36.97,0.3,0.06,21.35,27.89,44.07,1.04,18.31
1984-05,55.32,0.7,0.2,24.51,30.77,44.73,10.0,28.07
1984-06,203.87,2.98,0.63,24.49,28.33,65.98,8.92,93.21
1984-07,246.43,3.04,0.47,23.42,26.25,77.84,3.47,102.13
1984-08,249.19,3.22,0.7,23.12,25.81,79.49,3.17,100.69
1984-09,129.8,1.47,0.28,21.5,25.17,74.53,0.24,78.96
1984-10,49.99,0.37,0.02,18.74,24.05,60.43,0.01,31.54
1984-11,17.93,0.16,0.05,13.63,19.88,53.84,0.0,11.92
1984-12,19.32,0.21,0.02,11.38,17.73,55.06,0.0,15.05
1985-01,24.94,0.22,0.01,11.75,17.26,62.51,0.0,16.98
1985-02,8.07,0.04,0.0,12.52,19.56,44.92,0.0,6.21
1985-03,20.99,0.18,0.03,18.24,25.29,40.88,0.12,11.83
1985-04,29.89,0.27,0.04,21.58,28.09,43.37,1.99,17.65
1985-05,49.43,0.47,0.1,24.03,29.96,46.9,7.7,26.74
1985-06,137.2,1.67,0.31,24.37,28.56,62.49,9.34,66.91
1985-07,273.52,3.51,0.53,23.28,26.15,77.55,2.86,105.54
1985-08,206.03,2.26,0.42,23.0,26.0,78.83,3.46,99.11
1985-09,125.68,1.16,0.15,22.33,25.94,73.67,0.7,55.07
1985-10,96.72,1.15,0.27,18.5,23.33,66.85,0.03,71.03
1985-11,21.53,0.22,0.03,14.1,20.15,57.61,0.0,13.91
1985-12,20.91,0.23,0.04,12.06,18.27,59.14,0.0,13.95
1986-01,19.72,0.2,0.02,10.74,16.64,59.47,0.0,16.12
1986-02,35.98,0.36,0.0,13.36,19.13,58.47,0.0,24.48
1986-03,21.91,0.22,0.01,17.37,24.05,45.21,0.03,11.38
1986-04,41.39,0.46,0.08,21.31,27.86,44.06,1.56,21.21
1986-05,42.06,0.34,0.02,23.11,29.15,48.42,4.83,23.67
1986-06,196.05,2.7,0.62,24.29,28.61,63.31,9.33,108.63
1986-07,261.68,3.47,0.88,23.56,26.52,76.21,4.76,122.36
1986-08,209.79,2.65,0.48,23.01,26.01,77.37,3.49,104.27
1986-09,113.23,1.07,0.18,22.17,26.03,71.57,1.08,54.43
1986-10,58.11,0.58,0.1,18.95,24.26,62.59,0.04,40.34
1986-11,41.5,0.49,0.08,15.39,21.08,59.62,0.0,31.0
1986-12,25.98,0.24,0.02,11.65,17.22,61.65,0.0,18.52
1987-01,16.49,0.12,0.0,11.43,17.21,60.52,0.0,12.39
1987-02,14.65,0.12,0.0,13.57,19.97,51.33,0.0,9.4
1987-03,22.54,0.16,0.0,17.43,23.88,47.26,0.01,12.17
1987-04,36.45,0.45,0.09,21.3,28.01,41.49,1.25,24.88
1987-05,42.43,0.37,0.04,22.91,28.84,48.26,4.68,24.65
1987-06,102.5,1.03,0.21,24.96,29.67,59.05,14.26,47.21
1987-07,188.79,2.36,0.5,24.28,27.71,71.14,8.78,80.94
1987-08,218.58,2.57,0.5,23.89,26.99,76.3,7.53,95.86
1987-09,112.45,1.07,0.16,23.07,26.82,71.77,3.19,55.3
1987-10,73.16,0.7,0.08,19.59,24.59,65.2,0.14,41.29
1987-11,47.18,0.49,0.11,15.15,20.76,61.98,0.0,27.57
1987-12,24.21,0.21,0.02,11.69,17.48,63.51,0.0,17.34
1988-01,6.92,0.03,0.0,11.77,17.78,58.98,0.0,4.02
1988-02,22.87,0.2,0.02,14.21,20.6,51.98,0.01,13.4
1988-03,31.93,0.38,0.08,17.38,24.04,46.3,0.47,19.31
1988-04,37.78,0.28,0.03,21.68,28.09,45.07,1.27,19.97
1988-05,63.09,0.67,0.22,24.74,30.68,47.74,11.65,29.7
1988-06,158.61,1.93,0.37,24.47,28.79,63.35,10.49,86.74
1988-07,370.24,5.0,1.13,23.9,26.4,82.0,6.29,145.11
1988-08,272.62,3.24,0.68,23.47,26.07,82.38,3.89,120.89
1988-09,193.64,1.81,0.3,22.89,26.18,78.81,4.39,90.35
1988-10,42.94,0.45,0.1,18.6,23.95,63.24,0.16,37.54
1988-11,21.2,0.29,0.06,14.26,20.36,56.77,0.0,15.91
1988-12,19.09,0.23,0.03,11.9,17.89,60.78,0.0,20.61
1989-01,13.34,0.17,0.02,9.97,16.26,55.99,0.0,11.0
1989-02,11.97,0.13,0.01,12.15,19.21,45.29,0.0,6.44
1989-03,27.0,0.25,0.01,16.73,23.2,47.37,0.0,16.74
1989-04,27.73,0.35,0.07,20.35,27.51,38.88,1.22,16.62
1989-05,48.87,0.49,0.12,23.82,30.05,45.76,8.48,30.56
1989-06,198.17,2.51,0.53,23.81,27.8,67.45,8.27,94.25
1989-07,313.78,4.17,0.99,23.45,26.41,78.25,5.34,144.4
1989-08,258.71,3.2,0.51,23.13,25.83,80.37,3.47,98.76
1989-09,155.62,1.59,0.15,22.33,25.82,76.3,1.32,70.09
1989-10,49.76,0.44,0.08,18.98,24.45,61.84,0.2,29.02
1989-11,21.96,0.16,0.03,14.68,20.74,58.56,0.0,13.95
1989-12,18.66,0.09,0.0,11.35,17.01,63.31,0.0,16.57
1990-01,12.14,0.12,0.01,11.72,18.18,56.3,0.0,7.71
1990-02,43.29,0.35,0.02,13.74,19.54,58.78,0.0,24.79
1990-03,40.79,0.42,0.06,16.38,22.54,51.46,0.16,25.48
1990-04,45.26,0.54,0.11,20.88,27.5,44.51,1.8,21.65
1990-05,133.38,1.41,0.32,23.65,28.42,60.26,7.81,69.31
1990-06,206.41,2.72,0.53,24.32,28.05,68.07,9.26,105.29
1990-07,299.19,4.3,0.8,23.44,26.06,79.29,3.4,125.62
1990-08,308.89,3.91,0.87,23.41,26.02,81.35,4.47,131.38
1990-09,191.77,2.04,0.27,22.52,25.52,79.95,1.34,80.65
1990-10,99.83,1.16,0.14,18.98,23.57,69.66,0.03,57.97
1990-11,31.63,0.35,0.06,15.41,20.96,62.76,0.0,23.91
1990-12,25.13,0.31,0.06,11.99,17.7,62.79,0.0,20.79
1991-01,13.11,0.06,0.01,10.65,16.59,60.43,0.0,10.65
1991-02,21.44,0.21,0.01,13.8,20.16,52.97,0.0,13.88
1991-03,29.24,0.29,0.01,17.79,24.24,49.36,0.04,18.55
1991-04,47.96,0.51,0.09,20.89,27.2,47.14,1.8,27.51
1991-05,70.2,0.75,0.2,24.33,30.09,49.16,9.72,31.8
1991-06,195.17,2.49,0.59,24.42,28.43,66.65,10.81,98.24
1991-07,286.67,3.9,0.82,24.08,27.07,76.15,8.82,120.38
1991-08,249.83,3.16,0.54,23.29,25.9,80.09,3.76,99.1
1991-09,116.15,1.16,0.13,22.34,26.03,73.56,1.03,62.67
1991-10,57.16,0.48,0.09,18.53,24.0,60.55,0.03,33.0
1991-11,31.93,0.31,0.06,14.54,20.07,61.94,0.0,23.92
1991-12,21.23,0.21,0.0,11.51,17.16,63.71,0.0,18.37
1992-01,20.75,0.26,0.03,10.54,16.71,59.07,0.0,15.57
1992-02,15.72,0.14,0.01,12.16,18.47,54.55,0.0,9.23
1992-03,21.27,0.28,0.03,17.18,23.99,42.98,0.0,10.1
1992-04,23.38,0.16,0.01,20.98,27.63,42.26,0.71,12.43
1992-05,52.45,0.43,0.07,23.4,29.32,48.18,5.41,25.09
1992-06,124.83,1.37,0.36,24.74,29.45,59.05,12.15,71.12
1992-07,251.71,3.23,0.57,23.86,26.97,74.75,5.59,108.22
1992-08,259.52,3.06,0.52,23.3,25.88,81.95,3.94,102.62
1992-09,138.9,1.59,0.28,21.81,25.46,75.27,1.31,86.12
1992-10,52.26,0.5,0.07,19.18,24.04,66.67,0.06,35.38
1992-11,35.05,0.33,0.04,15.18,20.62,63.43,0.0,23.58
1992-12,6.23,0.04,0.0,11.19,17.3,60.67,0.0,4.77
1993-01,13.8,0.12,0.0,10.96,17.0,58.14,0.0,7.87
1993-02,23.84,0.28,0.03,13.38,19.92,50.93,0.0,19.72
1993-03,33.91,0.44,0.05,16.33,22.72,48.46,0.05,24.83
1993-04,30.77,0.26,0.01,20.87,27.45,45.12,1.35,16.71
1993-05,72.16,0.79,0.15,24.22,30.13,49.07,9.09,32.43
1993-06,179.24,2.28,0.47,24.66,28.95,64.05,12.06,89.11
1993-07,293.37,3.92,0.84,23.89,26.81,77.89,7.54,127.09
1993-08,197.7,2.48,0.44,23.54,26.52,76.77,5.0,89.98
1993-09,199.73,2.09,0.34,22.46,25.52,79.36,1.31,87.08
1993-10,86.4,0.59,0.07,19.75,24.42,69.14,0.13,38.22
1993-11,28.09,0.28,0.05,15.14,20.79,62.0,0.0,18.38
1993-12,20.5,0.28,0.06,11.21,17.23,60.94,0.0,15.94
1994-01,27.37,0.24,0.01,11.99,17.73,63.77,0.0,21.02
1994-02,29.59,0.31,0.02,12.98,19.07,57.14,0.0,18.78
1994-03,25.37,0.31,0.06,17.95,24.91,44.95,0.18,15.05
1994-04,49.49,0.41,0.07,20.58,26.83,47.81,1.1,25.81
1994-05,49.55,0.42,0.08,24.3,30.32,47.63,9.97,29.25
1994-06,228.09,3.14,0.66,24.52,28.44,67.11,10.88,105.14
1994-07,342.2,4.5,0.91,23.67,26.13,81.97,5.37,131.81
1994-08,276.41,3.52,0.68,23.35,25.81,82.52,3.92,106.67
1994-09,129.03,1.41,0.27,21.84,25.54,74.09,1.75,86.06
1994-10,83.65,0.7,0.11,18.81,23.86,66.06,0.0,42.86
1994-11,27.31,0.24,0.05,14.89,20.41,63.31,0.0,21.64
1994-12,10.69,0.13,0.01,10.93,17.06,59.17,0.0,6.22
1995-01,38.96,0.5,0.06,10.05,15.96,62.67,0.0,29.69
1995-02,23.15,0.21,0.01,13.21,19.7,54.96,0.0,14.25
1995-03,28.37,0.2,0.01,16.79,23.38,50.04,0.07,18.74
1995-04,32.71,0.27,0.03,20.7,27.64,43.82,1.52,15.36
1995-05,79.28,1.02,0.28,23.91,29.78,49.15,7.1,49.6
1995-06,141.15,1.63,0.36,25.34,30.04,59.93,14.97,74.33
1995-07,300.4,3.87,0.72,24.07,26.91,78.29,7.66,119.17
1995-08,251.27,2.71,0.5,23.65,26.26,81.56,4.2,114.25
1995-09,160.25,1.85,0.43,22.52,26.03,76.61,1.87,98.15
1995-10,80.46,0.59,0.06,19.85,24.54,69.01,0.24,40.73
1995-11,42.43,0.58,0.17,14.84,20.61,61.45,0.0,31.38
1995-12,12.21,0.07,0.0,12.1,17.84,61.8,0.0,8.98
1996-01,22.37,0.21,0.02,11.77,17.33,63.27,0.0,15.45
1996-02,28.37,0.35,0.03,13.63,19.87,55.72,0.0,17.77
1996-03,32.21,0.41,0.07,18.26,24.88,47.69,0.37,17.61
1996-04,34.88,0.27,0.02,20.98,27.57,45.51,2.09,21.0
1996-05,48.17,0.49,0.11,23.93,30.06,46.47,7.84,21.15
1996-06,209.47,2.7,0.77,24.43,28.61,65.27,10.68,125.39
1996-07,283.04,3.52,0.74,23.88,26.83,77.6,7.38,122.2
1996-08,265.41,3.05,0.45,23.2,25.72,82.41,2.95,101.75
1996-09,148.5,1.12,0.1,22.58,25.92,78.04,2.2,67.06
1996-10,88.16,1.03,0.19,18.96,23.65,69.02,0.11,56.84
1996-11,14.8,0.1,0.01,14.19,20.19,60.35,0.0,9.88
1996-12,20.55,0.26,0.05,10.7,16.86,57.68,0.0,13.13
1997-01,19.11,0.12,0.0,10.19,16.09,60.95,0.0,14.26
1997-02,10.95,0.05,0.0,12.0,18.86,49.52,0.0,5.12
1997-03,28.6,0.27,0.02,17.27,23.83,47.88,0.07,19.04
1997-04,44.41,0.26,0.0,19.7,25.82,50.56,0.32,24.2
1997-05,48.5,0.38,0.04,22.83,28.96,49.03,5.04,26.74
1997-06,171.33,1.84,0.39,24.08,28.39,64.92,8.97,89.81
1997-07,311.51,4.18,0.88,24.17,27.02,78.1,8.07,138.46
1997-08,260.96,3.45,0.82,23.37,26.22,79.5,4.11,116.56
1997-09,144.17,1.15,0.21,22.53,25.87,77.7,1.76,71.51
1997-10,57.17,0.24,0.0,18.88,23.36,72.1,0.0,29.55
1997-11,56.7,0.39,0.03,16.48,20.89,72.34,0.0,28.17
1997-12,56.57,0.6,0.08,12.88,17.04,76.6,0.0,38.39
1998-01,20.08,0.14,0.01,11.67,16.99,65.82,0.0,13.22
1998-02,25.78,0.29,0.03,13.71,19.59,58.55,0.01,16.47
1998-03,40.6,0.44,0.05,16.6,22.95,52.92,0.18,22.11
1998-04,37.94,0.31,0.05,21.8,28.03,49.54,2.57,19.82
1998-05,62.26,0.61,0.13,24.74,30.64,50.17,13.32,34.59
1998-06,181.81,2.36,0.55,25.26,29.55,63.3,14.83,101.39
1998-07,280.98,3.84,0.74,24.21,27.04,79.25,8.4,120.73
1998-08,229.52,2.39,0.35,23.97,26.69,81.21,6.49,86.72
1998-09,176.5,1.85,0.23,23.05,26.12,80.53,4.12,86.45
1998-10,103.67,1.03,0.22,20.54,24.55,74.71,1.23,63.61
1998-11,37.74,0.39,0.05,15.85,20.96,67.52,0.0,27.11
1998-12,9.84,0.12,0.01,11.22,17.34,62.14,0.0,7.02
1999-01,13.24,0.11,0.0,10.37,16.38,61.98,0.0,7.73
1999-02,14.79,0.08,0.0,14.45,20.61,57.3,0.0,10.47
1999-03,12.77,0.14,0.01,17.54,24.67,43.11,0.18,7.67
1999-04,19.3,0.18,0.02,21.79,28.93,40.57,2.98,11.52
1999-05,98.16,1.07,0.19,23.96,29.14,56.02,7.64,46.53
1999-06,179.99,2.44,0.57,24.0,28.0,67.4,8.56,96.12
1999-07,273.5,3.67,0.75,23.87,26.8,77.32,6.49,114.58
1999-08,206.68,2.42,0.39,23.32,26.17,79.16,3.74,86.49
1999-09,154.9,1.31,0.18,22.76,25.96,77.63,1.87,72.66
1999-10,98.55,0.74,0.11,19.83,24.21,71.77,0.04,50.81
1999-11,16.45,0.14,0.02,15.0,20.88,59.99,0.0,12.95
1999-12,4.93,0.02,0.0,11.37,17.34,61.14,0.0,3.47
2000-01,14.18,0.11,0.01,11.21,17.32,59.22,0.0,9.06
2000-02,28.91,0.24,0.01,12.59,18.51,58.26,0.0,18.39
2000-03,16.83,0.15,0.01,16.25,23.31,44.15,0.0,9.13
2000-04,35.8,0.35,0.07,21.91,28.54,44.98,2.86,18.88
2000-05,92.09,0.86,0.18,24.2,29.36,56.78,10.6,46.69
2000-06,206.53,2.78,0.55,24.21,27.9,70.02,9.19,95.86
2000-07,267.14,3.41,0.65,23.64,26.46,78.94,5.43,121.68
2000-08,229.4,2.73,0.46,23.5,26.38,79.24,5.2,97.4
2000-09,124.18,1.18,0.22,22.32,25.99,74.42,1.19,66.25
2000-10,45.06,0.36,0.06,19.77,25.18,62.15,0.26,25.16
2000-11,13.98,0.11,0.03,15.4,21.36,58.36,0.0,8.9
2000-12,11.27,0.09,0.02,10.8,17.35,54.72,0.0,12.04
2001-01,6.43,0.02,0.0,10.56,16.74,57.08,0.0,4.68
2001-02,10.84,0.08,0.0,13.25,20.29,48.86,0.0,7.55
2001-03,20.42,0.12,0.0,17.22,23.91,46.67,0.36,11.94
2001-04,43.71,0.37,0.06,21.08,27.4,47.47,1.49,27.33
2001-05,64.23,0.58,0.11,24.34,29.79,53.29,10.57,32.89
2001-06,241.21,3.11,0.54,23.99,27.42,72.38,7.6,116.52
2001-07,280.8,3.5,0.72,23.83,26.45,80.37,5.66,115.74
2001-08,205.63,2.1,0.28,23.52,26.34,79.88,5.84,86.94
2001-09,108.25,0.88,0.08,22.6,26.56,72.17,2.47,54.48
2001-10,96.61,0.88,0.15,20.05,24.73,68.92,0.3,59.84
2001-11,24.31,0.19,0.02,15.59,21.24,60.64,0.0,15.75
2001-12,11.27,0.1,0.01,11.69,17.7,60.55,0.0,7.85
2002-01,19.78,0.12,0.0,11.07,16.89,61.42,0.0,15.78
2002-02,22.69,0.27,0.02,13.62,19.87,55.29,0.0,18.09
2002-03,19.28,0.18,0.02,17.69,24.45,46.28,0.23,13.26
2002-04,36.25,0.35,0.04,21.85,28.42,45.48,2.74,17.11
2002-05,63.44,0.63,0.1,24.6,30.24,51.64,12.45,28.32
2002-06,191.37,2.2,0.54,24.61,28.65,67.1,12.73,102.2
2002-07,146.88,1.68,0.3,24.65,28.02,69.95,9.39,64.34
2002-08,275.41,3.5,0.66,23.51,26.22,79.95,5.19,114.89
2002-09,131.54,1.61,0.21,22.11,25.91,73.76,1.6,75.29
2002-10,62.49,0.61,0.06,19.55,24.78,63.68,0.25,36.13
2002-11,23.38,0.23,0.04,15.17,21.07,59.23,0.0,16.48
2002-12,11.71,0.06,0.01,12.33,18.42,59.82,0.0,10.39
2003-01,12.42,0.1,0.0,10.83,16.73,60.74,0.0,12.9
2003-02,36.58,0.39,0.09,14.47,20.21,60.24,0.0,26.27
2003-03,30.58,0.26,0.03,17.22,23.75,48.85,0.06,20.09
2003-04,35.94,0.32,0.02,21.83,28.35,45.84,2.34,17.68
2003-05,32.17,0.34,0.04,23.96,30.23,44.46,8.55,16.58
2003-06,188.59,2.52,0.44,24.93,29.23,63.64,13.53,89.39
2003-07,321.79,4.13,0.68,23.89,26.69,80.56,6.91,116.54
2003-08,251.7,2.72,0.46,23.7,26.34,81.4,6.02,103.2
2003-09,185.81,1.91,0.24,22.76,25.79,79.2,2.08,76.58
2003-10,95.35,1.15,0.2,19.37,24.25,67.62,0.1,50.68
2003-11,16.45,0.15,0.02,15.05,20.82,61.85,0.0,10.12
2003-12,22.58,0.21,0.06,11.83,17.47,63.78,0.0,17.56
2004-01,26.17,0.21,0.0,11.4,16.82,65.87,0.0,16.18
2004-02,7.61,0.05,0.0,13.18,19.83,52.43,0.0,7.05
2004-03,15.12,0.13,0.02,18.47,25.67,42.91,0.21,11.37
2004-04,55.86,0.57,0.15,22.3,28.47,48.02,2.58,32.15
2004-05,73.74,0.8,0.12,24.13,29.52,53.04,10.39,42.03
2004-06,174.37,2.16,0.54,24.21,28.21,66.73,9.44,96.64
2004-07,254.94,3.25,0.53,23.95,27.07,75.28,7.38,105.23
2004-08,254.93,3.06,0.61,23.41,26.11,80.25,5.32,110.02
2004-09,129.4,1.16,0.12,22.78,26.4,74.78,2.83,59.36
2004-10,89.36,0.91,0.16,18.72,23.46,68.97,0.08,56.87
2004-11,19.88,0.14,0.01,14.93,20.81,60.24,0.0,12.89
2004-12,8.09,0.08,0.01,12.07,18.03,61.16,0.0,5.73
2005-01,31.59,0.27,0.01,11.35,16.93,63.19,0.0,21.94
2005-02,26.87,0.3,0.02,13.98,20.07,56.25,0.0,20.77
2005-03,35.6,0.38,0.03,18.3,24.52,51.28,0.37,20.36
2005-04,38.09,0.31,0.03,20.82,27.42,44.52,1.64,23.1
2005-05,43.43,0.32,0.03,23.74,29.73,47.92,7.58,21.39
2005-06,144.92,1.79,0.4,25.32,29.95,58.67,14.23,94.6
2005-07,314.91,4.27,0.85,23.97,26.7,79.53,6.8,142.57
2005-08,178.44,2.09,0.39,23.57,26.57,77.61,5.74,94.63
2005-09,203.54,2.42,0.52,22.93,26.09,78.81,4.07,98.01
2005-10,104.52,1.17,0.18,19.65,24.25,68.82,0.08,52.83
2005-11,26.16,0.31,0.06,14.13,20.22,59.64,0.0,15.16
2005-12,12.94,0.11,0.01,10.86,17.04,59.33,0.0,8.75
2006-01,12.5,0.16,0.03,11.01,17.41,56.37,0.0,8.15
2006-02,10.41,0.11,0.02,15.02,21.99,49.54,0.0,6.1
2006-03,38.81,0.32,0.02,17.31,23.6,51.6,0.06,25.3
2006-04,34.98,0.43,0.04,21.44,27.88,46.31,1.97,21.74
2006-05,87.74,0.91,0.18,24.34,29.68,55.47,11.22,58.16
2006-06,152.79,1.77,0.25,24.44,28.54,65.57,10.26,83.55
2006-07,299.47,4.13,1.01,24.23,26.98,77.93,7.68,129.45
2006-08,287.48,3.71,0.98,23.48,26.13,80.55,4.84,132.6
2006-09,158.75,1.81,0.31,22.7,26.16,77.31,3.45,86.18
2006-10,49.25,0.35,0.05,20.08,24.91,67.38,0.73,31.98
2006-11,41.35,0.23,0.02,16.09,21.15,66.89,0.0,21.59
2006-12,10.92,0.1,0.02,12.31,18.03,63.52,0.0,7.68
2007-01,3.79,0.02,0.0,11.05,17.29,57.35,0.0,2.73
2007-02,41.68,0.51,0.05,14.19,19.98,59.82,0.0,27.69
2007-03,24.11,0.29,0.04,17.16,23.7,49.99,0.06,17.8
2007-04,37.72,0.38,0.07,22.16,28.51,46.44,1.57,19.06
2007-05,50.11,0.33,0.04,24.48,30.02,51.43,9.37,23.45
2007-06,238.78,2.97,0.73,24.9,28.83,67.93,13.29,128.54
2007-07,302.26,3.92,0.9,24.19,26.98,78.57,7.8,136.3
2007-08,280.12,3.45,0.68,23.75,26.48,80.5,5.96,122.29
2007-09,218.9,2.6,0.46,22.9,26.04,79.34,3.96,101.3
2007-10,69.47,0.79,0.12,18.89,24.22,62.8,0.43,39.81
2007-11,17.33,0.1,0.01,15.18,21.12,60.79,0.0,15.04
2007-12,17.05,0.18,0.05,12.04,17.79,61.74,0.0,12.5
2008-01,23.35,0.3,0.03,10.93,16.87,58.1,0.0,15.06
2008-02,20.14,0.12,0.0,12.24,18.56,54.16,0.0,13.89
2008-03,51.89,0.56,0.06,18.05,24.4,50.5,0.01,31.35
2008-04,30.8,0.24,0.03,21.14,27.72,46.6,1.71,19.61
2008-05,49.71,0.34,0.01,23.92,29.54,50.71,5.99,23.88
2008-06,249.9,3.36,0.53,24.22,27.57,72.29,7.47,103.12
2008-07,275.45,3.66,0.59,24.07,26.91,77.79,6.16,115.49
2008-08,283.57,3.68,0.6,23.46,26.1,81.61,3.99,119.54
2008-09,174.66,1.82,0.38,22.34,25.84,77.17,2.95,94.96
2008-10,60.16,0.46,0.07,19.53,24.7,65.57,0.42,33.82
2008-11,36.49,0.4,0.12,15.47,21.23,61.72,0.0,26.1
2008-12,11.23,0.1,0.01,13.21,18.79,65.13,0.0,10.07
2009-01,11.84,0.09,0.0,12.57,18.33,62.39,0.0,7.2
2009-02,11.24,0.13,0.01,14.46,21.16,50.72,0.0,6.54
2009-03,19.31,0.12,0.02,17.92,24.72,45.27,0.03,11.83
2009-04,23.16,0.2,0.02,21.68,28.57,41.31,2.09,12.95
2009-05,64.78,0.63,0.11,24.21,29.95,50.76,9.89,31.85
2009-06,100.26,1.09,0.16,25.04,29.87,57.25,13.25,64.24
2009-07,322.41,4.59,1.08,24.24,27.15,77.23,8.86,127.88
2009-08,228.22,3.0,0.42,24.02,26.99,76.99,6.82,99.7
2009-09,173.31,2.18,0.44,23.1,26.68,74.92,4.37,106.8
2009-10,81.27,1.05,0.25,19.32,24.44,62.96,0.57,81.32
2009-11,66.03,0.76,0.11,15.88,20.86,66.56,0.0,41.69
2009-12,17.56,0.11,0.02,12.77,18.14,64.74,0.0,12.28
2010-01,11.85,0.05,0.0,11.13,16.79,63.76,0.0,10.14
2010-02,17.42,0.18,0.05,14.33,20.55,55.07,0.01,13.15
2010-03,20.16,0.25,0.07,19.45,26.11,46.13,0.52,14.49
2010-04,43.17,0.5,0.15,23.35,29.8,43.31,5.53,22.93
2010-05,69.58,0.84,0.17,25.18,30.83,49.65,13.95,35.68
2010-06,159.64,2.08,0.45,25.13,29.44,62.36,14.31,79.1
2010-07,341.11,4.77,0.87,24.13,26.88,80.39,8.97,124.91
2010-08,299.68,3.66,0.54,24.03,26.54,83.09,7.3,116.15
2010-09,209.0,2.24,0.31,22.74,25.84,80.18,2.65,95.24
2010-10,85.82,0.77,0.1,20.46,24.83,70.15,0.43,45.18
2010-11,66.88,0.54,0.05,17.12,21.62,72.65,0.0,35.0
2010-12,31.42,0.45,0.05,11.53,17.09,65.67,0.0,30.21
2011-01,8.22,0.06,0.0,9.86,16.08,59.16,0.0,5.28
2011-02,25.2,0.27,0.02,13.63,19.76,57.36,0.0,16.65
2011-03,20.15,0.23,0.02,17.57,24.33,47.34,0.03,12.2
2011-04,41.9,0.33,0.03,20.87,27.03,48.9,0.76,23.68
2011-05,54.87,0.51,0.09,24.47,29.95,52.3,10.82,28.66
2011-06,204.43,2.75,0.63,24.52,28.29,68.1,11.17,102.59
2011-07,280.75,3.59,0.56,24.03,26.88,79.09,7.95,104.31
2011-08,340.71,4.72,0.83,23.75,26.2,83.22,5.54,134.3
2011-09,199.31,2.53,0.39,22.86,25.88,79.67,2.51,96.64
2011-10,47.66,0.29,0.01,19.82,24.81,65.26,0.38,22.68
2011-11,19.26,0.19,0.02,15.88,21.53,62.53,0.0,11.23
2011-12,12.3,0.14,0.01,11.86,17.76,61.99,0.0,12.82
2012-01,23.87,0.21,0.01,10.84,16.37,63.55,0.0,13.96
2012-02,14.32,0.15,0.0,12.93,19.53,50.82,0.0,8.18
2012-03,12.98,0.09,0.01,16.86,24.02,43.23,0.04,7.25
2012-04,42.19,0.42,0.04,21.77,27.88,48.38,2.09,20.25
2012-05,31.64,0.22,0.03,24.35,30.35,46.42,9.13,20.09
2012-06,125.81,1.66,0.41,25.42,29.81,58.68,13.84,67.98
2012-07,285.18,3.96,0.64,24.27,27.13,77.18,8.6,104.59
2012-08,295.83,3.71,0.69,23.75,26.29,81.35,5.38,115.84
2012-09,194.72,2.2,0.35,22.89,26.01,78.88,3.09,99.87
2012-10,67.2,0.81,0.15,19.06,24.16,65.07,0.3,46.02
2012-11,29.1,0.34,0.06,14.77,20.46,62.76,0.0,31.31
2012-12,13.85,0.13,0.02,12.19,17.86,63.27,0.0,10.09
2013-01,12.54,0.16,0.03,10.63,16.59,60.61,0.0,10.88
2013-02,40.41,0.53,0.04,13.98,19.81,60.09,0.0,24.95
2013-03,16.21,0.11,0.0,17.69,24.36,48.19,0.23,9.37
2013-04,32.95,0.27,0.02,21.41,27.75,47.64,2.62,21.21
2013-05,61.65,0.78,0.18,24.71,30.53,48.23,11.88,34.35
2013-06,259.35,3.75,0.77,24.34,27.82,72.46,10.61,118.21
2013-07,346.35,5.04,0.96,23.96,26.43,81.66,7.54,124.45
2013-08,258.1,3.27,0.47,23.52,26.02,82.44,4.51,108.35
2013-09,170.72,1.9,0.24,22.96,26.3,77.39,3.91,86.61
2013-10,132.91,1.59,0.3,20.55,24.41,75.35,0.44,72.17
2013-11,15.24,0.08,0.01,14.66,20.21,64.62,0.0,9.42
2013-12,9.75,0.06,0.0,11.65,17.35,64.2,0.0,7.58
2014-01,20.38,0.26,0.01,11.61,16.82,67.28,0.0,13.71
2014-02,34.52,0.33,0.01,13.14,18.88,60.77,0.0,22.28
2014-03,27.44,0.24,0.01,17.2,23.32,54.19,0.09,20.46
2014-04,19.81,0.09,0.0,21.21,27.86,45.66,2.24,11.02
2014-05,66.6,0.8,0.17,23.87,29.54,51.38,7.13,40.44
2014-06,101.54,1.24,0.19,25.58,30.18,59.43,16.19,52.84
2014-07,297.46,4.23,0.86,24.53,27.47,75.66,10.0,123.99
2014-08,249.9,3.27,0.62,23.92,26.82,78.49,7.2,117.03
2014-09,171.2,2.05,0.4,22.85,26.13,77.54,2.78,101.13
2014-10,72.49,0.7,0.18,20.36,24.91,68.37,0.54,42.26
2014-11,21.94,0.2,0.03,15.83,21.3,62.64,0.0,15.05
2014-12,24.37,0.23,0.02,11.82,17.13,65.44,0.0,18.44
2015-01,22.1,0.14,0.0,11.42,16.53,67.82,0.0,18.79
2015-02,25.62,0.27,0.02,14.58,20.48,58.02,0.0,25.8
2015-03,48.43,0.59,0.05,17.99,23.54,56.65,0.09,34.26
2015-04,67.0,0.63,0.06,21.62,26.99,55.41,2.34,36.45
2015-05,54.23,0.47,0.05,24.88,30.38,51.64,13.13,26.44
2015-06,203.17,2.68,0.57,24.75,28.58,67.36,12.08,98.79
2015-07,275.75,3.84,0.84,24.58,27.51,76.29,9.54,120.67
2015-08,210.13,2.31,0.39,24.16,26.93,79.16,7.62,88.79
2015-09,138.72,1.74,0.34,23.25,26.94,73.14,5.34,80.73
2015-10,49.63,0.45,0.03,20.65,25.55,65.15,0.97,31.43
2015-11,48.15,0.52,0.14,17.07,22.02,65.55,0.0,25.41
2015-12,19.22,0.17,0.03,12.79,18.23,63.43,0.0,14.61
2016-01,11.73,0.06,0.0,12.06,17.7,62.69,0.0,8.48
2016-02,15.02,0.12,0.01,15.32,21.19,55.99,0.02,10.83
2016-03,27.57,0.22,0.01,19.4,25.32,51.9,0.85,15.8
2016-04,36.5,0.47,0.13,23.51,29.58,45.31,6.05,16.69
2016-05,69.82,0.7,0.16,25.13,30.34,53.56,14.6,35.52
2016-06,180.86,2.25,0.32,25.62,29.45,66.56,16.42,84.06
2016-07,343.97,4.91,0.92,24.49,26.92,80.78,8.54,136.26
2016-08,264.26,3.42,0.61,24.14,26.7,80.71,7.46,111.15
2016-09,182.18,2.12,0.21,23.42,26.46,77.93,4.49,74.4
2016-10,64.96,0.63,0.05,20.32,24.98,67.69,1.68,47.83
2016-11,11.63,0.1,0.02,15.12,21.1,59.99,0.0,10.4
2016-12,11.0,0.09,0.03,12.67,18.49,63.6,0.0,7.92
2017-01,24.44,0.32,0.03,11.85,17.44,64.14,0.0,15.55
2017-02,10.98,0.12,0.01,14.44,20.81,53.43,0.0,7.09
2017-03,31.81,0.29,0.04,18.12,24.34,49.49,0.48,20.82
2017-04,38.32,0.47,0.11,22.77,29.03,44.67,4.03,21.32
2017-05,53.58,0.41,0.07,25.23,30.63,51.52,14.63,26.62
2017-06,196.29,2.48,0.33,25.0,28.84,68.37,13.84,93.34
2017-07,311.9,4.28,0.99,24.48,27.05,79.87,8.74,137.29
2017-08,241.05,2.73,0.38,24.27,26.88,80.74,7.96,96.13
2017-09,169.76,1.81,0.23,23.62,26.88,77.87,6.69,78.49
2017-10,88.82,0.81,0.12,20.87,25.5,68.33,1.6,46.32
2017-11,26.75,0.28,0.06,15.75,21.08,64.08,0.0,18.82
2017-12,16.15,0.19,0.04,12.69,18.12,64.0,0.0,16.21
2018-01,5.06,0.02,0.0,11.02,17.13,59.56,0.0,4.17
2018-02,13.57,0.09,0.0,14.57,20.71,54.32,0.0,9.61
2018-03,18.49,0.15,0.01,18.67,25.1,47.01,0.35,11.76
2018-04,36.45,0.23,0.01,22.41,28.29,48.62,3.11,18.02
2018-05,61.93,0.58,0.06,24.9,30.31,51.97,13.84,29.38
2018-06,172.8,2.09,0.31,25.36,29.2,66.16,15.01,85.9
2018-07,316.9,4.73,0.77,24.57,27.06,79.76,9.07,126.17
2018-08,271.5,3.61,0.59,24.16,26.57,80.86,7.1,107.63
2018-09,134.11,1.45,0.26,22.85,26.29,75.46,3.35,73.71
2018-10,42.93,0.42,0.1,19.54,24.82,62.51,0.4,28.6
2018-11,23.11,0.24,0.03,15.87,21.49,61.7,0.0,12.25
2018-12,18.82,0.22,0.04,11.72,17.23,63.3,0.0,15.19
2019-01,21.44,0.22,0.01,10.77,16.65,61.28,0.0,14.18
2019-02,32.87,0.34,0.03,14.04,19.8,58.49,0.02,17.19
2019-03,19.59,0.12,0.01,17.9,23.96,50.82,0.38,11.33
2019-04,32.76,0.22,0.02,22.77,28.81,48.12,4.11,20.93
2019-05,45.06,0.42,0.11,24.96,30.6,48.55,12.15,23.27
2019-06,123.33,1.39,0.22,25.81,30.24,61.13,18.12,68.87
2019-07,309.12,4.56,0.94,24.75,27.58,76.97,11.24,137.45
2019-08,322.19,4.26,0.94,24.21,26.73,81.77,8.55,129.26
2019-09,281.71,3.64,0.58,23.63,26.28,81.97,6.07,113.16
2019-10,129.52,1.13,0.15,20.63,24.42,75.66,0.27,61.26
2019-11,36.32,0.29,0.03,17.17,21.68,72.18,0.01,25.5
2019-12,25.4,0.26,0.01,12.59,17.07,71.67,0.0,21.36
2020-01,36.12,0.34,0.01,11.88,16.82,70.42,0.0,23.83
2020-02,19.71,0.14,0.01,13.76,19.47,60.28,0.0,14.41
2020-03,39.33,0.32,0.02,17.83,23.25,59.26,0.13,20.94
2020-04,38.98,0.3,0.02,21.77,27.59,51.76,2.55,21.95
2020-05,60.25,0.57,0.15,24.36,29.77,54.69,11.8,37.1
2020-06,200.11,2.53,0.41,24.72,28.2,72.1,11.73,80.76
2020-07,270.25,3.33,0.5,24.71,27.57,79.37,11.72,97.05
2020-08,331.12,4.52,0.97,24.43,26.83,82.9,9.2,127.95
2020-09,182.14,1.95,0.33,23.88,26.98,78.87,8.64,82.03
2020-10,88.79,0.96,0.15,20.84,25.34,68.67,1.65,52.62
2020-11,30.22,0.31,0.07,15.53,20.86,64.72,0.01,20.51
2020-12,24.1,0.29,0.06,12.3,17.65,66.26,0.0,17.1
2021-01,22.63,0.24,0.03,12.36,17.59,67.22,0.0,17.14
2021-02,8.05,0.03,0.0,13.99,20.32,55.57,0.0,6.35
2021-03,14.15,0.11,0.0,18.62,25.14,48.09,0.21,8.18
2021-04,27.49,0.17,0.01,21.58,27.9,45.58,2.07,15.4
2021-05,103.0,1.09,0.26,23.73,28.41,60.07,7.58,56.74
2021-06,172.06,2.25,0.32,24.38,27.93,71.42,10.32,77.58
2021-07,284.75,3.92,0.84,24.67,27.46,78.48,10.94,127.56
2021-08,199.83,2.42,0.37,24.18,26.94,79.28,8.03,91.15
2021-09,231.81,2.66,0.49,23.65,26.35,82.2,5.86,97.44
2021-10,97.98,1.08,0.21,20.83,25.01,72.22,2.53,57.69
2021-11,61.57,0.71,0.1,16.06,20.89,68.76,0.0,30.77
2021-12,25.3,0.27,0.05,12.61,17.56,69.55,0.0,21.39
2022-01,39.23,0.37,0.03,11.74,16.47,71.87,0.0,27.5
2022-02,18.99,0.2,0.01,13.32,19.27,59.31,0.0,12.27
2022-03,7.38,0.04,0.0,19.16,25.56,49.4,0.82,5.79
2022-04,31.12,0.34,0.06,23.23,29.41,47.32,4.99,14.94
2022-05,73.59,0.82,0.19,24.96,29.99,55.64,13.51,39.23
2022-06,149.11,1.65,0.3,25.24,29.34,64.27,13.82,77.79
2022-07,342.01,4.81,0.95,24.48,26.98,82.24,9.6,133.15
2022-08,276.99,3.74,0.84,24.09,26.73,82.04,8.26,115.25
2022-09,193.43,2.44,0.31,23.4,26.42,80.16,5.68,94.21
2022-10,112.36,1.2,0.16,19.94,24.24,72.35,0.51,64.72
2022-11,19.49,0.18,0.03,15.28,20.77,64.6,0.0,11.1
2022-12,18.32,0.16,0.02,13.01,18.43,66.47,0.0,14.54
2023-01,14.89,0.13,0.01,11.47,16.91,65.97,0.0,8.75
2023-02,7.89,0.06,0.0,14.25,20.95,52.99,0.0,4.98
2023-03,41.98,0.29,0.02,18.07,23.75,55.7,0.27,26.79
2023-04,38.28,0.25,0.01,21.2,27.08,50.41,1.59,31.18
2023-05,57.13,0.48,0.03,23.33,28.75,55.81,7.92,37.14
2023-06,158.89,2.13,0.5,25.3,29.44,63.99,14.57,104.76
2023-07,333.8,4.68,0.87,24.7,27.25,81.8,12.01,142.67
2023-08,170.24,2.24,0.5,24.36,27.22,78.2,8.58,79.29
2023-09,213.64,2.69,0.41,23.84,26.9,78.92,7.73,96.53
2023-10,46.93,0.58,0.08,20.39,25.18,67.04,1.2,40.35
2023-11,48.29,0.55,0.09,17.08,21.88,68.68,0.0,30.13
2023-12,28.78,0.32,0.09,13.59,18.42,70.68,0.02,26.5
